"baseMean","log2FoldChange","lfcSE","pvalue","padj"
998.836295686365,4.55761669310477,0.186055038448479,8.51254088752583e-136,7.32035953622784e-132
495.970866947847,3.27924529667493,0.132694392827029,5.23980071102941e-136,7.32035953622784e-132
3414.35250143826,2.93523723382942,0.122987950061616,4.57493889166763e-128,2.62281246659306e-124
12725.5483446414,3.75291821526525,0.158545259772862,2.81924131545053e-127,1.21220328461084e-123
2344.741806848,3.34052918813319,0.143665499810358,3.23875717198081e-122,1.11406769201796e-118
12309.0438683843,3.71444293009507,0.169282106300162,7.17546567236237e-110,2.05684723498267e-106
3014.4054257626,1.96758758350004,0.0912870300445633,2.52705265190654e-104,6.20896836573438e-101
5401.52919649821,2.02710991160961,0.0959515425319597,1.9008635706972e-100,4.08661906905265e-97
3661.03493050943,2.1965946733888,0.107006193234976,1.81110693143694e-95,3.461025345976e-92
30361.9266493912,2.33317650545209,0.117918163537201,6.43771242902331e-89,1.10722216066772e-85
1225.31755701509,2.21681955888861,0.113715938488332,4.68072127753262e-86,6.81968933098023e-83
1101.38949140574,1.88076890839148,0.0963508546585529,4.75819942855763e-86,6.81968933098023e-83
509.128457839925,-3.67535338716445,0.191226049216827,1.06690366205652e-84,1.41151354490078e-81
5518.74001305685,2.18104525243735,0.113299754487185,3.20126668335474e-84,3.67057237913454e-81
777.618872082476,3.17533843198902,0.165527844411858,3.13721031253235e-84,3.67057237913454e-81
562.04491384198,4.43374069820321,0.237006177855962,1.13173835898365e-80,1.21654800225999e-77
2654.93588434144,-2.51398966360707,0.136268688946805,4.61502071251266e-78,4.66904360202972e-75
1367.56703569229,-1.80472069984982,0.101041884715362,1.07895025208285e-72,1.03093696586517e-69
2060.35693212781,2.89930892848128,0.16402923116404,2.36813089527014e-72,2.14365701409217e-69
314.349923444062,-2.74099494335545,0.153873638218149,3.52186345088584e-72,3.02862647458928e-69
25180.2998964898,-1.89982935677328,0.107729958364239,3.17538974488779e-71,2.6006442010631e-68
886.464850413302,-1.74749267243733,0.100197646784597,3.1078294047516e-69,2.42961626965104e-66
671.224041765585,1.88580570284098,0.108756788094076,1.44364927104502e-68,1.07953581794362e-65
1219.96089854804,-2.17531013896845,0.12669619008619,1.64291364957593e-67,1.17735299412735e-64
1041.82976277099,1.97428599043865,0.115519570690711,6.71603992430865e-67,4.62036682632738e-64
8580.29129170707,2.24206555909739,0.132798075275157,6.11672399338567e-66,4.04621292162462e-63
1283.73777067204,-2.3957654324131,0.142207690867964,1.1093511271135e-65,7.06656667971301e-63
1469.83119653162,1.5079860450651,0.0889276742968774,1.16442112033805e-65,7.15245673167646e-63
1971.36937634418,2.30450231642606,0.137141195243419,3.8655511454602e-65,2.29253841899207e-62
11210.2327160418,1.43604630655181,0.0860068560900352,6.68398694210538e-64,3.83192971390901e-61
8024.7976840304,1.72448512722632,0.104761831928817,7.16748221218473e-63,3.97656537314081e-60
3237.33928534783,2.40658664842095,0.1466705151211,1.79024864201939e-62,9.62202699815357e-60
419.036405393712,3.42291493793403,0.209523573960847,5.37496519560825e-62,2.8013341333111e-59
7442.65445940267,2.17241560777267,0.136777027712453,1.77577283897928e-58,8.9827991345896e-56
334.027914985644,-3.0192186768599,0.190379862931423,5.2395627960693e-58,2.57472115798846e-55
2131.52931228582,1.80143780740777,0.114959187980937,9.92602127627031e-57,4.74215666473814e-54
945.172570556691,2.27027582605205,0.14601192361643,4.46827403030264e-56,2.07702283911284e-53
5038.37329643745,1.91360428564333,0.124195728217542,4.56870123627202e-55,2.0678182253327e-52
3707.38629372524,1.45348527873086,0.0944710824607197,1.29228961502575e-54,5.69899720226358e-52
847.55061612767,2.72573042131851,0.183826757778335,6.65045686536574e-52,2.85953019068563e-49
364.492339461011,2.40470149331361,0.161218819963467,7.29857576553861e-52,3.06166352662191e-49
167.777694782853,2.91800683227213,0.195171967975995,8.57921320972019e-52,3.4314857673018e-49
17207.7903795983,2.0119908020296,0.135321906342524,8.54987148614862e-52,3.4314857673018e-49
757.855733956584,-1.56428182778706,0.104586083587589,1.6259825732336e-51,6.35574415387379e-49
530.669123464864,2.69413030669875,0.182042664837254,2.49663380010951e-51,9.54213438401855e-49
449.459316058619,2.43659245267786,0.164446889434804,3.34959739905574e-51,1.25238534057304e-48
101171.204153438,-1.2960903152167,0.0872843288401169,5.31139975106019e-51,1.94363328337201e-48
2240.04981649941,1.84074124566295,0.124716281762271,7.77662669292851e-51,2.78646255190995e-48
2021.76393039505,-1.23135239937777,0.0831547077411215,1.08508479403028e-50,3.80864762704629e-48
2742.04408470228,1.3690845747889,0.0932312463149884,2.07659308312567e-50,7.14306488733568e-48
800.971681062801,-2.48615067691583,0.170970824304328,5.52832449888499e-50,1.86434613835927e-47
5405.32995510231,1.19051608251365,0.0814355816172305,1.77863567894546e-49,5.8828375081121e-47
159.901383953523,4.78782004593946,0.328332475703576,3.40845670307003e-49,1.10607635539814e-46
197.414518674893,2.50644468847073,0.172274318993604,4.26547667882925e-49,1.35855432220712e-46
741.884962411023,-2.10670621114406,0.146128240189067,9.41421421192015e-49,2.94391036783299e-46
3060.77107617681,1.52311859855399,0.105543808945373,1.4194768486875e-48,4.35956827153149e-46
371.34111196302,-2.17810969837293,0.1517240133342,3.92878366550726e-48,1.1854587765449e-45
3087.31912620913,2.60486954102543,0.18409232067471,6.91694754259198e-48,2.05111346181103e-45
628.478421622167,2.30479129057532,0.16161258590889,9.25309106805267e-48,2.69735446236335e-45
1600.15858101577,1.89590918073305,0.132890814847941,1.14664178357381e-47,3.28684867261433e-45
1359.98198570612,1.49156131427429,0.104360199250558,1.57891002343526e-47,4.45174975296115e-45
2759.93033551282,-1.81843270454301,0.129219265824372,1.74768496698399e-46,4.848134475348e-44
1923.66540807092,1.55152060950528,0.110915519880879,9.09237746011216e-46,2.48221904661062e-43
1249.55734285834,1.36724180693121,0.097991627439382,2.22397821681023e-45,5.97659396108112e-43
1634.01756046095,1.53191081752795,0.1103384990922,4.34150565835844e-45,1.14876239720164e-42
436.729285853603,-2.52822635403701,0.183872123599836,7.09060185715892e-45,1.84774638395873e-42
230.096656145414,-2.2092387334226,0.159751432557169,9.52002915427209e-45,2.44380569290038e-42
12776.7931125587,1.35340250925944,0.0996115918704324,3.06360547769526e-43,7.74866920748247e-41
231.948469053589,2.8647205240882,0.212579210003658,3.14221277866352e-43,7.83230689568606e-41
2911.90201643449,-1.79021830210614,0.132523629806533,3.72824511828993e-43,9.16029825563836e-41
4624.49124830669,-1.1410796309276,0.0844006954722718,9.37944970326349e-43,2.27207261192153e-40
385.649573663505,7.2716193614094,0.543866167360896,9.56364183403458e-43,2.28451494310501e-40
2029.96583563814,1.90591763338831,0.14216937091317,1.41701151431302e-42,3.33851794995474e-40
387.085528658502,-2.3502310942587,0.175988716080228,2.25530823501163e-42,5.24176301810339e-40
451.771397405909,-1.84781607209755,0.138431444835997,4.15010885714621e-42,9.5170296312077e-40
678.713915920672,-1.84534934457808,0.138312222097267,5.21529293157753e-42,1.18023451487108e-39
3892.45643121619,2.224462080211,0.168083943583472,5.56565480244828e-42,1.24316489541958e-39
8033.46560962925,-0.99994998997248,0.0745961787852558,6.18502401700658e-42,1.36379779574995e-39
1807.83166109998,1.24817395358706,0.0936652815688262,1.26417326653554e-41,2.7522172166006e-39
679.998179511399,2.20322337016799,0.16665620247138,1.38244893016128e-41,2.97209239373049e-39
1462.44810443577,1.58152147270042,0.120059969851595,4.07641025256897e-41,8.65557776962144e-39
1966.12350299322,1.4815631664009,0.112404935009594,5.09667531282617e-41,1.0689965695768e-38
554.981593361796,2.18807982754703,0.167484019729652,5.36110524810442e-41,1.11091143568853e-38
4916.45320793679,1.17153480330953,0.0888035920134015,7.53294312505504e-41,1.54237010485502e-38
245.03690687497,-2.85189067646818,0.218694558904338,1.67539595676097e-40,3.39001588945082e-38
1977.92435781335,2.10012644792656,0.162933032971721,7.56384169906843e-40,1.51268038816602e-37
8459.98619060598,2.12269134281697,0.165448559650845,1.37998246212828e-39,2.72808257082119e-37
12615.4545701322,1.15172608324637,0.0891487933604019,2.83365273470168e-39,5.53818106637889e-37
1019.41644748586,1.41166417003082,0.109588338366172,4.29863349871512e-39,8.30698848813498e-37
656.33228692676,1.93139634263531,0.150879423525981,5.11818884063925e-39,9.7808588744616e-37
1945.3248938542,1.66298358271744,0.130520124079706,1.41135390968775e-38,2.66745888930985e-36
1686.01345469266,2.05562357090539,0.163488805421489,4.4758898610406e-38,8.36748149130839e-36
1316.14228545506,1.58879624386825,0.125416754935892,4.7267901742525e-38,8.74151228031922e-36
3109.77760469355,1.18972982578575,0.0938745448473821,6.9432207694497e-38,1.27038780865708e-35
3665.87867876819,1.58686996372253,0.126381276402609,1.54708947008806e-37,2.80088334695206e-35
6864.28939575667,-1.1650069189998,0.0926805155398178,1.96340542973012e-37,3.51756354020086e-35
4776.92377242599,-1.31239041253833,0.104826805962008,4.85731977067831e-37,8.61247863256662e-35
2165.86873021087,2.03088550313539,0.164529922173594,1.39412729736331e-36,2.4466934068726e-34
506.737581133211,2.35119317511137,0.191493385025389,1.92544074737151e-36,3.34501569838814e-34
25905.8798016956,-0.992341109376087,0.0798770147345875,2.24131535050306e-36,3.85483827133022e-34
1091.31459556636,2.36484643142342,0.193490048257056,2.99980970557376e-36,5.10828981447159e-34
1019.95025521055,1.59617509468526,0.129866784121238,4.36730563106224e-36,7.36404799496465e-34
13237.1301498161,1.44115821772841,0.11712507968488,4.52524395728479e-36,7.55627872051855e-34
1118.02616268047,-1.70082215830389,0.139156963863841,7.89089062379975e-36,1.30495603691088e-33
4943.35879934253,1.14806697404736,0.0935090611415364,8.0606972973264e-36,1.32034221730206e-33
1921.60850005955,2.18349469786657,0.183887432570285,1.47656448814451e-34,2.39579553128278e-32
243.837584130276,-3.0206501827516,0.253501788455566,2.49869206475032e-34,4.01635559080755e-32
216.908851808554,2.04911118932112,0.171667257153659,3.8345631596257e-34,6.10654183170392e-32
835.373102741495,1.22576813135542,0.102579318202082,4.6931919358535e-34,7.40534019309581e-32
374.186303130008,1.89344595632845,0.159002049654688,4.98984541029645e-34,7.80185011015351e-32
152.68363291452,-2.74655238049076,0.231742685104931,8.63483496455342e-34,1.33793267166986e-31
1417.96004428338,1.02484987971128,0.086463137281379,2.10937936557993e-33,3.23921568826868e-31
3240.00192928278,1.11458878466465,0.0946940528654126,3.80588385808385e-33,5.79268995355612e-31
993.961725760664,1.23682438521073,0.105457386683157,7.47597738035459e-33,1.12788890319929e-30
1011.81422044271,1.32875862700122,0.113479298905375,7.9864181534231e-33,1.19442092018021e-30
5047.88015767517,1.01464790175878,0.086622425674805,1.07274625044804e-32,1.5905312725393e-30
15875.1517894994,0.904900957417729,0.0774732300465691,1.92391090596542e-32,2.82814903176917e-30
5605.14556810232,1.10962386374657,0.0953929275648057,2.26857776214976e-32,3.30654821450964e-30
866.801306175568,-1.19779365291405,0.103070797172893,2.61269903081032e-32,3.77611854041232e-30
1549.01755184597,1.21643507097757,0.104868168422249,2.99468576586755e-32,4.29213337392966e-30
1979.36325347432,-0.980115002408271,0.0844316771855688,3.35682843192021e-32,4.77141257856163e-30
4064.34026769822,1.00472819085017,0.0865473306376869,3.65515792524318e-32,5.15287386526701e-30
1573.12192988126,1.18371967574092,0.102187925277176,3.81220021404685e-32,5.3305716651538e-30
996.773036356035,1.55184073231815,0.135899929286163,1.29545719464195e-31,1.79682002343927e-29
15708.434657503,1.88718575414756,0.16701760563693,1.44502301918133e-31,1.98823607255198e-29
1495.13886152724,-1.61392804541767,0.142142459249428,2.21094623432568e-31,3.01794160985456e-29
7523.53074020468,1.52547216130832,0.134409202325273,2.29222679314815e-31,3.10425264687835e-29
1305.67336235188,-1.32969054892285,0.11694135821408,3.27975555295946e-31,4.4069152933867e-29
5663.7517795752,-1.17538597681736,0.103365641712707,3.31267273358226e-31,4.41664018177374e-29
632.004144221465,-1.25761050635252,0.110443328351881,4.29324499949362e-31,5.67996313433005e-29
990.245590990562,1.04165897852301,0.0925551921839036,2.70479199520023e-30,3.5511234752251e-28
3722.0531363226,1.16271396851917,0.104658910144156,5.46850237108491e-30,7.12521002123405e-28
153.473473612223,-2.52882567266735,0.228937028143962,8.24641293261147e-30,1.06639139870665e-27
2254.62804164653,-1.00280728654732,0.0903156907994493,1.06951342607062e-29,1.37272846380512e-27
115.233294913977,2.4488341320111,0.221798075033024,1.14654128489913e-29,1.4606935969615e-27
9213.0107902198,1.09492542918356,0.100313175565866,8.02914185155675e-29,1.01539125518327e-26
670.704437097575,-2.01420202390387,0.187259491961327,8.52454824749015e-29,1.07017303144951e-26
344.61869668871,-1.74497555834659,0.161214095720364,1.24439068722194e-28,1.55088952387899e-26
2132.44392310662,1.06913629770911,0.0988369163134799,2.52637326202911e-28,3.12597796644882e-26
160.547638187659,-2.45752632713316,0.229328690920543,3.04466608805529e-28,3.74037228917592e-26
1603.91533913802,-1.14053229121833,0.10586193848124,3.35429773738201e-28,4.09152955923639e-26
997.85075486879,1.38738905733939,0.129640505667492,4.90666839441118e-28,5.94294293770971e-26
77.7681206461437,3.33279126145433,0.31153873046188,5.7211033263526e-28,6.88092700069499e-26
2568.0875265921,3.96836922817204,0.38326077297176,8.42457885255196e-28,1.00621063670167e-25
5000.69682599411,1.34269198240487,0.126696434772046,1.07307474780807e-27,1.27281466121041e-25
1233.66849211933,-1.40503166584523,0.132462479886726,1.30336467535049e-27,1.5353814418735e-25
305.066190477375,1.78269826972871,0.168453861497438,1.67814674706601e-27,1.96343169406723e-25
2286.37966892863,1.29549199370725,0.122375024369525,2.19241803449126e-27,2.54779714697399e-25
2993.00746857521,-1.15680973576464,0.109923475807048,4.87502168878118e-27,5.62721463257366e-25
26396.1269704638,-0.955477162652429,0.0906230648530411,5.35608535970223e-27,6.14128747343457e-25
13812.5913100809,-0.942935551249193,0.0896554876196426,7.30658146292203e-27,8.3222446742249e-25
665.78668097026,1.19590343876967,0.114097234149352,7.42418046630632e-27,8.40055788421068e-25
93.4830975593276,-2.62380380227223,0.250915880416521,8.67965308249789e-27,9.75695120038439e-25
18386.9635568215,1.52728637978478,0.14694772151205,8.9189895242413e-27,9.96088966411858e-25
569.820836089202,1.8432290835684,0.177224127342139,1.06592734466179e-26,1.18276673553794e-24
850.662038439191,1.04014925343828,0.0992893492947859,1.11444104711375e-26,1.22867125444291e-24
1703.74752787242,1.08257754674225,0.103595709473421,1.29378165193063e-26,1.41730895742388e-24
752.603026214405,1.09666176289261,0.105023719918194,1.42536621651908e-26,1.55157427581719e-24
850.03016627608,1.40301006679404,0.135860330291516,2.78228185385235e-26,3.00958903172368e-24
11511.870706204,1.58368787861294,0.154674567271091,2.88095233215555e-26,3.09684369754646e-24
517.691488391865,-1.18018823210366,0.113910939605054,3.03345264387549e-26,3.24051875913134e-24
178.982191682127,-2.43728574576483,0.239537354675615,4.13764511897248e-26,4.39279990130912e-24
287.083457020888,5.11172838325124,0.508421630041667,4.78345232764202e-26,5.04727586399479e-24
3699.43191730252,1.06935340049566,0.103710401827425,5.34155241955636e-26,5.60179024780182e-24
263.21881946812,-1.44185889864281,0.140071892447278,5.68839864061194e-26,5.92937989211423e-24
745.136599938083,1.08588782830814,0.105298075373047,5.79348917922857e-26,6.00254339720194e-24
628.486249377048,2.05924461720385,0.203374260639818,6.19664082696791e-26,6.38179793910306e-24
634.242747434033,1.65221852268631,0.162802053923007,1.07845951372881e-25,1.10407292717987e-23
354.388186317743,-2.54193391532034,0.25450677682743,1.45380929716067e-25,1.47953053857197e-23
14142.4652510278,0.89862456628287,0.0888318942272636,1.85945470305237e-25,1.88122126104692e-23
149.806003055528,2.43744704980546,0.241740758221821,2.22921099318744e-25,2.24211695156905e-23
1930.51287632328,1.20015935951955,0.118674270960779,3.02431340832482e-25,3.02413757614992e-23
231.757801313886,-2.5087586888881,0.251717679447161,3.31405740937287e-25,3.29470944415052e-23
127.038607835993,1.98673662747194,0.197397422582615,5.01548221362481e-25,4.95754474667431e-23
1699.95333756139,1.0823774352891,0.107400268327215,5.80498715731173e-25,5.70514137820597e-23
499.446096456298,1.13753225646415,0.112737040167321,6.11909030942751e-25,5.97967239953658e-23
2269.82397184498,1.06164025639598,0.105774434942458,9.00253662322093e-25,8.74771906117383e-23
4878.12152538178,0.752882573937646,0.0748136402891648,9.16412667375418e-25,8.85470868887068e-23
592.655176222975,-1.29995228171808,0.130066582771972,9.67968206775538e-25,9.30060625046507e-23
2836.53120805247,-0.955365491008834,0.095127541147451,1.01736833470906e-24,9.72095443814505e-23
5370.67580944535,0.851166897632468,0.0846212837947615,1.03260882464905e-24,9.81206584261827e-23
786.459162740986,-1.95887104807217,0.198719049790904,1.11921537955416e-24,1.05765853367868e-22
1844.95504014827,1.01798318164889,0.101549249497681,1.13077866441466e-24,1.06274657099824e-22
14418.812107609,1.02843684277785,0.102981646620797,1.42175213333635e-24,1.32895189898108e-22
133.379868383255,-2.52025548616197,0.256219268653659,1.86853749425096e-24,1.73713385749309e-22
6005.31861968581,-1.13690096009384,0.114448507770204,1.9967699391739e-24,1.84636807440064e-22
3438.45172073999,-1.74049600892371,0.177926813394088,2.34728888738105e-24,2.158878159041e-22
2387.56944110656,0.851992461637936,0.0854665920758514,2.40202366447282e-24,2.19746835134405e-22
723.124124577144,1.07620637522284,0.108446164190727,3.01999974685939e-24,2.73373556032814e-22
164.394096401041,-2.21916335827047,0.225424647983664,3.01526974744281e-24,2.73373556032814e-22
1986.27290142602,0.987066016547142,0.0997345921053226,4.36916427978585e-24,3.93430662031606e-22
207.54481933717,1.87496909141949,0.191131712400228,4.79161117955038e-24,4.29223545193161e-22
229.112195709338,-1.53356088139756,0.1558870724727,4.85444990425197e-24,4.3259939846233e-22
787.784330234144,-1.67756616126519,0.171767956111038,5.01019322427151e-24,4.44176872496112e-22
686.895989116922,-1.61755666889566,0.165862821480687,5.77550755506582e-24,5.09399766356806e-22
2125.43184399239,-1.11793018875949,0.113993817766742,7.40361838633107e-24,6.49667513400552e-22
137.204790959623,-1.92216085310175,0.196493778952067,8.3354933670864e-24,7.27726651880807e-22
251.995272016514,-1.49676111975254,0.153437822135612,1.11364751771972e-23,9.67354730164719e-22
2798.50783419569,-0.856678524492123,0.0871739718682583,1.12930319940711e-23,9.76024408372004e-22
818.329511864192,-1.18557232736902,0.121500277386222,1.1857657210153e-23,1.01969923178711e-21
5832.72273983331,0.84746687777161,0.0868598744257449,2.17615873082916e-23,1.8620773140065e-21
5173.40362033442,1.23817014111059,0.128304142437068,3.13952294139122e-23,2.67310173608849e-21
529.388781642339,-1.09765289969543,0.113461975185771,3.42139205223212e-23,2.89874492149459e-21
167.274526184359,1.8892937325622,0.196866251463177,4.36757537585647e-23,3.68225141614488e-21
138.900102604855,-2.86070408329316,0.301653655631199,4.38963829588393e-23,3.68279946589794e-21
2816.71415208614,-0.968246715287274,0.0999950866475155,4.5981808817161e-23,3.83903461090462e-21
2424.70248434933,1.17558971831022,0.122450676931234,4.629363896808e-23,3.84639756817395e-21
3324.90719720189,0.8091117786111,0.0835518068544226,4.89190910175227e-23,4.04499733851141e-21
22774.0471202493,1.4726511106905,0.15432094425321,5.49079111055627e-23,4.51847446461518e-21
1324.8469134043,1.0913660391129,0.112971570869725,5.52107146425269e-23,4.52175752922295e-21
3789.75555672441,1.46222731944555,0.15424717380163,5.96953424795816e-23,4.86587770287357e-21
96.3956151122801,2.37911200815204,0.248747572753753,6.24464149790356e-23,5.06611269445488e-21
8003.18512744296,0.972558012772276,0.101075071472434,6.87760836385202e-23,5.55342658450192e-21
2291.95441004543,1.38280855814572,0.144837063102326,7.22659977754368e-23,5.80795745672775e-21
3134.43751064968,1.11412343556402,0.116992001393479,1.15586489460511e-22,9.24638154526198e-21
9325.68248150326,-1.19174885780401,0.125649608952568,1.24054990492579e-22,9.87787861797161e-21
2550.32270453256,1.16549398676785,0.122864984672541,1.31616016401135e-22,1.04316307192771e-20
4508.47470666249,1.12929257275925,0.119352529451077,1.5019347881921e-22,1.18494387257412e-20
153.414405079551,-2.55095281124826,0.274676101063852,1.77925342274538e-22,1.39732327021908e-20
120.109905042841,-2.53062493934284,0.268920095259615,1.90023500044006e-22,1.48555189875312e-20
250.875119619123,1.72009508812349,0.18293494551069,2.3840361325977e-22,1.85534106083927e-20
87.5032950895047,-2.45488075504238,0.260951573099001,2.40834483429064e-22,1.86581634256598e-20
3501.5013748256,1.51221772408782,0.161604978308217,2.54452271770353e-22,1.96247740904856e-20
11150.4185092059,0.906965762934643,0.0956807136245472,2.70886777027461e-22,2.07990253486397e-20
4545.78075759229,0.794370886409863,0.0836730271043928,3.23046670932774e-22,2.46936875261013e-20
47.4127935786186,3.81788006191944,0.405503525313313,4.2053349357231e-22,3.2003343167921e-20
3512.70082340194,1.00856834736488,0.107282008546449,4.63408606797984e-22,3.51108573934737e-20
2196.61783165255,0.929068451081974,0.0989143128842098,6.1946944949902e-22,4.672918886813e-20
644.275085829966,1.37321450666074,0.148165092479967,9.60159854192465e-22,7.21126171714244e-20
469.00560038627,1.0941232933249,0.11727888912004,9.75359886503887e-22,7.29357160346972e-20
1385.82181305099,0.897490682057732,0.0961967056869852,1.10944331975195e-21,8.26030980797135e-20
1774.90361849245,1.58815977979392,0.172965586686325,1.15578236023398e-21,8.56823310933802e-20
1858.38161022778,0.977643058618465,0.105202333832586,1.31961199492069e-21,9.74077540800042e-20
95.6711632981977,-2.93324520052373,0.317848151317181,1.43732716522129e-21,1.05643546643765e-19
649.248479966546,1.24094528474355,0.134208108846177,1.50561361932374e-21,1.10191696335102e-19
621.234935649193,-1.10357817389283,0.119028772000661,1.70732972217074e-21,1.2442527072718e-19
316.909868574633,1.27035029107315,0.137458591561386,1.94578774596923e-21,1.41205077818248e-19
2499.17701955282,-1.27785223478238,0.139409117343728,2.14982595116343e-21,1.55356540059075e-19
55.4614366064345,4.77971615378165,0.5191850955457,2.57950386300486e-21,1.85627142007617e-19
107.868173774891,-2.17114294370287,0.238551990345006,3.88480762434529e-21,2.78395026379644e-19
2318.14979909312,-0.910248344896581,0.0989621805441929,3.90105173680966e-21,2.78399123740205e-19
3615.39531414375,1.22441894417081,0.134092984781937,4.196043077234e-21,2.98213821840279e-19
980.038907468223,1.09109929556295,0.119157990553516,4.46062988450828e-21,3.15713470714641e-19
215.915400439923,-1.66530560952622,0.182927971299475,4.82937431221779e-21,3.40411511458335e-19
112.230149132513,-2.39700155648479,0.26439491001648,5.16396704421999e-21,3.62510486504243e-19
56.4057458081429,6.18316931914589,0.659553757900965,5.55351304158414e-21,3.88271832529291e-19
2209.67136228244,3.11607798991717,0.350689237745758,5.75717986265659e-21,4.00881524120772e-19
82818.5867786853,-0.837975354487413,0.0913237365460883,5.87299872868382e-21,4.0729719812352e-19
1572.41792017538,1.32774641088268,0.146500130417627,6.46646798162874e-21,4.46653746249127e-19
1445.63449591796,0.906378461111947,0.0991888216175918,8.17105426417195e-21,5.62135849157974e-19
1489.28195274018,1.08506462667478,0.119523511368815,8.59177506597969e-21,5.8872485800711e-19
21236.1461296291,0.830959688046792,0.0912347549211779,9.21859090366555e-21,6.29168829175174e-19
2431.51620138059,1.11717173662553,0.123991269077207,1.35971747729395e-20,9.17089446744259e-19
214.203694283857,1.45749603863939,0.161690585020695,1.35602339134027e-20,9.17089446744259e-19
402.293199706184,-1.17758869779677,0.130380706244335,1.35243662259236e-20,9.17089446744259e-19
238.200156878614,-1.62804913041606,0.181551303057019,1.56184216027888e-20,1.04930169197799e-18
2181.54555974853,1.21732959390136,0.135825605350749,1.85805801593793e-20,1.24345291113294e-18
1337.0871722978,1.41781363057999,0.158910121173194,1.92058642904514e-20,1.2803165113623e-18
810.320928444818,-1.20105170874093,0.134049864941541,1.93450822030645e-20,1.28461802629539e-18
158.590545748661,-2.30795415491312,0.261837664138554,1.97834196673183e-20,1.30867321099311e-18
116.070033362826,2.95793058080149,0.336219299683558,2.25686284347786e-20,1.48719479099524e-18
5576.06544872764,-0.757891103638374,0.0839024289400163,2.55544626644502e-20,1.677523676969e-18
561.962354067102,-1.00855674791797,0.112198993432154,2.59993851463333e-20,1.70024116019691e-18
617.978446742873,-1.30795751326392,0.14680621108456,2.84043604036738e-20,1.85047952493479e-18
158.536341335693,2.07336854265634,0.235131646589051,3.30765075113623e-20,2.14672774599215e-18
1375.84243643567,0.823930247314631,0.0918849034622558,4.08072595101587e-20,2.63851148990684e-18
45.7681551280856,4.0207732471319,0.451862918372836,4.61615738049769e-20,2.97353149015654e-18
758.723119056855,1.02022308133083,0.114822726946691,5.63892203980085e-20,3.61879925979608e-18
3231.83828201915,0.869230198068104,0.0976921873334425,6.02324325809978e-20,3.85106917457465e-18
1865.48453742506,0.983552860625848,0.110751754548544,6.31344562433179e-20,4.02166486269935e-18
134.922416090199,2.39103937447457,0.273398121024294,6.48101557653352e-20,4.113172948369e-18
4205.82812796079,1.04049904509759,0.117477957480324,7.12993882412771e-20,4.50837565574163e-18
1591.29096532,1.5216499020615,0.174393261038661,8.32134842712821e-20,5.24244950909077e-18
2787.62853103263,-0.965399514564121,0.109127341787049,8.81300438173233e-20,5.5319292832633e-18
436.53491521716,1.17951232730888,0.134158437642409,1.11657467620499e-19,6.98326103856348e-18
413.260190041032,1.328844383266,0.151841034715405,1.24715378274691e-19,7.77166590922615e-18
6825.2613850415,0.735947964996063,0.0827382306366283,1.39231939758547e-19,8.64494632457491e-18
382.693033794274,1.24821534688053,0.14270560326906,1.56789324504832e-19,9.70007047539066e-18
67.3447821140173,10.982106683734,2.92999592335464,1.61555065181804e-19,9.9590880504009e-18
801.004368651594,0.870742245207236,0.098918105868753,1.67564121471899e-19,1.02926261614114e-17
1282.36179913309,-0.859106002360628,0.0977063387180177,1.77438150828051e-19,1.0860351445166e-17
9451.74571876984,1.44568591654313,0.167491226427369,1.94774920422266e-19,1.18791980721367e-17
3871.17906707202,1.16365426462216,0.134053307446174,2.30852187570934e-19,1.40297765866872e-17
1604.26713691163,0.923797755588801,0.105679908060684,2.34418771349543e-19,1.41963677762e-17
319.495628577677,-1.16032869961255,0.133156020125665,2.59065705662159e-19,1.56339335848543e-17
880.992630594961,1.00942852301305,0.115972232069653,2.6566140658002e-19,1.59759109502439e-17
242.331749164027,-1.45149642237129,0.167645514117977,2.81076699023811e-19,1.68440353536952e-17
2401.15363197325,0.995192387174487,0.114351746437656,2.82657491785723e-19,1.68799520875786e-17
194.011231885016,-1.64618658455322,0.190701397220125,2.9245808483001e-19,1.74047979273057e-17
70.3975571581135,2.29251666407283,0.265901219687333,3.44690688956915e-19,2.04425350323103e-17
3384.65039407716,0.733365012295524,0.0840494765259146,3.99260345519766e-19,2.35975212460291e-17
193.793107477906,-1.49224839567127,0.173209135600641,4.39439529068557e-19,2.58832892481168e-17
171.814039785495,-1.67483416791963,0.194959112001803,4.64903751076065e-19,2.72896915179428e-17
872.446841008768,0.830470539949052,0.0955604584466175,4.802152902348e-19,2.80925944787358e-17
715.584016962499,-1.18178176812938,0.137266231934186,5.15072045139878e-19,2.99967896438884e-17
2975.14699363417,0.874633428574845,0.101087152860421,5.16253836536483e-19,2.99967896438884e-17
764.275296850917,-0.900780663116609,0.103982006922665,5.20326566870377e-19,3.01316384633118e-17
1125.49565877445,-0.930067888386682,0.10753934780943,5.58444326974603e-19,3.22304831531416e-17
782.020146525324,1.36736211588893,0.159879207693516,5.60680362156454e-19,3.22513095275212e-17
237.49090968715,1.89288749757318,0.22286763966213,6.25457891127699e-19,3.5857500898351e-17
60.7720385225051,2.64267661332102,0.30842075751104,6.33305671508849e-19,3.61867915092382e-17
72.9572638453756,2.46407944520637,0.288154785630461,6.64912674509447e-19,3.78669969830728e-17
537.550399907922,1.10694911177409,0.128751990698139,6.76648337293883e-19,3.84081675020379e-17
6280.74258116802,0.79277936339361,0.0917500485561496,6.82748986173316e-19,3.862697306972e-17
674.008504974235,-1.18837123746701,0.138797047492224,7.19008775304317e-19,4.05450227097015e-17
726.005316710417,-1.26814343574788,0.148456896204242,7.34880397768054e-19,4.13046011804338e-17
13718.9949991097,-0.878373944469625,0.101599247989373,8.05884104521347e-19,4.51478850607904e-17
2081.51730121718,0.907943475712569,0.105444364643852,8.38826508639494e-19,4.68408348119827e-17
1108.38647353857,-1.0787449576681,0.126111850496029,8.75274053274951e-19,4.87179237614106e-17
941.474364250599,0.872060232925331,0.101185853767379,8.89826846372613e-19,4.93681675185889e-17
524.602910084556,-1.00020236640306,0.116870007147791,1.13501307381087e-18,6.27687776735472e-17
426.866366356241,-1.48367862984684,0.17583382479403,1.29410378817296e-18,7.13374713230343e-17
2081.19295919351,0.882008075131051,0.103215586093242,1.45835960073056e-18,8.01352293065969e-17
1855.30379475729,0.810661806220849,0.0949358285475828,1.73583045242884e-18,9.50781781889286e-17
166.578603557544,1.52757719397129,0.180954126834395,1.96159040530847e-18,1.07102836129843e-16
3004.8098857362,0.910886707762769,0.10712573759669,1.99549048354265e-18,1.0860898995712e-16
4207.32858828415,0.868560477962619,0.102099110075848,2.01441907016074e-18,1.09293355166229e-16
243.409793651025,1.40785207241999,0.166950821106484,2.18935996831403e-18,1.18411327342871e-16
6220.56452603327,0.674426811531144,0.0789608378515439,2.38110223847568e-18,1.28377985578505e-16
25320.9424443692,0.644499621673796,0.0767247610473812,2.81947862418455e-18,1.51538165179219e-16
940.500372189117,0.993569324417616,0.117946420760116,2.87998404303867e-18,1.54307930081689e-16
209.730117395847,2.21347917032406,0.269732199662694,3.18754935582242e-18,1.70256712331645e-16
7921.12499346052,-1.15987401032826,0.138541910206065,3.55613958773415e-18,1.89356175756779e-16
2815.28643192822,0.770522716189296,0.091160318312285,4.04224237953057e-18,2.14575699646748e-16
1013.25243220341,1.06530313854626,0.127013449128011,4.15141550723072e-18,2.19692908642649e-16
56.2627624028025,-3.15560967525614,0.380264666400034,4.18825023035381e-18,2.20962318134525e-16
1819.76290805785,0.788761260858379,0.0934961882077094,4.32471404941757e-18,2.27464088489091e-16
10597.2238572906,1.30565441500022,0.157360581708926,4.41023140788644e-18,2.31254786537314e-16
554.128200127433,-1.49408203470259,0.18047173518409,4.48111686008071e-18,2.34257534579113e-16
2628.79414299617,0.990415974417783,0.118392291047728,4.69141412156625e-18,2.44507974172176e-16
453.78018132549,1.49234591602437,0.180418461076653,5.1270682775851e-18,2.66406185215064e-16
517.899483593773,-1.39231142373829,0.167938948780288,5.26261571077817e-18,2.72625685571306e-16
1288.27250990062,0.990258327060307,0.118373033794176,5.3779174034242e-18,2.77762166430909e-16
1173.75217621845,1.29355584906298,0.155632922299799,5.51924711832615e-18,2.84208177209855e-16
19642.4498602542,2.84215749484881,0.35100008231108,6.10927888654123e-18,3.13652201700366e-16
42.97974120921,3.97655610201476,0.479333649907252,6.32112835177937e-18,3.22602630629832e-16
2698.76080964811,-0.7149577643664,0.0850630819217005,6.30278891042003e-18,3.22602630629832e-16
1881.63936787364,-0.744999192939923,0.0888433635376803,7.20451077370304e-18,3.66598759754197e-16
50.0033475907865,3.36608931734403,0.409588251770077,7.45432079356641e-18,3.77079009789849e-16
218.669938695594,1.75361899830123,0.213592620820511,7.4445319293847e-18,3.77079009789849e-16
946.38749542574,0.811191334000477,0.0969906611633917,8.05586018997026e-18,4.06313018789732e-16
1382.00644260827,0.940474808896564,0.112730804934664,8.59900188726434e-18,4.32439279120057e-16
90.1958176218502,-2.47510350545132,0.304600286947437,9.24626827048133e-18,4.63634308991278e-16
1234.01713405737,-0.785919581953339,0.0940609941892865,9.32488515888281e-18,4.66217150719841e-16
7597.58670100078,1.07159089007713,0.129269514308387,9.38117365093522e-18,4.67671900354884e-16
1154.02631724914,-0.929176462615299,0.111978861513289,1.03190327449991e-17,5.12939434049827e-16
115.066413613405,-1.96626956888923,0.238559287156891,1.04533618840248e-17,5.1811922490877e-16
4045.29259785759,-1.38614046396232,0.169461006194769,1.06340465277501e-17,5.25317025815784e-16
8602.51365776637,0.856127692029725,0.103069262635265,1.06596687022332e-17,5.25317025815784e-16
820.268432445861,1.05565586182179,0.12758918107029,1.12900058260206e-17,5.54790886290651e-16
909.050998195245,1.03444229189565,0.12513353987859,1.17498928562175e-17,5.75744749954659e-16
368.657829034915,1.43211140547784,0.174942455814221,1.23819516029651e-17,6.0499200460056e-16
309.870495233442,-1.67516142666396,0.205724834328618,1.27937556308051e-17,6.23342218397213e-16
266.270497840166,3.70527684877417,0.466482564798475,1.30834206739726e-17,6.35654667151569e-16
664.103332016571,0.908457210893165,0.109641537729454,1.32186209235721e-17,6.40414257083147e-16
2275.98747302086,0.732399069615997,0.0881084229499434,1.46074097701275e-17,7.05710226506806e-16
528.17931154793,0.944513759060424,0.115239274856025,2.70058121401875e-17,1.30104471428315e-15
1781.33407485706,0.80765379313027,0.0983872729159608,2.89300927622401e-17,1.3898566073122e-15
242.41063330459,-1.42984505123008,0.176731136710302,3.35240505351966e-17,1.60607282772938e-15
735.204812065699,-0.871550833555767,0.106448495350581,3.45326186892878e-17,1.64686200232862e-15
1730.68078673582,-1.08416517604985,0.133622246623146,3.4566962197839e-17,1.64686200232862e-15
156.078400858314,-1.65032908456158,0.204528390141515,3.78260024879201e-17,1.79715308505452e-15
6499.90797248989,-0.865193444215936,0.106968778782566,4.42083734916379e-17,2.09460004320298e-15
558.19877864519,-0.942070383247716,0.11607822236626,4.91504586446213e-17,2.32235917095836e-15
534.225563362353,-0.903029657167121,0.111220662803395,5.42101602213792e-17,2.55441245382877e-15
4352.20091534557,0.894633116664424,0.110812320767469,5.65526057167455e-17,2.65750892273854e-15
3257.80739611882,-0.716073057706289,0.0879037386584777,5.94767639595268e-17,2.78730480474088e-15
1291.99102159124,0.850970234249842,0.104899529548157,6.01838565430535e-17,2.81277757794559e-15
440.86474855338,-0.976084731847619,0.120859396143465,6.68143906954764e-17,3.1142024541233e-15
2312.72710531675,0.814960754919337,0.100594670783389,6.92769382037411e-17,3.22025421666525e-15
169.601823057436,-1.93734788956626,0.244565014289552,7.46013426721132e-17,3.45840564047891e-15
403.741338268912,-1.22343217033046,0.15282703916575,8.18026876644682e-17,3.78205490629352e-15
3056.89153683816,0.664403045456543,0.0818802976059186,8.34314704889566e-17,3.84701839393985e-15
1079.53970813611,-1.0490721607137,0.130927588986876,8.79128621838283e-17,4.04281635481193e-15
201.880266487894,3.93246890393101,0.516341957225333,9.60557038861191e-17,4.40549880303297e-15
196.440450111797,-2.14297593501956,0.274861017961222,1.00676153471781e-16,4.60513075415202e-15
7804.08507162905,1.23266419053304,0.155486934259656,1.04023402019453e-16,4.74561934040469e-15
1735.25699068739,-0.761111146155026,0.0944741227202452,1.15236557156398e-16,5.24326335061613e-15
16784.9907042709,0.833199298193088,0.104225914393389,1.29905585366898e-16,5.89510860877381e-15
3520.90481650753,0.779507814855741,0.0976531641392885,1.30348793598673e-16,5.89965500290414e-15
488.748148550009,1.67047607184161,0.213917091168295,1.36787445208476e-16,6.17482223134011e-15
2200.11464799305,-1.1894764164921,0.150471339031141,1.39856814941225e-16,6.29685172820452e-15
631.594934425951,-0.878535140528809,0.109930585546132,1.46636563725229e-16,6.58486229637131e-15
3247.58216171779,1.06056994991841,0.133606389551638,1.47862782468038e-16,6.62263540538485e-15
3395.42728659392,0.892221162171714,0.112772831996929,1.5656674017401e-16,6.99426328377349e-15
402.692899137356,1.19807305733425,0.151368719391832,1.72129424515459e-16,7.66956987627299e-15
4104.22271874958,1.27755425068898,0.163220927374289,1.85884587880479e-16,8.26105691719991e-15
1336.67896982298,-0.774350623022249,0.0973790628725179,2.3671660209642e-16,1.04930124728256e-14
2432.02917366342,1.03168409929593,0.130440940149242,2.58396583586153e-16,1.142458313907e-14
151.244339099677,1.51683477441019,0.193167497330983,2.66345754501228e-16,1.17458477735041e-14
5544.12250388514,0.925438508870479,0.11766410834932,2.69856670913095e-16,1.1870242667607e-14
783.343249275173,-1.11314110318454,0.141493109764285,2.74992149431963e-16,1.20652805563274e-14
2259.64267841355,-0.964523422991659,0.122499044385318,2.81127403406121e-16,1.23030794177656e-14
4225.61012360223,-0.867892381824783,0.109758326248269,2.86767324512043e-16,1.25180487672148e-14
689.228755210461,1.43933556164766,0.185667932863104,2.90405521397248e-16,1.26447710443323e-14
1741.7747619069,0.920816988376905,0.116679783595357,3.07406872306586e-16,1.3351239385861e-14
5672.40394395181,0.767710454771749,0.097564076623178,3.88929440673773e-16,1.68493638542776e-14
58.8795033496411,-2.53964926296547,0.327227370903483,4.12120036790881e-16,1.78091771677547e-14
242.89636817477,-1.36868385969385,0.176117769874289,4.27912900512817e-16,1.8445298185263e-14
3077.20936635008,1.21059470140465,0.15616583012341,4.53301903362505e-16,1.94908485898293e-14
545.498414261401,-1.29289862047784,0.166799734393075,4.73878273855135e-16,2.03247691571932e-14
539.904338688357,-0.865070725058367,0.110293378199821,5.27655013455824e-16,2.2574971583151e-14
1371.76026188662,-1.00884603056424,0.129690954031775,6.11103132374149e-16,2.60803046493871e-14
2238.89824307519,0.910736729757408,0.117035846629741,6.26498335054933e-16,2.66711506549747e-14
266.139571837168,-1.50856085560581,0.195966815335464,6.43086285675053e-16,2.73097309316673e-14
46.8992895530046,-4.06734634968418,0.538699549153728,6.5161832626184e-16,2.7603900476299e-14
2579.97044477283,-0.96295576210642,0.123723639881309,7.19685326172018e-16,3.04124519037654e-14
589.293084307985,-1.31985449746263,0.171661477599115,7.50766827473854e-16,3.16481339846147e-14
37.4404870114594,3.05463693115839,0.39702804104142,9.04387283345509e-16,3.80307014333971e-14
2571.64308722441,0.899459082016802,0.116428754642854,1.12341450441417e-15,4.70514205617001e-14
40382.2091338911,-0.89274757880377,0.115639275989097,1.12437547827541e-15,4.70514205617001e-14
181.583883845636,1.61267553195615,0.211803383809868,1.18171079043727e-15,4.93306890406082e-14
245.519933983932,-1.27802039664083,0.166262386881781,1.18569521441388e-15,4.93771718951678e-14
102.351386158983,-1.96116642511673,0.258644931914042,1.35846937344864e-15,5.64355428839207e-14
7048.23239644675,-0.744659274680104,0.0962854909906335,1.42399641823055e-15,5.90152154148127e-14
1758.28521235783,1.02777283573369,0.134211184219471,1.43795394013298e-15,5.94504082123729e-14
841.95377049296,1.3077468646783,0.172224248136364,1.4588065923707e-15,6.01679006766995e-14
239.642460979824,-1.64941057218732,0.218518654274395,1.46312832679461e-15,6.02017801256948e-14
549.198357895331,-1.30619557822204,0.171209316688405,1.48344148315381e-15,6.08919094719864e-14
764.80630254964,-1.11170208263155,0.145681174079254,1.63786391365992e-15,6.70705272643739e-14
946.618438158064,-0.960616216128106,0.125569940943251,1.71945171406474e-15,7.02442993591436e-14
2672.54996830079,-0.705808688595365,0.0913741493074135,1.73924257557864e-15,7.088443852459e-14
1429.85706342577,-0.697301304500944,0.090250505067093,1.82316473859192e-15,7.41291024563652e-14
1525.33604459895,1.10622896655236,0.145432563089273,2.00638720511482e-15,8.13864470301176e-14
2585.28163422934,0.865227567807456,0.113049569028004,2.21943657201766e-15,8.98166814167805e-14
11828.7725404048,1.17169369101445,0.155500427655139,2.47689670200261e-15,9.97661507675478e-14
65.6733920930399,-2.20781617420455,0.292488441824306,2.47259001136922e-15,9.97661507675478e-14
536.798899129849,1.19672796303479,0.15806713919458,2.49394704816448e-15,1.00218213274255e-13
291.345569119595,1.27431766364381,0.168518481224564,2.50648053875266e-15,1.00487083417266e-13
4945.77004706793,0.887377598339718,0.116363401444202,2.51302834254901e-15,1.00515289450001e-13
34.5519004609192,3.42169038048526,0.450984721859615,2.58028632818204e-15,1.02965996655227e-13
886.462853140919,1.07685580092788,0.142263382043753,2.59837016714652e-15,1.03447612279521e-13
184.690185868487,-1.22109145001265,0.161141803956713,2.68699937586979e-15,1.06729104539456e-13
3319.56292397887,1.17392335488263,0.156509821029453,2.98609575410378e-15,1.18336084965048e-13
1398.16388832221,0.789207230259046,0.103316130132737,3.14796340471869e-15,1.24463959994843e-13
5653.38835040462,0.902317668193962,0.119200178963822,3.49851640868753e-15,1.38006843378479e-13
168.839889349094,1.25082622642871,0.166158465907519,4.00014316598944e-15,1.57433552201035e-13
10180.7860013289,-0.645833520319178,0.0849288773255603,4.38578129733267e-15,1.72217014915124e-13
68.9629222756558,-2.01770358984493,0.27026702257954,4.77523030553839e-15,1.87082428302858e-13
2741.43594443136,0.860143315791731,0.114126983515199,4.99427875279933e-15,1.95219546066808e-13
501.217070777123,0.898637208346732,0.119136001789205,5.15420824124263e-15,2.01014121408462e-13
1649.45019206311,-1.01994591950838,0.136456576062071,5.5424883656162e-15,2.15668003167948e-13
33990.1691687904,0.785643198595599,0.104074687433858,5.64826611431664e-15,2.19287875621065e-13
20631.5810534598,1.16836086697439,0.157391984625732,5.87181668454022e-15,2.27453547651818e-13
17352.087224857,0.752104180272952,0.0998898577639661,6.31051949508314e-15,2.43898033249292e-13
96.9275769426336,-1.92021490840745,0.260266017640989,6.41534580257086e-15,2.47393570534566e-13
2459.40659708195,0.770184103819827,0.102384818974168,7.41489262894177e-15,2.84056096864698e-13
2623.35248724231,1.19812524833551,0.161957576500234,7.41561645980868e-15,2.84056096864698e-13
196.121310066914,1.61864551643354,0.218835685938173,7.39444324905961e-15,2.84056096864698e-13
1511.78770335596,1.11236857024364,0.149884049625217,7.54104430071874e-15,2.8821871317347e-13
666.255856423664,1.31562086343215,0.178779542153557,7.75755558857591e-15,2.95836360461014e-13
92.3224077990975,-1.94290539648649,0.263438786558922,7.8669654894958e-15,2.99344998791678e-13
2025.15671101621,-0.900134537712935,0.120619830943129,8.12954071941351e-15,3.08653357247667e-13
472.74244072238,1.02887564156275,0.137927536817694,8.68253931312147e-15,3.28922893494221e-13
485.1235029974,-1.00031434098971,0.134461767069498,8.87232287659482e-15,3.35373804735284e-13
159.174761681066,1.27873275257553,0.172385321786415,8.94353533666158e-15,3.37324263717637e-13
1330.25470559727,1.30897615304539,0.179033104244414,9.20082388476237e-15,3.46269080949733e-13
669.853923063272,0.977096528283132,0.131592635450973,9.9983544500381e-15,3.75462223113985e-13
1139.68937373192,-2.32788255919541,0.322542104076459,1.02305134634335e-14,3.83343357423951e-13
3765.23433606134,0.6609561501671,0.0879816512718089,1.03510366091562e-14,3.87016257914952e-13
1026.03917177853,-0.769727524729065,0.10291210866296,1.0617473790213e-14,3.96116988542024e-13
97.9588858694499,1.95051127145118,0.267611807228363,1.06668332674937e-14,3.97097111185333e-13
585.999224338151,-0.874504784188433,0.117633067484584,1.19170779828412e-14,4.42682125760014e-13
1378.3481417639,-0.888031218888348,0.120234709419684,1.21241970255567e-14,4.49405311729631e-13
289.410320977697,-1.50232341478486,0.205943053285793,1.3374033930357e-14,4.94666687243464e-13
567.663689337439,-1.28171031984253,0.175844262303571,1.45827933668771e-14,5.38217732010558e-13
4800.95655792528,-0.633383055138779,0.0850061234344265,1.65251341940793e-14,6.08599107074881e-13
29160.194981162,0.743209097879151,0.0999625286910524,1.74540380758631e-14,6.41435899287968e-13
1069.40851009029,0.906912524513288,0.123355657366677,1.93352558409691e-14,7.09055576138224e-13
3982.46412745281,1.00348230379981,0.13694724138247,1.97454550463756e-14,7.22557619877903e-13
1066.92260947957,1.20246428321229,0.165566383276666,2.09645315709191e-14,7.65539232459103e-13
673.222750505688,-0.890230138470145,0.121091225891559,2.13489686501185e-14,7.76602407741248e-13
388.611677393874,-1.0598326112378,0.14484741361425,2.13578079459044e-14,7.76602407741248e-13
330.48893710764,-1.0185361851427,0.139136041323916,2.26220556109158e-14,8.20836992515064e-13
10993.1026575379,1.01919322629079,0.139735427022332,2.31176403007042e-14,8.37053253751183e-13
389.167114780657,0.945324897224097,0.129079197279512,2.53712578597915e-14,9.16723243551584e-13
7138.89203821983,0.926975746858588,0.127005239828722,2.5990282737872e-14,9.35160821775439e-13
1913.3367961243,1.18099009392794,0.163241418075289,2.59673612464201e-14,9.35160821775439e-13
1278.85653162966,1.12950229311474,0.155832671327388,2.60606771625076e-14,9.35736088764025e-13
20202.3202808005,0.674481825353091,0.0917773698231367,2.66931896040623e-14,9.56450350000558e-13
3609.1277487197,0.717111557021222,0.0973601579479857,2.72332620463982e-14,9.73773126686075e-13
5788.31020135513,-0.597008579114911,0.0805707548725593,2.76468485882534e-14,9.86510682301597e-13
629.406374850153,1.03627408230948,0.142355677584194,2.79458157956785e-14,9.95114049420031e-13
22828.3412884014,0.777130661882826,0.105968917148598,2.91677477906594e-14,1.03647953357758e-12
840.889534640994,-0.917533706707557,0.125867338116733,2.98970132715777e-14,1.06020356960384e-12
395.940864068622,1.00085558782808,0.137538011859013,3.46590565110158e-14,1.22654549986206e-12
1932.75573831658,-0.926588913766725,0.127568895319151,3.49450186508726e-14,1.23412602828821e-12
630.338703577489,0.906474632138552,0.124497560210239,3.58347860526718e-14,1.26295591254078e-12
3018.08079508106,0.673954929661129,0.0922968442365522,4.97631091507169e-14,1.75025708442368e-12
1961.95472365824,3.07919044154591,0.449686950623937,5.37682033868275e-14,1.88726393887765e-12
82.9016077518199,2.17283716653634,0.30840037053336,6.44641237056793e-14,2.2580824106191e-12
1067.57656621317,0.876750468752104,0.122286821419348,6.49112869804966e-14,2.2691244406048e-12
1229.63139628609,-0.724769016183536,0.100205488127825,6.57836218649005e-14,2.29495438631729e-12
168.184597850532,-1.47013143934488,0.207758144973251,7.67099163768649e-14,2.67071629912085e-12
4446.38616128714,0.560063182657463,0.0768093672421693,8.18942501933092e-14,2.84545294762571e-12
1768.66573382855,0.86774954965746,0.121521763337975,8.21000157357156e-14,2.84685115048099e-12
3577.44634095327,0.81078875935989,0.112970305916863,8.22698271380884e-14,2.84699951096173e-12
3074.90617907148,0.828063009821455,0.115463492997678,8.61972983448181e-14,2.97692235789664e-12
851.853533994219,0.814285630883707,0.113306390407325,8.80312929768174e-14,3.03416875332321e-12
3774.46703514938,0.947366102674881,0.132886324408763,9.01967409732826e-14,3.10258749599897e-12
348.950793727733,-0.960957671235956,0.134421145256721,9.08669563259132e-14,3.1194027581824e-12
428.027470242295,-1.35769456855012,0.193271161991631,9.38583234380652e-14,3.21567590599857e-12
624.946474583165,1.09170145385447,0.153991926278229,9.44643718084099e-14,3.23000542889233e-12
9059.62439197777,-0.705942427963635,0.0981917897181027,1.01003662644053e-13,3.44674998772831e-12
70183.0449048213,0.872454792281051,0.122572816999522,1.09897638560746e-13,3.74283066456688e-12
98.6680534394252,2.54844523056939,0.372931882034317,1.2426371737692e-13,4.22373848846964e-12
7857.89254045622,0.60521612671808,0.0842186722997966,1.25114005494247e-13,4.2442520325356e-12
2895.86824941098,-0.770577105909542,0.107971143405662,1.26601835085293e-13,4.28626960951172e-12
231.050674253005,1.00488452846464,0.141532241772492,1.28350537491626e-13,4.33693692400488e-12
105.845638555059,-1.44540982984623,0.205105819227859,1.29112284545671e-13,4.35412192529606e-12
1030.70207287988,0.88989692626005,0.125329490397037,1.30689879622145e-13,4.39869909906315e-12
577.852761377799,-1.13306997372844,0.161237966706204,1.32261424070881e-13,4.44289889178726e-12
744.863660626448,0.817672031721205,0.114852501600374,1.39733914550433e-13,4.68476334571714e-12
5613.55146175913,-2.02930672891723,0.294889138135941,1.45946107302357e-13,4.88351575776895e-12
1551.55302124996,0.694349203560012,0.0971065110368452,1.47730698999494e-13,4.93363163513067e-12
46410.5259033426,1.11549442514719,0.159665828862268,1.56078556781051e-13,5.20231608154514e-12
412.016583715597,-0.825537327754356,0.116180512855873,1.57944020043489e-13,5.2543118002475e-12
8435.34156544585,0.704833457133958,0.0987822674236092,1.58762976624014e-13,5.27135991304328e-12
52.3538604781547,2.42175506294782,0.349932802591553,1.62426726787243e-13,5.38261517151019e-12
1020.15872095798,0.686489306311116,0.0962265314898591,1.66899511268603e-13,5.52020133520905e-12
465.305307174314,-1.04115302742902,0.148390377702311,1.88583661375672e-13,6.22543261420381e-12
856.390226191869,-0.851559304101115,0.120733773367927,1.92346914547411e-13,6.33749920172591e-12
84.7383727521484,-1.59419734773284,0.228191397313052,1.92725547626392e-13,6.33783306620712e-12
539.366862382986,1.18506030196015,0.170283474622761,1.93506970583853e-13,6.35138623486964e-12
50274.9851407415,0.709794887968492,0.100195512611961,2.08774134917118e-13,6.83944065988477e-12
739.575056678495,1.10842173540413,0.159052458191598,2.16775831286008e-13,7.08807513742975e-12
563.950735456023,1.16267326661269,0.167190695178179,2.1816236347757e-13,7.11987569155735e-12
287.863915995129,1.10777860471834,0.159041150988329,2.53315428960446e-13,8.25146223994452e-12
141.666447163751,-1.32406505808016,0.190382028017448,2.55057666499343e-13,8.29250814011759e-12
2461.73828681715,0.673943951971827,0.0953970218922079,2.89813614428032e-13,9.40472519725986e-12
678.139851342209,1.51502516738655,0.223125583210865,3.02552147879395e-13,9.79961278978854e-12
20355.566333088,0.831562197294629,0.119595467668237,3.22408394684208e-13,1.04231240228829e-11
596.609669645401,-0.974270763368452,0.140286191172049,3.34380977459167e-13,1.07899032482555e-11
826.821306285888,0.925245806193211,0.133235918869753,3.51550507030995e-13,1.13226913303859e-11
158.480981200662,1.73882905626925,0.256080368455852,4.00613536696884e-13,1.28787891918686e-11
466.977325948909,0.77275665686968,0.110596836748979,4.09253270130426e-13,1.31319906585321e-11
694.102602058262,1.11774834605226,0.162479168813673,4.11097756913348e-13,1.31666113987945e-11
1427.57694689361,0.728193862076924,0.104136365758998,4.16161274025237e-13,1.33040106913756e-11
429.15762298733,-0.937279132625312,0.135321177009198,4.22760240776685e-13,1.34898949556924e-11
808.167133945037,0.666654921443476,0.0951451823431876,4.26495066040172e-13,1.35838678533795e-11
118.551105336527,-1.81195890486063,0.267524681560566,4.30618550925464e-13,1.36898492742459e-11
279.294283101828,-0.981802879561213,0.141828487575023,4.33639472412798e-13,1.37604525572467e-11
221.530040834651,-1.16886230631421,0.169985965802832,4.38690333225815e-13,1.38950921568155e-11
8183.15885444955,0.681087696532628,0.0974656718272813,4.49849088078939e-13,1.42223427681428e-11
204.07303620957,1.47622476637961,0.217263840606108,4.65405866743828e-13,1.46871844075727e-11
846.62258318631,-0.983295761177847,0.142737241037097,4.71339611505786e-13,1.48471977624323e-11
2216.06738585319,-0.736406063749538,0.106128681583432,4.96182584091572e-13,1.56011778131462e-11
3207.98457889623,0.629965029783133,0.0896639639289013,5.02417333712907e-13,1.57683863549786e-11
18025.7806755692,0.640487368760025,0.0916435583986862,5.2101667894495e-13,1.63223421879311e-11
69.892612081776,-1.79390409553046,0.261808380146196,5.24008052587698e-13,1.63862081753742e-11
89.2264380565102,-1.56059796893328,0.228447904046582,5.33769355655701e-13,1.66611599780806e-11
1432.02376248117,1.07906626071363,0.158250960062986,5.71590832673655e-13,1.78094034984677e-11
2113.5003557997,-0.724822743737198,0.104394984876827,5.80110172096367e-13,1.80095935918509e-11
1154.88207050061,0.753584892857081,0.108634266141908,5.80037483096186e-13,1.80095935918509e-11
328.715213429649,-0.905842009184928,0.131718927093101,6.30453913399619e-13,1.95372555974055e-11
1592.46194117199,0.72662358104345,0.104843793158778,6.34842015732674e-13,1.96378558068098e-11
3084.63098467886,0.711981050948548,0.102738830512488,6.52843084562195e-13,2.01584348498836e-11
201.908429397518,1.25683555972686,0.184884416642065,6.61625737961524e-13,2.0376700532331e-11
342.787227351961,-1.00004087827582,0.145907500340364,6.62281272025876e-13,2.0376700532331e-11
1056.71646861804,-1.03861462776586,0.152711627062644,6.95495298998521e-13,2.13603993704921e-11
222.618161777706,-1.17072545460836,0.171689319919611,7.11072848418838e-13,2.17998964705091e-11
284.727534414771,-1.07374070386493,0.157369637557961,7.15876035880633e-13,2.19080995393434e-11
1983.51813907491,-0.982890337805461,0.144305376057291,7.27110669967763e-13,2.2212391496937e-11
157.757283600482,1.38722007810589,0.205024188434617,7.40066284823506e-13,2.25680851643253e-11
5799.31478996732,0.680103949197806,0.0982364342464444,7.49638315922188e-13,2.28195210540632e-11
2847.10103898455,0.572992682037439,0.0821343743530334,7.77871728522201e-13,2.36371304926737e-11
1215.06745617822,-1.08222822052879,0.159915703385748,7.80758299311844e-13,2.36830017457926e-11
619.716796043379,0.901958035806778,0.132086767208854,7.8506567113427e-13,2.37717332356308e-11
2052.73988045334,1.18820024731379,0.176511798529335,8.09281112536148e-13,2.44619083559037e-11
111.908930104287,1.47849712947491,0.218788779233516,8.19083279317876e-13,2.47147602122599e-11
43.281348860792,-3.05531369319608,0.454989783346438,8.44469945891901e-13,2.5436144657434e-11
358.538487424452,0.86762550534152,0.126518582747807,8.540993078028e-13,2.56812132777978e-11
4471.43113361635,0.671835031707725,0.0983674606601226,8.99458388298074e-13,2.69978792676066e-11
317.101385360217,1.09929430762486,0.162037624497377,9.1027944273435e-13,2.7275080375589e-11
1150.37157934956,0.861661432144326,0.12661878105241,9.22529641392963e-13,2.75940648735958e-11
3492.19997882544,0.911473590560213,0.134023884660456,9.4874533185403e-13,2.83289426433289e-11
1491.14690357882,-1.09997886297515,0.163310912720311,9.63680201794502e-13,2.87250187013235e-11
6324.33294259396,0.583591270192108,0.0847311628641005,1.07119667344029e-12,3.18745875198955e-11
1199.6924583149,-0.941678346634968,0.139192696075983,1.09500806256273e-12,3.25268457133272e-11
5921.12269694011,-0.63325536322373,0.0922794446709718,1.13542970209502e-12,3.36694059419522e-11
101.354442112426,1.64160442193957,0.245151498180192,1.17257814844841e-12,3.47111386835872e-11
1898.99840025039,0.592234552678657,0.0858754964529398,1.20690965621114e-12,3.56660466961776e-11
5248.55236623523,0.621309857631982,0.0909825253737232,1.23292934794929e-12,3.63724731653171e-11
26.4553509546789,4.1956113577407,0.623935236296748,1.24000886638443e-12,3.65186857755923e-11
1758.93187875857,0.850992355580918,0.125584115167271,1.32753226800017e-12,3.90294486792049e-11
471.330408147484,1.06261833033445,0.157504185057373,1.33035094138595e-12,3.90455731073326e-11
134.768403351274,-1.80271543599388,0.275403710504179,1.48576938024856e-12,4.35327897289524e-11
2980.0985693742,0.639406853473302,0.0936911351341102,1.55926642767003e-12,4.56085430093483e-11
734.735918511557,-0.755337225655153,0.111461214693859,1.57251162747046e-12,4.5888790986732e-11
2791.36658996002,0.64823915839553,0.0949677759077747,1.57418377127577e-12,4.5888790986732e-11
493.23737222701,0.819902921606383,0.120999493401321,1.63247729562357e-12,4.75075753086798e-11
579.926455064018,0.939313723973086,0.139830272539713,1.74616309731478e-12,5.07301674167516e-11
701.27236389307,-0.779311670329334,0.115159653656445,1.76860646978797e-12,5.12955525697863e-11
1144.86678197439,-0.96319081468858,0.144330084621695,1.89712896560758e-12,5.49305068678195e-11
1063.89622672144,0.786230918601734,0.116415461084711,1.92353009588728e-12,5.56013346540594e-11
1107.54940076536,0.830089350804247,0.123375023418065,1.93357696031107e-12,5.57979700342116e-11
1348.59461351102,-0.684447402160683,0.100934893870132,2.03375583954409e-12,5.85905639603331e-11
42.7095776481744,2.77463258269306,0.424172180597141,2.04242990265452e-12,5.87420600263464e-11
1999.68309883492,2.16319169341061,0.334177230262356,2.08808369871439e-12,5.99548439635873e-11
3822.48711849369,0.810905305257688,0.120652056888086,2.11456199946747e-12,6.06139197147351e-11
3482.74708132819,0.724228514927545,0.107251711497294,2.2235738045488e-12,6.36326886263474e-11
54.9293292713214,-2.70883102433395,0.421751188002313,2.43957980744763e-12,6.96982277546376e-11
61.5974731335206,2.01804562997053,0.307075972046823,2.46429223680715e-12,7.02874994707235e-11
186091.02758667,-0.614896493850136,0.0897841308675484,2.56810681042472e-12,7.31272666100906e-11
7881.81436535262,0.668414754651737,0.0980826168389862,2.6190132532929e-12,7.44535685014622e-11
3495.25121360846,0.723477178938208,0.108223712063147,2.6785995545137e-12,7.60218378516189e-11
963.406193367959,1.0540620685001,0.159555562844012,2.71385596178618e-12,7.68955662055362e-11
130.816057979363,1.30052812991881,0.196822701420627,2.862513970787e-12,8.09743055650751e-11
757.978653416606,-0.942883314427932,0.142386598618095,3.03375693205142e-12,8.5677480253452e-11
954.484634673498,1.12023800782916,0.170592022029672,3.14220897549322e-12,8.85948396221441e-11
542.852171311122,-0.889992160143733,0.133998219311474,3.26813681359642e-12,9.19945745614481e-11
26.2905986234113,-4.42289989444582,0.676174788726955,3.31773212589732e-12,9.3238030773379e-11
276.295610794961,0.889312143664037,0.133627823037074,3.36425344105932e-12,9.43911825983349e-11
284.672585698297,-0.968827380130373,0.146265567166556,3.39856394694573e-12,9.51985363575239e-11
155.746868649367,-1.49310318330708,0.229727257235467,3.45181755714528e-12,9.65330246590921e-11
1690.83751550066,0.769434670442863,0.115341069454529,3.47726773069573e-12,9.70868956172659e-11
821.79008693909,1.06189493013891,0.161583481751475,3.5202392616496e-12,9.81273825949944e-11
3555.64308899677,-0.529239528560501,0.0781870523055276,3.58568623676742e-12,9.97899960941146e-11
1002.34254239425,0.795915591354162,0.119665931081734,3.62852140639271e-12,1.0081896553885e-10
278.171697715886,-1.06782053490945,0.162145265017744,3.71634515428245e-12,1.03092613400813e-10
1202.1396980396,-0.649351127355918,0.0968901110142386,3.79489370997316e-12,1.05102056228387e-10
567.053481477563,-1.38729174365687,0.215041953773318,3.84994727788983e-12,1.06455374971748e-10
1012.75113721699,-0.718828186953319,0.107847042574371,4.06435718599806e-12,1.12203658494351e-10
286.696192699539,-1.08545103461809,0.165499795488508,4.10378653817873e-12,1.13110616458551e-10
8464.47906350215,0.739734656357293,0.112277227619029,4.15921804669172e-12,1.14455025896081e-10
563.221059508054,-0.985003605420866,0.150441410030096,4.33015630432781e-12,1.18968623447498e-10
1050.94704335671,0.617435816604963,0.0922810015080481,4.6108530439286e-12,1.26478566989678e-10
469.19259204254,1.13460901940672,0.174251940959459,4.68146194573453e-12,1.28210929943771e-10
698.347356800223,-0.822178794039968,0.124555434509797,4.80366545924576e-12,1.31348556810124e-10
308.940765838953,0.905263143412254,0.137578400403573,4.91903786485178e-12,1.34115170200819e-10
441.780292846677,-0.845672494047533,0.128141532311091,4.92044144407912e-12,1.34115170200819e-10
1269.9170764672,-0.711240306714275,0.107367046264591,5.19087468329358e-12,1.41262426705643e-10
8111.44339131003,0.626051835486882,0.0941776720271376,5.63660277951285e-12,1.53149970307806e-10
2471.50489446572,0.776265030416736,0.117892377693296,5.6830717538407e-12,1.54169008035183e-10
1622.1619035234,0.579748035353442,0.0866502809113667,5.77493797601808e-12,1.56314532969886e-10
2556.21906224497,0.666195453599526,0.100496483356274,5.78033856438441e-12,1.56314532969886e-10
1307.92124631798,0.889218892050125,0.136032936773195,5.94704082706805e-12,1.60570102330837e-10
1950.19281967515,0.694150320303009,0.104997272303408,5.98124485206266e-12,1.61240486223551e-10
5299.73245815346,-0.818396982505733,0.124689285195782,6.01039027643022e-12,1.61772617158566e-10
2644.61315971027,1.00998180932636,0.155713803811906,6.05040693518201e-12,1.62470335553951e-10
260.336331668713,1.6291696681187,0.256530730476051,6.05520583115777e-12,1.62470335553951e-10
650.007764357041,-1.32866332127336,0.208155154229246,6.21667967602236e-12,1.66543105526337e-10
307.759954287048,-1.12003501697303,0.173027124645419,6.30693818926733e-12,1.68698335796592e-10
85.2024586323108,1.5333609726336,0.23740738154462,6.45075363196074e-12,1.72277192105734e-10
3155.17312286738,-1.16365785666144,0.181345610522571,6.7806322358253e-12,1.8080634701389e-10
3437.97558915234,0.991602100600488,0.153145212086617,6.90294004501207e-12,1.83782764449168e-10
592.594775467184,0.742585504879965,0.112797799728869,7.03641563740851e-12,1.8704685092394e-10
632.510920677494,0.821641713274746,0.125492782833474,7.18673190039062e-12,1.90747842522868e-10
1877.16394065403,-1.21020053597507,0.189711692303902,7.56980532733751e-12,2.00605673073772e-10
1302.1269260111,0.760720878856846,0.116143381536686,7.92202971281345e-12,2.09616906201044e-10
5005.74189010402,0.525418264832846,0.0805187593669842,8.12931441222125e-12,2.14441838306431e-10
778.808657482051,0.697153576294812,0.105977870916393,8.11829965682675e-12,2.14441838306431e-10
1714.29923182669,1.01297472104709,0.156760827079309,8.41083697363851e-12,2.21528307977961e-10
1930.71147470337,0.606285869469599,0.0918649235278117,8.57304395412039e-12,2.25455325637487e-10
525.347588866958,0.769836672046774,0.117679337300632,8.70809709809988e-12,2.28657346549954e-10
648.321002460321,0.701727250335152,0.106890016002297,8.95358296179834e-12,2.34744928902393e-10
2964.65977484266,0.610292163743507,0.0928522362808568,9.35201671945296e-12,2.44817862340748e-10
96.8116421970746,-1.39263379105395,0.217356414354379,1.06800973270248e-11,2.7915956523936e-10
5676.32543554406,-0.623529537453132,0.0952724965273258,1.08815438825973e-11,2.83993434350213e-10
50.973943983599,2.12506190944825,0.336349980327398,1.1435736148421e-11,2.9800488790408e-10
153.845999831807,-1.42434907404509,0.224648357785985,1.14610926726474e-11,2.98213816757734e-10
520.177549654541,0.779809593912084,0.120070097145744,1.15016290210514e-11,2.98816491741786e-10
139.52179467473,-1.19395683237414,0.186365991919947,1.1995119365823e-11,3.11167508254586e-10
1696.64524109965,0.829949906753703,0.128585704365645,1.23184126015494e-11,3.18881071649934e-10
463.406444235441,0.824976855077897,0.127641994767606,1.23295489648937e-11,3.18881071649934e-10
2176.57809578364,0.610267547054559,0.0931991858480965,1.25409686881889e-11,3.23862042744985e-10
521.750067145136,1.12282818878503,0.17707875419592,1.35056662803182e-11,3.48251805629973e-10
64.1739815219379,-1.63786870738541,0.257435717155217,1.37035506363928e-11,3.52825400292395e-10
1569.8227889832,0.733302021314928,0.113749074724753,1.40149526893288e-11,3.60303694026557e-10
675.091127160493,0.936741992220176,0.14670675877051,1.5302348196035e-11,3.92813562124784e-10
812.950853967079,0.638767328959506,0.0982556797939338,1.55163521122802e-11,3.97713472398074e-10
105.917364991196,-1.59410730251715,0.254253353254608,1.59611247621128e-11,4.08505036880324e-10
243.241365611252,-1.517358323648,0.244280882679172,1.60005803148859e-11,4.0890636082574e-10
1276.4426335859,-0.760067993386558,0.118167881833577,1.61477976028206e-11,4.1144588291987e-10
1030.99548489399,0.765203362038609,0.118686707077452,1.61266019883841e-11,4.1144588291987e-10
220.413895340013,1.08945488889233,0.171418086435307,1.71981735945016e-11,4.37561224337031e-10
563.699065950998,0.724115750199611,0.112260179219028,1.78679079675598e-11,4.53929319252676e-10
769.98257241294,-0.738401965493529,0.114798653492754,1.82850517424659e-11,4.6384160017503e-10
458.314317918232,-0.740206228969932,0.115044698685513,1.84619443566574e-11,4.67639147260899e-10
90.5060055362931,-1.34473842746747,0.212655379840467,1.9433470624335e-11,4.91523913629321e-10
255.496646781894,4.8253517767674,0.810596889984604,1.97238542990809e-11,4.98135932584276e-10
1494.26778701764,1.02904268363805,0.163129447341725,1.97529740479956e-11,4.98139883653191e-10
4835.94583451077,0.887081075011773,0.139807952289529,2.06790125057748e-11,5.2072962823839e-10
1039.42617173019,0.694831104170972,0.108056000427212,2.10504775218207e-11,5.29308717686834e-10
2277.35728853716,0.709909366959403,0.110690322102061,2.1214402902733e-11,5.32651847480445e-10
2611.56134418663,0.570134258542048,0.0879642854864056,2.17328663712167e-11,5.44874006878362e-10
7171.97042874792,-0.697209194481532,0.108667577467101,2.22675974405917e-11,5.57467843348962e-10
1259.9729549307,0.786704532597285,0.123079975496869,2.25175615917965e-11,5.62906310780972e-10
1342.05746325168,0.722049346240608,0.11290456441979,2.32167295440412e-11,5.79542135599368e-10
99.1981923073738,1.78594785410701,0.289654073452049,2.41559006931722e-11,6.02112081191115e-10
814.813839680454,-0.736339670871055,0.115509303185741,2.50716903666721e-11,6.24034736058456e-10
85.8170235325622,1.41017831450067,0.224807365538286,2.5387752098874e-11,6.30988364665512e-10
523.222927417001,-0.739822163378155,0.115952627495924,2.60185953691093e-11,6.45734230524258e-10
5055.74220264736,-0.65834570836014,0.102881779410305,2.72601526915776e-11,6.75572573692282e-10
962.360733146991,0.587393147849703,0.091253629918499,2.78863524397786e-11,6.90096943326262e-10
200.991082340017,-1.44176078690968,0.233547077550511,2.9760306015965e-11,7.35413079265204e-10
247.84933095515,-0.992845695315351,0.157789532318468,2.99286692563735e-11,7.38512457016311e-10
1217.36936123917,0.744494026589149,0.117408540257658,3.07476323576665e-11,7.57633995586684e-10
77.9228556360629,-1.45482628356533,0.233402493548089,3.23741839518993e-11,7.96571659211325e-10
1602.77295509412,0.628629331818397,0.0983729194385553,3.25435062557347e-11,7.995939487034e-10
2599.939116591,0.63458335047213,0.099649380121593,3.39353349417536e-11,8.32601748449672e-10
165.592827730749,1.21030738584564,0.194601511039969,3.44321781644482e-11,8.43588365028981e-10
280.902756389771,0.850947202516535,0.134785994432504,3.45060708051658e-11,8.4419617607119e-10
2124.40095764702,-0.567646407544912,0.0888228123829924,3.6180928611596e-11,8.83914476123352e-10
1024.203135396,1.17452980607995,0.191326936379922,3.99052963634316e-11,9.73519421495972e-10
707.136655887366,1.08958862615311,0.176492608941413,4.11215059837757e-11,1.00176881220249e-09
378.674261561622,-0.905873976020032,0.144798649661838,4.12904755232004e-11,1.00446236000498e-09
335.645121541343,0.936385134962605,0.14992554003418,4.20140891608424e-11,1.02062192016572e-09
752.062489844711,-0.681235878583402,0.107639849683995,4.24857289671688e-11,1.030623487315e-09
5946.9754400785,0.701851267850229,0.111555973688445,4.40733800922885e-11,1.06763107634827e-09
6548.42816032788,0.850594842903669,0.136954435207733,4.41500965425659e-11,1.06798524674485e-09
2093.21030745476,0.714835074000595,0.11350646903881,4.43457747950313e-11,1.07121205154458e-09
359.186237221572,1.09965449325804,0.178352640411771,4.65094878336389e-11,1.12190277875281e-09
940.809159348076,-0.941232679016097,0.151934625059938,4.84306915486318e-11,1.16660989348028e-09
41.6007579824188,2.23296603194394,0.364675630736506,4.94114383998187e-11,1.18856969096291e-09
300.501653941577,-0.925731712412254,0.148757754890274,4.96902243776233e-11,1.19360638138372e-09
925.687133209283,-0.919717126078113,0.148357448391924,5.00626522617755e-11,1.20087525278979e-09
8675.85278405502,-0.954177335092259,0.155035674866315,5.37556639767244e-11,1.28766527121961e-09
385.608250643067,0.861577446934598,0.138681149046166,5.87277108463421e-11,1.40480931689324e-09
90701.221490925,1.79810743049368,0.299303582135783,5.89134832536561e-11,1.40729583122171e-09
280.37112483618,0.843939709630009,0.135747849081109,5.93852117549655e-11,1.4165967503102e-09
1750.91370842937,-0.662970648317122,0.10562567477486,5.96681432422708e-11,1.42137450917426e-09
349.207350154872,-1.51480718720653,0.253816639639312,6.1046500022013e-11,1.45019164900359e-09
583.553782083655,0.716504454572564,0.11450044238496,6.10106855570441e-11,1.45019164900359e-09
229.614675937008,0.896909387554682,0.144642807122022,6.25333780294971e-11,1.4834642327301e-09
9781.37436047288,0.588007618195508,0.0932909099043376,6.47470244589589e-11,1.53386236042649e-09
321.823118765548,-0.827630073571501,0.133202528289572,6.55704424140904e-11,1.55123251592839e-09
2237.97842426563,-0.587687626049249,0.0932484109081048,6.77595149392878e-11,1.60081854044067e-09
89.2586471570506,-1.67326326972489,0.278028257480958,7.15042163898743e-11,1.68696984593889e-09
584.676129510131,0.986294790340027,0.161044291741441,7.49502867773061e-11,1.76584929079848e-09
19215.9174548113,0.717925003664245,0.115358022488469,7.65757266694206e-11,1.80167704923032e-09
2661.49954606506,0.555922812980711,0.0884076397655701,7.79815483026435e-11,1.83224678860268e-09
2278.86921930275,-0.798140003815262,0.129714559545588,7.84208015007268e-11,1.84005370397135e-09
317.668227256337,-0.851699405802991,0.138108416386949,8.05842659158804e-11,1.88824085761203e-09
341.029294545147,-0.804756083646351,0.129632850564742,8.54241044076344e-11,1.99892404313864e-09
748.290191641237,1.03831254062759,0.171009936842903,8.56776663690172e-11,2.00213340201186e-09
886.119522878613,0.666117278743558,0.106982899556638,8.61311083732687e-11,2.0099985521192e-09
852.873310433869,-0.764121541399113,0.123990864312183,9.13535596086315e-11,2.12898356600116e-09
345.41270273551,-0.82681093612091,0.133944615676116,9.3163695175851e-11,2.16823057284095e-09
595.387398435023,0.680731234159164,0.10977075432397,9.63969959115837e-11,2.24044855768017e-09
45.1373154384493,-2.07487005668764,0.344589080860938,1.01132738235396e-10,2.3473440822005e-09
6433.77129390639,-0.84375035679951,0.138354669016282,1.0649905179151e-10,2.46856764388434e-09
686.552388837015,-0.669954987940984,0.10830403378864,1.07469328310093e-10,2.48770521884964e-09
1139.24040445834,0.623890655979223,0.10101577706174,1.08242250306819e-10,2.50222911697175e-09
1156.28200169164,0.735815984685274,0.119705137331774,1.10957858756561e-10,2.56156270168334e-09
1021.91781434796,-0.706814408948329,0.114804135924614,1.15710904722682e-10,2.66771025512788e-09
1846.94126245929,1.17370241467268,0.197039835486589,1.17229785491969e-10,2.69910988042352e-09
145.382858228594,-1.10011752481148,0.181654825578137,1.18429933847179e-10,2.72309683454229e-09
888.110126022886,0.665260302817959,0.10783443613572,1.22835583997359e-10,2.82062644749076e-09
892.046416131475,-0.631806652574359,0.102422301097014,1.3844818317472e-10,3.17489373656268e-09
456.936554408992,-0.70086145291847,0.114313224025238,1.4423934633963e-10,3.30329230052635e-09
54.3566583336,2.27446687581904,0.389996789762481,1.46151903630253e-10,3.34264174273501e-09
221.178738119988,1.08051040362245,0.180118282431758,1.53483665832879e-10,3.50566476581631e-09
496.616499062555,-0.812207590270287,0.133979386000528,1.59452610722664e-10,3.63716903424284e-09
1016.31034763159,0.879611413209515,0.146008687544543,1.59888067969731e-10,3.64227136557801e-09
484.967186125537,-0.808084635126525,0.133336095796288,1.62555855802786e-10,3.69814571951339e-09
102.124875139591,1.26464405183511,0.211604063142752,1.62787684869078e-10,3.69852759849838e-09
7932.90791230478,0.717017690897859,0.117368012002214,1.6472406140122e-10,3.73745879395126e-09
302.129728553968,1.20760954183584,0.20257975388844,1.64935823280947e-10,3.73745879395126e-09
527.78743355785,0.686715930019511,0.112443964124232,1.6718081425322e-10,3.78334582150149e-09
488.47226723281,0.711480953565739,0.116621028454972,1.81041627839083e-10,4.09163594902023e-09
490.473618590467,-1.25797690382695,0.214370039311423,1.83019571755636e-10,4.13091025541363e-09
19572.6654669686,0.627928375880796,0.102974549912605,1.95987223388693e-10,4.41780374189007e-09
47.973147053693,-1.99399107619119,0.338541802006672,2.07305670993244e-10,4.66681967985969e-09
305.630850337069,0.819188104903694,0.135966409775495,2.13757662668634e-10,4.79950135801283e-09
620.144601014852,-0.624104369509803,0.1022519487649,2.13671922530948e-10,4.79950135801283e-09
289.326708123148,-1.30670001624283,0.223480307993077,2.18358661673488e-10,4.89641541345805e-09
1304.14860986171,0.627685723148594,0.103233804281619,2.31476911706186e-10,5.18381693285767e-09
309.528069783599,-0.82638021920594,0.137880832908694,2.38380440121298e-10,5.33147618939688e-09
1161.1638669919,1.07400367799608,0.182547018108848,2.40214448641127e-10,5.36551727555681e-09
745.307596693595,-0.754724457156832,0.125664208438256,2.58583517701776e-10,5.76832415168982e-09
434.797982408681,-0.994820626953597,0.168428660630568,2.65152239210876e-10,5.90719347433659e-09
192.663409720643,-0.956063151343941,0.160416694968445,2.7032969858052e-10,6.0147483646654e-09
652.788245689716,-0.72652244645034,0.120632403211069,2.8540049380273e-10,6.34186446112810e-09
302.445050736005,-0.921273649354995,0.155333143198493,2.91523755748319e-10,6.46957041950367e-09
33.2328685808168,2.35490289390022,0.404764925431759,2.93678149201212e-10,6.50898258777275e-09
4251.28315775516,0.515381096612486,0.0846746943277811,3.04559618426186e-10,6.74146831056881e-09
1735.11039147094,-1.0338043770585,0.176853543846863,3.07759902221506e-10,6.80355084615383e-09
144.867994270989,1.17204226807884,0.199754460106938,3.08286780850807e-10,6.80644973536975e-09
651.42123641232,-0.766938193311021,0.128475585800367,3.22533626134939e-10,7.1118664562754e-09
52.1738886943681,-2.14855548001215,0.375167426122113,3.27728708672906e-10,7.21716525027568e-09
1528.13869239158,0.704398864603867,0.117532749329246,3.33626600604734e-10,7.33765205089618e-09
101.649026966721,-1.29339126399068,0.221155088090245,3.47334083341119e-10,7.62937279614802e-09
516.756648879012,0.99467162511239,0.16999085716884,3.70457945678652e-10,8.12692118332542e-09
9753.64040951792,0.794023264798895,0.133453261412683,3.71073650729729e-10,8.13005824063772e-09
704.775697026799,0.740155644497239,0.124347060972093,3.92572592640582e-10,8.59014760919258e-09
124.399123514128,4.40818516563374,0.830643409105855,4.07091813145812e-10,8.89653379198834e-09
115.788334944023,-1.20408889951843,0.205765062192493,4.12259828897472e-10,8.99804162082184e-09
12559.4812696612,-0.607619084176536,0.100365579562845,4.22852861492875e-10,9.21754925832188e-09
68.9140153820401,2.6259365647254,0.481936966910376,4.33284425414136e-10,9.43298586417433e-09
72.4453334161653,-1.8037358801299,0.314077928593562,4.34421453952739e-10,9.44578329523787e-09
1484.02011643647,-0.53832228077298,0.0893856149734606,4.59273346871248e-10,9.97353824853358e-09
507.732082392951,1.18329547574216,0.206429639792326,4.96898275208192e-10,1.07769904606629e-08
658.921998574192,-1.09880598550571,0.191300192041479,5.02302581115292e-10,1.08804812249394e-08
416.637966093808,1.00935697850257,0.174386179980192,5.28255995672188e-10,1.14282702761836e-08
7182.09594743796,0.493578414379296,0.0822950469525057,5.78027771838459e-10,1.24893211656403e-08
604.36504073518,-0.636452872841726,0.107379783248797,6.09905305776949e-10,1.31615575333221e-08
1667.2065802808,0.74243250570197,0.126828477883378,6.10841801318157e-10,1.31652482968308e-08
120.162471590601,1.33368891677476,0.231572381707784,6.25629790591449e-10,1.34670923258853e-08
22111.621827962,-0.632850839960749,0.107760991173449,6.54829964166559e-10,1.40780256921258e-08
789.710405369422,0.709870388406991,0.120992452351438,6.67416522717135e-10,1.43307075832859e-08
15062.8332487468,0.497222497533109,0.0831807183031431,6.68744113304437e-10,1.43413092328217e-08
285.106550803939,-0.949570988097727,0.164201171162198,6.86754263421819e-10,1.47091987255191e-08
3862.82535943574,0.596779327002946,0.100984950386831,6.87989678943159e-10,1.47173314529147e-08
1200.06414123894,-0.522491478429311,0.0878236078245485,7.22329641524421e-10,1.54327298193522e-08
3049.35181016096,0.564933185348628,0.0955020548760192,7.26534675082036e-10,1.55033125021538e-08
426.172680754646,0.8233345548519,0.141688381533839,7.46892818278548e-10,1.59179796549848e-08
18.9965543754308,-3.73857706653454,0.647430919272819,7.49755420693132e-10,1.5959212228343e-08
73.7853169207484,1.39744593648518,0.244498653316705,7.66706929517496e-10,1.62998670961328e-08
870.088611274803,0.583150390291965,0.0987154197999798,7.87532848214995e-10,1.67219474770984e-08
101.55075557069,-1.22916720591404,0.214287579162741,8.03477729801094e-10,1.70394740750296e-08
44.3700820992359,1.79483471799752,0.316063953859918,8.27022508736335e-10,1.75171922755619e-08
1570.87349368866,-0.575284030807905,0.0978574575847671,8.92388285866536e-10,1.8878457722778e-08
435.70497649628,-0.69186820921368,0.118612114568473,8.97223613854282e-10,1.89574311236853e-08
1606.04183666492,0.53706382965134,0.0911037853778921,9.7493519885841e-10,2.05741232946819e-08
1272.07449538524,-0.702104900426517,0.12098477026273,9.86341775922716e-10,2.07893286814887e-08
1574.45169577605,-0.583774634879857,0.0995498456445842,9.97578502607743e-10,2.09635176957716e-08
136.462351656476,-1.23371646882733,0.217586932187836,9.96601635032888e-10,2.09635176957716e-08
102.365578987178,1.76122528005806,0.320266358836958,9.98262747417696e-10,2.09635176957716e-08
836.866762339808,0.732255920480515,0.126610353016826,1.02068152902415e-09,2.14081727044955e-08
466.418373453867,0.941051344102985,0.164974397192441,1.0348909079371e-09,2.16797670226676e-08
2072.10834123903,0.764004014649186,0.132558141743794,1.12373161588565e-09,2.35122385177825e-08
2228.07939215186,0.511891613966309,0.0869382472174409,1.15403827610889e-09,2.40877479499962e-08
1490.16403711066,1.73698577211518,0.315270111924231,1.15364796963474e-09,2.40877479499962e-08
364.884533263475,-0.874973170922874,0.153309045751201,1.18599092447943e-09,2.4724676254693e-08
1012.88678362013,-0.572404008510714,0.0980069463346663,1.20080662494883e-09,2.50032362499939e-08
642.030883336916,2.5288409825844,0.47191935188806,1.21387435858159e-09,2.52447703666805e-08
143.86104246418,-0.970955661841488,0.170270325464047,1.22025927140049e-09,2.53469072570255e-08
113.955506146146,2.21210369383238,0.402817980209938,1.25897751865187e-09,2.61196071692323e-08
4098.88166892522,0.955195277291304,0.169642995323495,1.27377317912749e-09,2.63947288045949e-08
2024.64871083125,0.551522158972079,0.0945286320693809,1.32199599714389e-09,2.73610218470249e-08
48.538053932457,2.1461373742011,0.392080262038946,1.4167808520668e-09,2.92875166763183e-08
400.904775158106,-0.763066247871228,0.133356663501245,1.43776103002477e-09,2.96499423925612e-08
26.1186291163977,-2.77805798813001,0.496673896938315,1.43702136868979e-09,2.96499423925612e-08
279.704469001767,0.852298230690796,0.149673911056564,1.47488171513772e-09,3.03426921275761e-08
168.819246574388,0.97981709144479,0.173132465370532,1.47357749278939e-09,3.03426921275761e-08
817.246524998766,-0.555765866573983,0.0955978198665888,1.51913089069689e-09,3.12156895927071e-08
8204.42273226525,-0.500858348958175,0.0844928885097987,1.52471077386859e-09,3.12929601429188e-08
3485.97981610225,0.509970592292822,0.0874145937655923,1.52661250502631e-09,3.1294646572047e-08
10412.8679936463,0.493396065591748,0.0846212881643769,1.53768452408133e-09,3.14840906305652e-08
151.653399854069,-1.27295862488933,0.228823715891873,1.61711857311207e-09,3.30711323887688e-08
3348.04564429578,0.545007012270342,0.0939060301656036,1.63367877106999e-09,3.33701201705852e-08
595.41393672656,-0.628150139731421,0.109054458181082,1.67022312983068e-09,3.40761181612785e-08
1195.94587770195,0.513543579524301,0.0883384495790565,1.71677521881941e-09,3.49843803180984e-08
160.560963526839,0.915971620008866,0.162263408994733,1.73500509485024e-09,3.5314026776721e-08
1244.70280923034,-0.866900053004028,0.154216661730143,1.80889047463416e-09,3.67743584789988e-08
746.754673507167,-0.814853609681175,0.144433576326797,1.84621366810474e-09,3.74888180374657e-08
2286.82901740409,-0.587403201008755,0.10220752397296,1.86635550405156e-09,3.78531230120079e-08
1077.03676611559,-0.684995016267633,0.120231637179175,1.91142653676374e-09,3.87215842235566e-08
2892.9955914245,0.508025859103423,0.0876561160338595,1.97569187553071e-09,3.99763818438267e-08
205.24065129687,0.886554830605058,0.157650843888707,2.04033320406423e-09,4.12358293498245e-08
21.04606293784,4.47845926766047,0.812684083502555,2.09497185414252e-09,4.22904001401376e-08
4744.68134327256,-0.585817268767885,0.102160213249063,2.11697849060247e-09,4.26845405156763e-08
533.938604849662,-0.695636733177094,0.122344444470554,2.13469216548495e-09,4.29913004147256e-08
245.030373944941,0.796195185713108,0.14083152112785,2.15229955724091e-09,4.32952047777618e-08
29941.9289791345,-0.520538380487256,0.0906140927160496,2.1650466769964e-09,4.35007450907256e-08
1046.62705464066,0.583465406067424,0.101921602185034,2.19773114543631e-09,4.41059252863001e-08
7154.54651867427,0.502573994455554,0.0870943969852904,2.26915312300787e-09,4.54862057839305e-08
916.311580627889,-0.817221420606949,0.14619346905633,2.36783610888647e-09,4.74090957354348e-08
986.33253603738,0.532316409397877,0.092633987580731,2.42705167708441e-09,4.85382113885753e-08
42.2216644711374,-2.51406119183106,0.474128003413301,2.44340187103746e-09,4.8808442253163e-08
895.182531144649,0.608092158185686,0.106697748944175,2.46505170444583e-09,4.9183786850074e-08
635.165428418607,0.805436997642855,0.143769947493164,2.48057766103271e-09,4.94362169085766e-08
2964.31600852473,-0.680470386220441,0.121018722611687,2.49061002141404e-09,4.95787057387733e-08
5720.14043369991,0.655777907656013,0.115505438296656,2.55761009021029e-09,5.08535675624588e-08
837.058681683912,-0.724020869929691,0.128828858977162,2.56456030472015e-09,5.08741322732201e-08
1929.0809498311,-0.591076598340104,0.103852184830293,2.56411684527012e-09,5.08741322732201e-08
7630.67467838299,0.480121356031171,0.0839195882653175,2.61246180321523e-09,5.17469219226689e-08
22.4842175970395,3.39289684119449,0.62500822661853,2.61457498405717e-09,5.17469219226689e-08
3118.75754209525,-0.572961371231582,0.100617237347567,2.67693168840932e-09,5.29201702401746e-08
71.5424984383949,-1.62660068303019,0.299578617812776,2.69454857112506e-09,5.32072799940068e-08
176.120102872193,-1.02495390865855,0.185301877511238,2.75104455211161e-09,5.42605679492748e-08
1435.09971717734,-0.648650457708486,0.114796079338502,2.83632752085761e-09,5.58785762098854e-08
9395.38932028728,-0.602379399314842,0.106160107345919,2.87654794597076e-09,5.66061191335824e-08
1252.64741588098,0.736490617898645,0.131654966325911,3.03820359332315e-09,5.97189298303599e-08
144.343134246466,-0.982670552823652,0.177596254338793,3.04738090466385e-09,5.98309408439653e-08
293.202009487727,-0.728044238645589,0.129815331223282,3.10364002059467e-09,6.08660258998948e-08
130.854051625243,0.998421304999183,0.180519683196535,3.16181860915206e-09,6.19363533699387e-08
146.616364116156,-1.40375140425498,0.261631697895778,3.33528826404464e-09,6.52600942585936e-08
31.7732989171824,-2.06335879986858,0.379470847076828,3.33971172540595e-09,6.52723885968829e-08
1758.29130076983,0.955586652913885,0.174947627340139,3.41265297257343e-09,6.66222684169017e-08
5778.32117108533,0.459832352048537,0.0803506868888346,3.42910514871527e-09,6.68675503999478e-08
965.387231030163,-0.525876914849453,0.0924598848695923,3.48830692554778e-09,6.79449499575269e-08
875.00407504629,0.553812621139441,0.0978526436957656,3.72745989328331e-09,7.25210211590267e-08
597.140380370002,0.601988772544055,0.106851759293174,3.75896637240026e-09,7.305137021346e-08
419.617098339018,0.752261868012627,0.135368600175319,4.03980924711185e-09,7.84206311976036e-08
497.233599888041,0.663487775107582,0.119032863807599,4.08255565631444e-09,7.91610763618399e-08
973.464554893462,0.609597005365182,0.108553962879915,4.1935191292059e-09,8.12210985396535e-08
17519.5046944463,-0.726494723905112,0.13144093597394,4.23536087807674e-09,8.19392258065713e-08
1380.58648559032,-0.903630360127574,0.165972186282001,4.37658873165868e-09,8.45763478604468e-08
328.816223227112,-0.719292114795991,0.129677351983478,4.41844310757116e-09,8.52893411976614e-08
24420.971768244,-0.458958471730438,0.0806836210595777,4.42620890691807e-09,8.5343460751215e-08
341.466265564613,-0.783374569681857,0.141795790680529,4.48678666654891e-09,8.64146068062427e-08
2100.23528372569,0.710424531659888,0.128953821021969,4.58110191036112e-09,8.81324068862427e-08
1858.29253385527,-0.723586320781271,0.131125049017427,4.6876552870787e-09,9.00815455670018e-08
301.413315152031,-0.84590685461951,0.154196554028944,4.73268452874655e-09,9.08453584932054e-08
410.539772221317,-0.67864349797767,0.122099315534382,4.76310544595388e-09,9.13273696376375e-08
2380.45175411497,0.871140466203309,0.160803966994858,5.04423129710455e-09,9.66099488629188e-08
185.173249048939,-0.991750066472016,0.182667577514784,5.08547477809002e-09,9.72915247034152e-08
124.964343266453,-0.995585141967507,0.183012958680941,5.27791510353053e-09,1.00860957628468e-07
3888.38043468716,0.547199591454386,0.0978819871079642,5.35142113274084e-09,1.02152155451731e-07
14153.8012629902,0.839682844966934,0.154898834420472,5.42409885817662e-09,1.03310161973178e-07
302.313728188422,1.03735008107662,0.19283469957302,5.42296908391082e-09,1.03310161973178e-07
1228.23885414968,0.630668917346912,0.113476693287347,5.43244262888607e-09,1.03354624750234e-07
1714.29656007693,0.670531545821533,0.121144215435374,5.51446868333118e-09,1.04799278325539e-07
1193.29634106125,-0.892376020204468,0.165228555514066,5.56291481471394e-09,1.05603280240911e-07
20457.1742907075,0.433920081355205,0.0765319050862142,5.61441589392579e-09,1.06463438764752e-07
82.0699616518465,1.3963076513601,0.261583581028888,5.76793865864257e-09,1.0925415968061e-07
3079.84338140083,0.52633432608633,0.0942618519259287,5.80654630780076e-09,1.09864455388191e-07
1548.69909943936,0.765565204962953,0.140064461867308,5.81766323193918e-09,1.09953835083651e-07
1560.9058235581,-0.668928846266504,0.121654490665459,5.8385446928265e-09,1.10227365721101e-07
6557.93547415855,-0.532143358919669,0.0952737757221311,5.85321463448885e-09,1.10341770697411e-07
247.785673834057,-0.801454853612703,0.146596515378809,5.85743570246738e-09,1.10341770697411e-07
1091.71954056396,0.52862573097185,0.0946184650715874,6.09044819062837e-09,1.14605709442688e-07
391.098283904998,0.718394831630172,0.131276219086231,6.10810903268034e-09,1.14812423227398e-07
323.260536748778,-2.40179988957512,0.474056619048459,6.36557708054084e-09,1.19521353939107e-07
228.768892947064,-0.86190190166185,0.158742973757922,6.51610907769126e-09,1.22214351174713e-07
1140.92985528076,-0.544518628593992,0.0979013097033283,6.62597773387259e-09,1.24139641661084e-07
128.433769333374,-1.81047698566048,0.354090415271384,6.64725454509693e-09,1.24402753994692e-07
7629.03227233442,-1.53338069943279,0.294471757896507,7.11247445851045e-09,1.32964617621654e-07
13548.5255963038,0.743988146780498,0.136996937288691,7.15413229129016e-09,1.33598177283278e-07
105.257440103071,-1.13163343870082,0.211724467776493,7.17256800049769e-09,1.33797176833579e-07
2852.54104299515,-0.518205973571327,0.0933015398634875,7.31196581865282e-09,1.362497292687e-07
937.680043328167,0.79578814821342,0.14725270787664,7.38465765373896e-09,1.37455332236641e-07
3956.09672018176,-0.616266355906319,0.112310348952675,7.55789972374469e-09,1.40527910647227e-07
64.7046064471756,-1.40046618571322,0.264225627425819,7.57175605137748e-09,1.40633512232874e-07
1337.79387432945,-0.488588463882577,0.0877861886895529,7.5814512040638e-09,1.40661682048213e-07
12136.7424720648,0.705552348614236,0.129743909576413,7.59682631965072e-09,1.40795060206544e-07
403.36746584125,0.749441872586444,0.137996246181081,7.88141932857953e-09,1.45912304663336e-07
840.606673021963,0.65246920766414,0.120126091782482,8.00856884864552e-09,1.48106855513822e-07
118.251180615183,1.10935632217325,0.208613637025432,8.04973767170623e-09,1.48708311724678e-07
5943.32380787641,0.567716589498204,0.103011142813245,8.24273873098522e-09,1.52110368491647e-07
50.9163564097109,-1.70254192734424,0.324364925674917,8.37475219771438e-09,1.54380882152722e-07
3631.15056594616,0.542356826383359,0.0983070399464032,8.57464482760023e-09,1.57896484357491e-07
868.288254087231,0.604997768682887,0.110488489068366,8.82338500512914e-09,1.62303100217343e-07
408.527874646873,0.704509617564688,0.129704428822524,8.93503543068302e-09,1.64181276038801e-07
324.719892017518,-0.702905519906914,0.129517150563534,9.00847183077556e-09,1.65354009623809e-07
335.784119097149,0.661588925923059,0.121671148518975,9.33124208643575e-09,1.71055122788642e-07
629.773780508078,-0.649660007607991,0.11936330922637,9.33895925917409e-09,1.71055122788642e-07
3123.27842462849,-0.710771638739032,0.131763746629256,9.45556949637012e-09,1.73006744434117e-07
1859.49712664842,0.687596538094347,0.127079966662798,9.70090734759711e-09,1.77307019629461e-07
5227.46568559887,1.629762910966,0.317917614767989,9.88413916031229e-09,1.80464235051179e-07
34.5064480278762,-1.96083540348174,0.374476938225506,1.00339250725096e-08,1.83004747955559e-07
596.816207528143,-0.67856422277914,0.125377656838107,1.00834442371502e-08,1.83713090502909e-07
776.333388798849,-0.724106775302306,0.134782065267412,1.03495699052457e-08,1.88362172275472e-07
1045.56011534151,0.547333360469233,0.099880454362507,1.06305622466485e-08,1.93271712558253e-07
540.866529703389,-0.651090478351301,0.120210023466253,1.06596351303842e-08,1.93595633165236e-07
1971.89340717032,-0.534541487377557,0.0975466775499537,1.08136931153168e-08,1.961864007282e-07
9613.67731159199,-0.525364681797657,0.0951001325804428,1.0851101150119e-08,1.96657627693252e-07
1441.15013922753,0.62715140334249,0.115592993290506,1.09677883667585e-08,1.98563149599874e-07
1531.31108162329,0.710082384357864,0.132235984131455,1.16187389541201e-08,2.10126909854796e-07
1145.76885167812,0.765142276274846,0.143568341475665,1.16482836118242e-08,2.10439947310677e-07
44.9426962180098,2.0055203660109,0.393733375170193,1.16713509425022e-08,2.10635430073552e-07
548.556538814858,-0.639482541298682,0.117795416914154,1.17453529549169e-08,2.11748768838172e-07
1568.2093433574,0.510065993855496,0.09287983673006,1.20019427108899e-08,2.16148076109525e-07
1994.98396839885,0.473468539823952,0.0861320518980501,1.21387465642407e-08,2.18383161253531e-07
2574.77177168312,0.538558802626618,0.0995188810862414,1.23286015834393e-08,2.21519616974334e-07
190.567008151954,0.841527526071882,0.158098466636636,1.23388448782727e-08,2.21519616974334e-07
137.03925269266,-1.05277315459167,0.20083276563642,1.30963618486346e-08,2.34874168336462e-07
1016.20157535107,0.695398704468117,0.129862046022279,1.31933956149854e-08,2.36367928314723e-07
315.879211138608,-0.749192646752461,0.139815261368485,1.32700974924628e-08,2.37494700075824e-07
1038.30357652188,0.507419491534297,0.0926716522483484,1.33071588138671e-08,2.37910420415489e-07
389.865743324481,0.680546321308229,0.126703687796753,1.33421867442316e-08,2.38288961385296e-07
36.3672128176528,1.81221572852266,0.349917283519514,1.34625828368776e-08,2.40189794825163e-07
39.3494505580774,-2.2128465971195,0.439617726430383,1.38810598650474e-08,2.4739932499373e-07
64.3449865202628,1.33819746282597,0.25751830132418,1.40114059299803e-08,2.49463944709866e-07
69.3950611971393,-1.57560170422864,0.305024490083261,1.41850267578008e-08,2.52033342156422e-07
520.06988165598,0.75061035514314,0.140819951189593,1.41808162533366e-08,2.52033342156422e-07
157.470865497684,0.872752311941762,0.164919709460972,1.42783853086826e-08,2.53430287847298e-07
89.5786862786716,1.53482906761426,0.300336813451284,1.42943955840856e-08,2.534528965471e-07
270.63735133544,-0.727697267496065,0.136400336481495,1.4469225218521e-08,2.56288573154834e-07
966.006119261009,0.565516927846697,0.105338101609799,1.48037525434963e-08,2.61944176950199e-07
5738.7978842139,0.480661083428025,0.0881072663915897,1.49432753654822e-08,2.64141205561077e-07
1838.91579488612,0.790774510535771,0.149946126470698,1.50056082206794e-08,2.64970693826967e-07
2795.10571231086,-0.815589365245921,0.156438551048251,1.51578577064003e-08,2.67384609940902e-07
18.2283290708815,4.02693882565393,0.787126140452507,1.53152810851456e-08,2.69884753466618e-07
440.019930835324,-1.04260970294548,0.202780706796951,1.64214808473456e-08,2.89081933565503e-07
256.737217188201,-0.992956151091967,0.191179946283618,1.70362131589343e-08,2.99596963313406e-07
714.356448048767,-0.54620941405606,0.101274420631325,1.7111620737228e-08,3.00615694647176e-07
4091.13517288913,-0.437389348800769,0.0803838939800011,1.77579903920355e-08,3.11652731380223e-07
1011.60281148102,-0.565907032893326,0.105363807740228,1.77866565494174e-08,3.1183762078841e-07
238.497043729784,0.76835385103607,0.145332519947817,1.84051284022186e-08,3.22352141944763e-07
491.56047114586,0.577833639820814,0.107673613595073,1.84903091203047e-08,3.23514574323622e-07
91.3299137414456,-1.35632274203972,0.266432476574698,1.95822321818094e-08,3.4227114968998e-07
24.3470780996973,-3.75079696823347,0.743793882976664,2.00306773272161e-08,3.49753928274913e-07
780.58829496073,-0.544432601840768,0.101550498019491,2.0511630105407e-08,3.57788566108413e-07
924.580369723838,1.83654069326017,0.371360237983338,2.08214385081304e-08,3.62824641237421e-07
1975.40912461875,0.50656012667681,0.0941951242412329,2.12543943925407e-08,3.69994260280676e-07
103.01119911057,1.32881811065511,0.262065068964617,2.19204970185745e-08,3.81203870801276e-07
1449.9445898512,0.772636684240118,0.148065071654561,2.20396392613363e-08,3.82888642076488e-07
3472.41441848956,0.470853294442044,0.0873351377211884,2.21830675681849e-08,3.84991502628872e-07
142.857426363699,-1.01150484489305,0.195928895715716,2.23914745132278e-08,3.8821670378327e-07
19736.2224823993,0.532321275857084,0.0996466657129872,2.26518693429123e-08,3.92335851791288e-07
1397.86688330212,0.523061455744796,0.0976759822565366,2.27683146012222e-08,3.93955978698613e-07
540.362653045665,-0.576272912011884,0.108338956765662,2.32628286674746e-08,4.02107929901403e-07
1046.52572875286,0.764869986501053,0.146778233342307,2.3428409616879e-08,4.04563470884238e-07
245.04497448773,-0.7557128328234,0.144014893596315,2.34984565437752e-08,4.05366052253149e-07
81.6467289987215,-1.20634917258491,0.235530028559037,2.38233168931175e-08,4.10558343932593e-07
311.542351934141,-0.717936773363877,0.136696037253807,2.42695086839991e-08,4.17531691317717e-07
827.368654089806,-0.587516225567239,0.110909489338167,2.42765097574113e-08,4.17531691317717e-07
1855.57503770972,0.594701178450082,0.112278065557318,2.44075393217493e-08,4.19365902891874e-07
1734.65153349674,0.479949342389137,0.0894403449462321,2.51680838437437e-08,4.32001870287971e-07
58.1734376949151,-1.46424346641018,0.286731055801827,2.52652423912643e-08,4.33237192310424e-07
2099.65311137245,-0.515103080321616,0.0965590783138808,2.61584310606557e-08,4.4810643009185e-07
323.340449646118,0.709584301131402,0.13566624481122,2.67916059025175e-08,4.58496348176515e-07
1556.31469432995,-0.472495186178871,0.088171084243301,2.70084900510873e-08,4.61748529213371e-07
180.858212143425,1.17647163861245,0.23424491716311,2.83553538248531e-08,4.84293674710673e-07
123.335987673422,-0.975020931727648,0.190002936752923,2.95143791620524e-08,5.03589094452519e-07
775.563425808587,0.957917004709275,0.18912456245415,2.97028407193295e-08,5.06302435611248e-07
321.99521994025,0.743384607251808,0.143203125828477,2.99269533975436e-08,5.09617496519161e-07
1593.27958345836,0.488622820885741,0.0916991245258824,3.01318107645613e-08,5.12598430603056e-07
2107.75828617748,0.4786574412568,0.0899326004012798,3.05075262283974e-08,5.18477216998229e-07
162.287583432149,-0.96691639212714,0.188946031529781,3.06807589806933e-08,5.20906588064111e-07
69.2432085921731,-1.24327619500753,0.245364345112962,3.1028209048845e-08,5.26065253749826e-07
393.94026097713,0.776425638460342,0.151030865198072,3.10457719958179e-08,5.26065253749826e-07
2068.95957443255,0.667938212012219,0.129374887061297,3.18586482677395e-08,5.39307964130759e-07
4217.68600894202,-0.459538370879504,0.0860425126067524,3.19575487062738e-08,5.40450226351232e-07
442.720611419658,0.719875430833182,0.139039023757366,3.28454634970546e-08,5.54920556665856e-07
535.463924233701,0.609096670994011,0.116367247605695,3.41206373162617e-08,5.75898764673587e-07
93.5454840847233,-1.41156098102975,0.285374407256077,3.51635637050863e-08,5.9291973741547e-07
118.585368667368,-0.952024409255,0.186829869202905,3.56109242469533e-08,5.99874912951371e-07
9346.22988401127,-0.544578993829277,0.103535657561676,3.57235492131001e-08,6.01183290524569e-07
2148.27660651466,0.504272973983671,0.0955478298952844,3.67826100646902e-08,6.18400890031874e-07
4544.92731695625,-0.425590808112152,0.0799090453660123,3.68678843689977e-08,6.19229241467178e-07
3458.27968523893,-0.561436227817411,0.107273592492129,3.69354716468401e-08,6.19759196930735e-07
798.589402000167,0.518974502130481,0.0984450441114769,3.7058747625152e-08,6.21221637821627e-07
244.768899752292,-1.21114042460393,0.245720545413101,3.73089157784699e-08,6.24198484896793e-07
52.714258018755,-1.52214745859556,0.304644603126509,3.72998178103886e-08,6.24198484896793e-07
41.5787470156669,-1.69285337894671,0.341297271090955,3.77936402099294e-08,6.31693700651678e-07
1374.93491951868,0.527771411592492,0.100427293146195,3.87189676250532e-08,6.4653157687698e-07
6478.42212415243,-0.816680721331856,0.161480743991385,3.89125593382444e-08,6.4913395543983e-07
409.022869758831,-0.606730610773995,0.116542631408557,4.07550357711452e-08,6.79211104872021e-07
317.342453174386,-0.823097707522385,0.161722617894697,4.12524026289191e-08,6.86834533218567e-07
837.11153178704,-0.626924722912142,0.12118015425958,4.1430334671332e-08,6.89129909102746e-07
3037.35761259377,-0.54137789900276,0.103972599880022,4.15528511639877e-08,6.90499987603308e-07
388.623833726179,0.664755877951038,0.128644284041242,4.29000319438054e-08,7.1219850328331e-07
1387.80396625726,-0.497598953114177,0.0947409363370385,4.31311210482733e-08,7.15344407819915e-07
614.282203811604,-0.550799723961311,0.105318968017847,4.34717806882621e-08,7.20299764987881e-07
881.212696188602,0.916116814457996,0.183020766519049,4.36212005571451e-08,7.22079911821307e-07
240.86729082807,0.710758708396169,0.138338773323279,4.43120917572469e-08,7.32811217435471e-07
170.898842826839,-1.00929251154541,0.200751318624726,4.4704289834957e-08,7.38587013325096e-07
684.242025660255,-0.522675072204745,0.0996569003064834,4.61331485191989e-08,7.61462592496835e-07
2233.00240717818,-0.498790221257247,0.0952647988430834,4.66773329360892e-08,7.69706087409202e-07
432.434486622503,-0.612442002989329,0.118633084021384,4.6738487203333e-08,7.69976284875598e-07
684.305555726505,1.03657489942036,0.210060207771289,4.70588678180567e-08,7.74512409189242e-07
89.0012659800151,-1.08276136593238,0.216148509067836,4.72791551773736e-08,7.77394062997753e-07
111.19247047954,-1.01221305439369,0.202021310452962,4.76750485080098e-08,7.82520516705628e-07
77.10729005219,-1.21823654510684,0.244051725349134,4.76819292695795e-08,7.82520516705628e-07
1248.24299841311,-0.47552261440703,0.0904701524482022,4.83490873986762e-08,7.92713016367809e-07
739.151024162915,0.613261829653095,0.118934592591863,4.84269850506153e-08,7.93234015129078e-07
12430.380702703,0.450464079886609,0.0857061157019418,4.93659722827186e-08,8.07845249562775e-07
1095.56738145798,0.697123589824544,0.13669426297812,5.06111023307104e-08,8.2743379181168e-07
1725.65684097083,1.56827754369657,0.325448036749664,5.07650115534411e-08,8.29161855372871e-07
2091.58864116706,0.520323943053249,0.100050586514724,5.24389600791954e-08,8.55690393170855e-07
287.325314823882,0.724846304784091,0.142191616962957,5.28637304373108e-08,8.61804075631572e-07
371.699936972969,0.727862935674435,0.143296702480761,5.3298526564901e-08,8.68069468172095e-07
170.062281117986,-1.02263987805141,0.206074518628664,5.3435535971133e-08,8.69477562126316e-07
146.696532382681,1.38799940054195,0.28850295691795,5.36576792239181e-08,8.72266942317739e-07
14501.6625382624,0.58719091695183,0.11451307276234,5.41270972572684e-08,8.79066993132917e-07
8381.89731988807,-0.417546675977947,0.0793649440129302,5.57742081725712e-08,9.04962836188729e-07
622.875839328833,0.567937606809752,0.110344851765023,5.69477073860404e-08,9.231325347149e-07
1232.02164946875,0.634174778673174,0.124718037943252,5.73173953068715e-08,9.28250359588402e-07
493.309056983632,-0.604134201558285,0.117653292658838,5.82301948860621e-08,9.42145928358779e-07
329.779853477845,-0.669452730317786,0.131177044721137,5.85291214729195e-08,9.46092443808968e-07
2264.23235573723,-0.718567657133742,0.142770905015974,5.93987806916829e-08,9.58348620184103e-07
193.653823970751,-1.05824944206833,0.215024248131196,5.93683413713168e-08,9.58348620184103e-07
2784.1017918153,0.536031618948926,0.103541440633743,6.00602241285421e-08,9.68112272527457e-07
477.268720672718,0.976948416851696,0.198307377325805,6.02156980376512e-08,9.69709541713074e-07
1491.93022287964,-0.444856467891434,0.0850440525921281,6.06603762394045e-08,9.75956792274573e-07
1901.23757401684,0.851376561516055,0.171761253472488,6.16106949348968e-08,9.90319945967561e-07
169.576428956689,0.94600085050233,0.190722344884494,6.19522135319278e-08,9.94879664365664e-07
1848.47265381421,-0.586951619351688,0.114510653782056,6.20417358691343e-08,9.95387887325784e-07
2698.52811421542,-0.424820058897901,0.0812563109246101,6.25480299991147e-08,1.00257555261395e-06
52257.0308472617,0.588644501412021,0.115024661575414,6.29765730865008e-08,1.00850473046064e-06
4462.39682137562,1.44693000219416,0.300376238976732,6.36185592715579e-08,1.01783776828979e-06
391.693204677748,-0.608988254461691,0.118926043332345,6.46542616396711e-08,1.03344669697091e-06
233.639908038459,-0.715954301571883,0.140941175876856,6.50012746790154e-08,1.03802871235319e-06
392.072966105746,0.929485820891764,0.187915806495016,6.53310788593198e-08,1.04232766725551e-06
3079.1710103207,0.491219566201124,0.0952234099118443,6.67030711533094e-08,1.06323088115456e-06
160.596025852109,-0.89491005088394,0.179559468192854,6.70259270832975e-08,1.06738788880151e-06
57.9660068609145,-1.50908474920366,0.308712906663593,6.71691215993484e-08,1.06860453022991e-06
4682.83920825483,1.4482541177557,0.301800532814599,6.72265888545124e-08,1.06860453022991e-06
1674.60351880493,0.488273396257931,0.0943149463863534,6.90830381386551e-08,1.09709988268396e-06
67.1634891008044,-1.25136800022914,0.25570403444152,6.98251177647129e-08,1.10786180851965e-06
762.871614472895,0.513534764513852,0.0995740848750466,7.01811300543602e-08,1.11248410673266e-06
36.1364715687338,-1.92302730711726,0.397531578176662,7.10220306206171e-08,1.12477707609944e-06
509.542446705845,-0.6175087555881,0.121443077191599,7.12054072580895e-08,1.12631261643187e-06
398.210727078659,0.68823461880066,0.136312577117433,7.12499637582343e-08,1.12631261643187e-06
518.395964274523,0.699225851631532,0.13875228401968,7.14163430279182e-08,1.12790604567233e-06
645.98330411637,1.07269089714663,0.221828150404326,7.30143875496519e-08,1.15208665272153e-06
264.870327923642,-0.677292367009723,0.133984861844015,7.42370477179083e-08,1.17030520962448e-06
13052.2545925864,0.493296393176321,0.095684634812475,7.49386035919616e-08,1.18028300657339e-06
2029.48515074424,0.569964362455255,0.111790912836106,7.55800461200678e-08,1.18929662691587e-06
199.434094896887,-0.974782378084717,0.19864897144733,7.65333822349702e-08,1.20319711248561e-06
431.401177727756,-0.682352908026286,0.135534492173308,7.74017810184359e-08,1.21472521722908e-06
4608.75287759056,-0.742719973702697,0.148965686759523,7.74079212793225e-08,1.21472521722908e-06
479.33376796851,0.670281106527384,0.132836578647275,7.75944633600951e-08,1.21654254815887e-06
331.384950833479,-0.858067925948677,0.173760499025992,7.88855877919178e-08,1.23507288124364e-06
17.0875134446471,-2.84620838923704,0.585808284702244,7.89200009585881e-08,1.23507288124364e-06
256.968396175005,-0.814274535347494,0.163871039482002,8.0097379935306e-08,1.25235894318848e-06
472.133867228971,0.560569414728429,0.109819517691343,8.03131075772122e-08,1.25459140528653e-06
109.09439931895,-1.4545173733165,0.302891776894673,8.25227260510985e-08,1.28793862554704e-06
3038.24625895949,0.587598388846102,0.115822307084163,8.39795358606219e-08,1.30948688782125e-06
5718.74384687545,0.736970309824416,0.148044100110621,8.42005343303442e-08,1.31174365031485e-06
997.549803943074,-0.494214499443406,0.0962649875334057,8.46324753751309e-08,1.31727958730939e-06
805.427548040794,0.550990923155258,0.108126110805493,8.53810289437345e-08,1.32772903870099e-06
1082.56802570837,0.488456188223153,0.0950346979739908,8.588727230435e-08,1.33439493799685e-06
120.839979428581,-1.18034312054425,0.244395945997938,8.96971782028507e-08,1.39233011544299e-06
1936.01269390022,0.527508395910398,0.103588170562205,9.06606518070025e-08,1.4047500454312e-06
124.461082055735,-1.06385429255605,0.218546954507627,9.06498397302008e-08,1.4047500454312e-06
476.99651518288,-0.55592915150163,0.109774327791638,9.23582122178867e-08,1.42976497923981e-06
4571.73247708549,0.530364230591631,0.104866116248359,9.58736540562704e-08,1.48285159722464e-06
99.8637446663028,1.13947659380625,0.23527856477291,9.85227465643304e-08,1.52108861594248e-06
1557.17759600218,0.569619847010491,0.112754922379037,9.84947120372512e-08,1.52108861594248e-06
3158.35488676203,0.461261937062442,0.090548207275131,9.97106197989475e-08,1.53804748871937e-06
1627.96746549535,-0.439679672989854,0.0856744594288086,1.00646038943794e-07,1.55108532598056e-06
1716.34116043456,0.510498304793355,0.100448012273643,1.00917900713889e-07,1.55388269863758e-06
517.09998018872,-0.584647256767206,0.115987578608116,1.01437973344902e-07,1.5604684272681e-06
268.456260283907,-0.815683327853535,0.165872818192078,1.01527075417932e-07,1.5604684272681e-06
344.723102058289,0.621618261839385,0.123974409431793,1.04027115282349e-07,1.59746638905457e-06
1187.60523741228,0.513982703296863,0.101572345957237,1.04639176685286e-07,1.60543193560235e-06
215.780076775354,-0.794235673730854,0.161038254211091,1.04984479775723e-07,1.60929417795246e-06
296.894900554421,0.778547696524647,0.157932780604468,1.05643466133515e-07,1.61795367233332e-06
700.810426513252,0.514374065259525,0.101391785863916,1.08041120247112e-07,1.65320215936839e-06
42.4147738726366,1.73698347078735,0.367056197881562,1.10231939095081e-07,1.6852258848856e-06
64.2204882980851,1.35098455395061,0.283919862782374,1.11583990411873e-07,1.70438104004779e-06
630.66726934091,0.511736831115265,0.101093474705175,1.13671140221553e-07,1.73472044425066e-06
26.8884149555367,-2.49212931598082,0.539112096760198,1.14713109257111e-07,1.74906982811441e-06
163.976536369999,-0.878302571683626,0.180166737395336,1.17799841567188e-07,1.79454337919758e-06
1988.5119254028,-0.831460883047354,0.172313261062127,1.26591983031967e-07,1.92507119024474e-06
467.960251741702,0.762780833365302,0.156321267620878,1.2658713458367e-07,1.92507119024474e-06
496.518098066271,0.828814568866291,0.170881210394889,1.27003322685591e-07,1.92962027108611e-06
341.464635721064,-0.61682282902612,0.123956173194831,1.30267898737106e-07,1.97747360139407e-06
69.4468247573128,1.1517443849021,0.239995176932726,1.3056477047106e-07,1.98023235214441e-06
924.634508018112,0.476110718020996,0.0940173405510968,1.30905160574273e-07,1.98364568873738e-06
2127.03006018734,-0.53682572905658,0.107190337772252,1.32203428475653e-07,2.00155525207109e-06
3852.4762067376,0.395855861936115,0.0774197172700256,1.32417845948207e-07,2.00303828712683e-06
80.3677180213823,-1.1533823251091,0.240877170174354,1.36028843637585e-07,2.05585244439615e-06
439.527623253193,-0.673082730568302,0.136240783440068,1.379411216872e-07,2.08292304819855e-06
23.0186290155302,2.32334388923237,0.49612397463075,1.40434868855948e-07,2.11871869250303e-06
2116.17240477978,-0.5849027233932,0.117918767576604,1.40913791731679e-07,2.12408089745236e-06
425.215830726043,-0.720873816817753,0.147523661831773,1.43720063228824e-07,2.16448455995845e-06
1457.05182544695,-0.451372169981841,0.0893177067956737,1.4545835339223e-07,2.18874734907522e-06
2002.21592891079,-0.514613179342166,0.103020465935596,1.48841230445526e-07,2.23769258953899e-06
395.443812003515,-0.607578556649634,0.122734641135288,1.49252952383035e-07,2.24192273190901e-06
475.239797179037,-0.565636133408095,0.113516666456659,1.49745170968886e-07,2.24735357372938e-06
68.9942218859151,1.34059482942709,0.285667508191286,1.52736702177208e-07,2.29025156124307e-06
63.0487632358188,-1.36104053924422,0.288711466129317,1.59089441672808e-07,2.38343145237859e-06
942.545517359673,0.462605329994744,0.0918307790465832,1.61024535901235e-07,2.41032288334668e-06
5244.00236951483,0.394289951264112,0.0776711011688773,1.62862721826253e-07,2.4357182197302e-06
43873.2044592612,-0.66341171093999,0.136092216104041,1.63737898173293e-07,2.44485472161032e-06
108.592515200598,-1.2290087537305,0.261133878304955,1.63757930071231e-07,2.44485472161032e-06
3005.59712869859,0.513973451191308,0.103087041045115,1.65997489525496e-07,2.47614121626106e-06
628.968027651047,-0.561884212918969,0.113327432681717,1.66867375345848e-07,2.48696012874631e-06
182.580964355006,-0.759559209568209,0.156691220031911,1.70279385379992e-07,2.53561484774934e-06
154.72389467498,0.901321798678229,0.188191208869739,1.71529665123539e-07,2.55202310593404e-06
17.5906432007343,2.4621694784396,0.52627111500042,1.72990116066022e-07,2.57152723095895e-06
1780.42247052408,0.69939690471593,0.144167231797494,1.76178850558178e-07,2.61666671049232e-06
2400.26942494571,0.434973695297712,0.0863850670506942,1.76553502723501e-07,2.61996867415142e-06
1080.78666840345,-0.487796842590762,0.0976989537974999,1.77310734597222e-07,2.62893734856691e-06
123.978566884634,-0.997432044341975,0.21002923838358,1.7808016457925e-07,2.63580099018806e-06
28.1773916918387,-1.99394393023609,0.430340140605853,1.77993041412912e-07,2.63580099018806e-06
2394.23803054883,0.541757708332762,0.109266461694399,1.78280983500126e-07,2.63594343612744e-06
480.679002278222,-0.588796921685673,0.119583688751219,1.7839631139324e-07,2.63594343612744e-06
247.644394072201,0.666295197374462,0.136254197758,1.8038581078836e-07,2.66305198261717e-06
81.971520458798,-1.12868215880881,0.238707021269166,1.82196120674314e-07,2.68747090864282e-06
212.87907063518,1.12308448290759,0.241316168075539,1.84362807959455e-07,2.71710020059526e-06
689.101506152167,-0.615612383827719,0.125615853699312,1.86451374850096e-07,2.74552842127294e-06
796.104733638065,-0.542641216651325,0.10985291300219,1.89325410544199e-07,2.78546427369519e-06
1273.49573059879,0.479545280975152,0.0961873652719681,1.90394170896638e-07,2.79879431218058e-06
912.363066451238,-0.466417185991393,0.0933515060274411,1.92175100311609e-07,2.82256152882952e-06
6554.90471991084,-0.450465831635813,0.0887861869126087,1.97504451808447e-07,2.89836097837328e-06
436.137890944898,-0.584742658777348,0.118941001475711,1.98987449789312e-07,2.91763439806171e-06
4008.10487468343,0.530143852283553,0.107622115869504,2.01711066319471e-07,2.95504994005841e-06
413.785500460533,-0.592752198963062,0.120979158173713,2.03358104403493e-07,2.97664343628569e-06
812.43975936752,-0.493831207109473,0.0996721429205778,2.0553736624334e-07,3.00598398130884e-06
2430.72549045295,0.529651369058872,0.107389763665113,2.05817599615225e-07,3.00752497517609e-06
65.55887440958,-1.27602369430146,0.273992408783629,2.08972749402785e-07,3.05103762052504e-06
260.393275741369,-0.740658032271618,0.15372957043234,2.11632825233111e-07,3.08725442000363e-06
17345.8629042307,0.644184547176786,0.133208468235389,2.14852151212029e-07,3.13156114296244e-06
323.260375759332,-0.788371213169147,0.165193457218801,2.1932484580651e-07,3.19404574345991e-06
58.6244483663907,1.30967217484868,0.281134715867284,2.21303407981489e-07,3.21820171073541e-06
1669.75116232731,0.568488053804138,0.116189068559406,2.21357789627304e-07,3.21820171073541e-06
91.3253371977292,-1.19788656909264,0.257561485686325,2.22415554275599e-07,3.23084891721793e-06
6213.78545988234,0.529232346526082,0.107824961823447,2.27164300630244e-07,3.2970454063625e-06
2750.94172973439,1.6111049150778,0.358561154203513,2.28719485888184e-07,3.31681824434307e-06
358.566468759698,-0.715553148581773,0.149010405681841,2.34128926202848e-07,3.39240387680099e-06
968.075349201164,0.524316049410099,0.106426083199726,2.37753797645886e-07,3.43674216626634e-06
2744.01578889667,-0.411786643797995,0.0824553826710641,2.37788428272396e-07,3.43674216626634e-06
628.512307146112,-0.62012252637269,0.128078071271862,2.37703789069737e-07,3.43674216626634e-06
207.904894022231,0.758813652718717,0.158873655465113,2.40970326307981e-07,3.47980574489585e-06
879.420952620531,0.56806752245765,0.116521800501809,2.46986224398557e-07,3.5636879810661e-06
1146.70098443698,0.834267370720708,0.177825945687954,2.48570515485219e-07,3.58354090178565e-06
6920.93011887868,-0.661092305040085,0.138125094262091,2.53284576291444e-07,3.64844340673078e-06
23.6285677163364,-2.13187395026596,0.466014697116032,2.59141284417503e-07,3.72968280393024e-06
1065.43422491286,-0.615334406360491,0.127688226427449,2.61789940711384e-07,3.76465316914306e-06
1226.34871388728,0.506939628406823,0.103389289676453,2.64274432094241e-07,3.79720631377515e-06
631.718456660259,-0.908524755171859,0.196043014295848,2.6836183008555e-07,3.85271712490933e-06
14.1105606364868,-4.01051196773377,0.877867471478287,2.74128758612244e-07,3.93222728888405e-06
60.1237334239944,1.29308125206058,0.280427778419342,2.75746527596871e-07,3.94897293417967e-06
41.7574423432431,-1.93592472880659,0.432946258192778,2.75755363332158e-07,3.94897293417967e-06
1231.18115630059,0.445595377189576,0.0900376609767056,2.77872202369241e-07,3.9759767126028e-06
233.481460618357,0.682935083933559,0.142730007851374,2.84140541154911e-07,4.06228858464116e-06
150.943240367341,-0.848469204211082,0.180371768645641,2.89508978708974e-07,4.13560209702296e-06
247.619323867407,0.78602304687844,0.16631553941345,2.94530257705856e-07,4.20383892305645e-06
1270.72521212947,-0.753347638206377,0.160510447620285,2.96281886874561e-07,4.22533347624841e-06
873.475459574807,-0.487526441122237,0.0996385746855098,2.97135397223295e-07,4.23399477783219e-06
326.968563785454,-0.629193485448809,0.131124111771828,2.99478311139505e-07,4.26384724609963e-06
6343.32934852469,0.441885197129809,0.0896489154503547,2.99937232519649e-07,4.26684901745694e-06
353.461453582273,-0.742800972860509,0.15734845118041,3.0151917906388e-07,4.28580856257824e-06
2899.37511431418,0.582822047422947,0.121276162756117,3.03881457542915e-07,4.31581931319619e-06
732.302215042291,0.581876013685108,0.121673729502899,3.05466007376939e-07,4.33474410963365e-06
1560.72068304809,0.763336234428487,0.161942163510677,3.07951502418983e-07,4.36281539547289e-06
456.4601531729,0.571756425999227,0.11827228786102,3.07826820229239e-07,4.36281539547289e-06
4211.89149367661,-0.393084437865242,0.0792784690801785,3.10723597011782e-07,4.39846513992234e-06
108.720263704522,-1.27863837854151,0.283568490625752,3.11051148160857e-07,4.39948083652844e-06
1038.53729508744,-0.482697458644318,0.0987685343131971,3.11797907952783e-07,4.40641924312237e-06
197.878638175271,-0.755158726668844,0.159527033519315,3.15786875097314e-07,4.45912846042587e-06
508.997581064289,0.69636745705478,0.147006375772683,3.18720792217959e-07,4.49686538585453e-06
1198.05889241807,0.890343951250146,0.193217364849936,3.22991552205759e-07,4.55338664457939e-06
446.523031373034,-0.937128512229807,0.204541296177164,3.31206388863066e-07,4.66537156597532e-06
497.604478590128,-0.552656958665025,0.114463194187085,3.32669352512039e-07,4.6821441848237e-06
877.373541765166,0.467041725998316,0.095678223083739,3.36177716985974e-07,4.72765376487471e-06
153.463735448761,-0.908096091426608,0.195881359428654,3.39240127861741e-07,4.76682267899843e-06
282.907780963688,-0.907595050234038,0.196610558345497,3.44261394333044e-07,4.83342997643593e-06
1840.32840294577,-0.444123295914759,0.090857600798841,3.49743301946549e-07,4.90639074239698e-06
425.341005883842,-0.691055839810194,0.146252032055201,3.50549575875559e-07,4.91369368825081e-06
1018.23000370843,0.541203414389392,0.112252755929391,3.50911327331951e-07,4.91475889151647e-06
2139.36720385758,-0.461395970156381,0.0948824160224096,3.54576562703899e-07,4.96205232054057e-06
1716.6892845646,-0.409193760452144,0.0833486009526116,3.56711525417222e-07,4.98787115906569e-06
314.179891609478,0.847237729574043,0.182882544521347,3.57674623697346e-07,4.99503471601054e-06
5289.44853292975,0.507377210912543,0.104929487326799,3.57804684581951e-07,4.99503471601054e-06
300.587813537706,-0.611372823490343,0.128020553778273,3.58149047122609e-07,4.9957870733672e-06
570.217456733603,0.525498372614734,0.108800783231613,3.63172036840078e-07,5.06174705154984e-06
199.664721507569,-0.72401002463014,0.153636193643984,3.71489825496371e-07,5.17348462243894e-06
604.343784713457,0.509969436472479,0.10544766855448,3.72287986167953e-07,5.18040539975941e-06
428.390093955448,0.562469429720705,0.117231468574578,3.76882216534026e-07,5.24009477944116e-06
15.0471637599438,-3.70703651955033,0.848589900611464,3.817697373022e-07,5.30376228744793e-06
323.407297779254,-0.982464390893913,0.21596896379186,3.83628062407187e-07,5.3252776798557e-06
290.745872378581,0.844041223232228,0.182787731160326,3.96030160575157e-07,5.49300220300978e-06
1348.08839936377,0.518847932618803,0.107827450989763,3.98433876585631e-07,5.5218889954845e-06
21.375930052002,2.20134266129504,0.489642756492763,4.01270446230709e-07,5.55672335323829e-06
1002.46696205432,0.538125370604613,0.112364387528708,4.04679640951989e-07,5.59942489519972e-06
2695.86981344165,-0.741439432641988,0.159681953973553,4.08162042104793e-07,5.64306990527358e-06
410.53514211443,0.546966526972476,0.115571020952992,4.10364686267725e-07,5.66896565391052e-06
1315.89124497727,-0.454851717817635,0.0934821148679728,4.12783509620366e-07,5.69780383784966e-06
1602.39658733355,-0.544044647064635,0.114777473806763,4.15094377280868e-07,5.72510681223228e-06
15268.2534112042,-0.38697360957777,0.0790261634797525,4.1550338905441e-07,5.72615608040608e-06
42.2251642604059,-1.50556424774652,0.334760987836781,4.23557862189221e-07,5.8324833240932e-06
100.657712271588,0.95645865394186,0.208176185431692,4.29424060569499e-07,5.90751805542108e-06
328.64367074057,0.652787877738038,0.138465912810996,4.29693882628744e-07,5.90751805542108e-06
726.971778933755,-0.51759492217238,0.107993774880562,4.30165194967523e-07,5.90927411201792e-06
1366.44591112852,-0.625142153099743,0.133409634729014,4.34407423037571e-07,5.96278792404085e-06
196.411409377143,0.969235564655076,0.213325764965068,4.4141864127643e-07,6.05419394841573e-06
853.02517501944,-0.501307773318975,0.104375382713522,4.42486307285301e-07,6.06400159282859e-06
561.648357053081,-0.503744341496217,0.105012430550559,4.54977058230153e-07,6.23021530613089e-06
1034.45772326159,0.489232724744192,0.102139179820497,4.77286074676835e-07,6.53050373776204e-06
1221.11449442804,-0.452851319079094,0.0940155126633044,4.83372934539407e-07,6.60853028707731e-06
3146.48749330437,-0.458758256966555,0.095935342319212,4.90740514065347e-07,6.69860801699199e-06
312.092932076893,0.804505726982751,0.17528774109364,4.90551432468268e-07,6.69860801699199e-06
2004.42135705748,0.459238471368384,0.0950790186469155,4.94752858045245e-07,6.74802094014287e-06
2038.66898609057,-0.44443626035523,0.0922563056346635,4.97888635916306e-07,6.78540938916367e-06
928.43732912746,0.464110197946962,0.0960552652988432,5.0459816512535e-07,6.87140446713451e-06
672.960730273608,0.892079223492853,0.197888927942402,5.06036872536794e-07,6.88554443889266e-06
2586.67355410025,-0.422763383392892,0.087759013397051,5.0945157581636e-07,6.92652778851034e-06
959.33434766841,0.509824466176856,0.107106434143328,5.10782997774425e-07,6.93914437497815e-06
336.852472399916,0.612039563576991,0.130181058137551,5.12719697874691e-07,6.95995744573545e-06
1797.9142680396,0.451717281831672,0.0938898763062484,5.19299109664232e-07,7.04371087311918e-06
63.0004387585466,1.75697245382516,0.410271926980157,5.22813066051741e-07,7.08578559733956e-06
119.600147513606,1.33095574677729,0.306108150880236,5.27411575130002e-07,7.14248163831567e-06
57.309037905522,-1.27047128881401,0.283893607293329,5.39247110205161e-07,7.29701892086433e-06
141.898016543876,0.880072564225442,0.192751729179232,5.4015518515138e-07,7.30356055771902e-06
734.064068667702,-0.482312404368524,0.100908954239894,5.41977902905665e-07,7.32244929463828e-06
58249.5108697423,0.619899836372062,0.132919882220734,5.45449435937721e-07,7.36356738515924e-06
2950.66875053058,-0.463592932762761,0.0970162433728761,5.58589719222394e-07,7.53504673012231e-06
673.459228549865,-0.550735738696618,0.116672642338525,5.63044830943943e-07,7.58919125972169e-06
1757.35321309261,-0.639388113592607,0.137919685716278,5.64906319695208e-07,7.60752577575609e-06
560.947713722935,-0.576255081571906,0.122607393180184,5.65289722740641e-07,7.60752577575609e-06
514.473072719187,0.513867925235129,0.108160917188427,5.67065376124436e-07,7.62545535884611e-06
408.583588044354,0.61814545307914,0.132106980706223,5.70589659235596e-07,7.66685277280704e-06
45.692746676217,-1.34963845501676,0.303105678725211,5.76681966889821e-07,7.74266444070104e-06
68.3475316491847,3.24705822046984,0.82931771084018,5.79695725809115e-07,7.77705677706003e-06
8380.20141196351,0.457501960873202,0.0958137237546682,5.82463144496206e-07,7.80809323631352e-06
1382.87581828495,-0.524480796899917,0.111072665026857,5.88809210548184e-07,7.88701683194566e-06
570.06155232544,0.496008342939153,0.104202248820788,5.91668859823255e-07,7.91915386778222e-06
171.854083610059,0.878565814141698,0.19410660263154,5.98717863593633e-07,8.0072694680769e-06
368.21797552737,-0.577190642269804,0.123029841250428,5.99690801588768e-07,8.01404980304989e-06
384.179931344388,-0.62536352222564,0.134301310106286,6.02695764743634e-07,8.04795377160385e-06
840.357235616586,0.618472367175713,0.132987335410769,6.09860018953882e-07,8.13730214584004e-06
937.3786730008,0.484184792431423,0.102681602923213,6.13466993251555e-07,8.179084354212e-06
3131.81233398988,0.430358425283501,0.0900956827665831,6.16584512032637e-07,8.21428119477097e-06
4953.56435875014,0.41390585995942,0.0858736652551095,6.24104534235603e-07,8.30802932222766e-06
7205.62356090306,0.475798493373529,0.100300733938153,6.24727047986224e-07,8.30988437611374e-06
1646.98585836653,0.399985023151845,0.0831348582752945,6.3071565757734e-07,8.38305919217363e-06
2827.84445023616,-0.518187897864103,0.109976242153039,6.42726309621409e-07,8.53610023102595e-06
327.759756839565,0.598140578494278,0.128260502293697,6.48738804947519e-07,8.60930455732436e-06
436.670623741278,0.539909905613511,0.114890778918046,6.60899992002924e-07,8.75727029360235e-06
207.258789036666,0.787362215788063,0.173237097081995,6.60906845810561e-07,8.75727029360235e-06
438.742163814325,-1.02282024565477,0.232574507610449,6.6642438332852e-07,8.82358196217645e-06
1168.97927128342,-0.562044437959973,0.120320612413605,6.68247409139065e-07,8.84091322290983e-06
493.397477617386,0.748952615372433,0.164606596797571,6.72161181634119e-07,8.88585715828225e-06
1525.37272815437,-0.448433996176413,0.0944400781374562,6.77195839105852e-07,8.94553858431763e-06
36.686986099612,1.43405207394273,0.325077684452536,6.85005839368781e-07,9.04176165103888e-06
737.900623218755,-0.472676218642135,0.099877209889349,6.87791997855738e-07,9.06604743871114e-06
478.098182044792,-0.522926730677421,0.110944543215133,6.87899988808537e-07,9.06604743871114e-06
1829.70653547294,0.584158550674086,0.126067639052372,6.9040410115598e-07,9.0920827992203e-06
636.986039913915,0.493804333031376,0.10460120741367,6.96979621334953e-07,9.1716545580259e-06
179.432163047578,-0.718215749884091,0.156983978286128,7.01428796294741e-07,9.22314515861869e-06
215.485791987122,0.800118970098356,0.177576795444594,7.52266113123806e-07,9.88405262002776e-06
1783.12619512621,0.485984585683658,0.103298544738664,7.55732909712232e-07,9.9220231405654e-06
655.214299335457,-0.638067181452626,0.139124684575259,7.65552872625382e-07,1.00432828804607e-05
1430.71383372068,0.506782320208239,0.108058730530977,7.71121772400133e-07,1.01086306124313e-05
221.218273265116,0.694691292111525,0.151743275066104,7.83420724912528e-07,1.026203583227e-05
1246.70796991935,0.451879709124942,0.0957516029960776,7.92931315923126e-07,1.03708180247619e-05
160.257778624184,-0.737123960886242,0.161986763274874,7.92928762387638e-07,1.03708180247619e-05
1695.00683712947,0.397468785149837,0.0834767747810888,8.05318158645179e-07,1.05248229563362e-05
3012.93178199779,0.384650849372309,0.0809047861487541,8.25406321840894e-07,1.07791672963869e-05
4840.94732239161,-0.368093007644995,0.0777848109169569,8.27025225981046e-07,1.07921144625554e-05
41.168600138304,-1.41361680735182,0.323852610010827,8.38348798390689e-07,1.09315852793946e-05
2206.22554877153,-0.456688123245543,0.0971928116757411,8.45043398865107e-07,1.10105313765765e-05
1242.32723925107,0.551776727701549,0.119016817246706,8.46521128190939e-07,1.10214359453111e-05
1405.5841380081,0.411866811422467,0.08693622986944,8.53293739686473e-07,1.110120955285e-05
245.532761874042,-0.620723566241105,0.134974809071734,8.57380538385824e-07,1.11459469990157e-05
6141.3459532945,0.732325350178136,0.163546528822305,8.59501328629653e-07,1.11650780597443e-05
292.374592267266,-0.75836260120496,0.168697264171484,8.730347783862e-07,1.13323208705391e-05
1073.67287596404,0.63140154783083,0.138251477106098,8.78821610535696e-07,1.13988332425365e-05
78.1723348923738,-1.11221561352421,0.254114767609336,8.8669119670735e-07,1.14922395570231e-05
16386.7046477962,0.524634382590537,0.114434458968903,8.95931537898754e-07,1.16032579219282e-05
2733.93531949989,0.404730441799752,0.0854000777465131,8.97787054252697e-07,1.16185399142905e-05
506.7970186012,0.569705100004483,0.123695774642214,9.10036868725466e-07,1.17682136129393e-05
569.868539078968,0.606349117138828,0.132397140385509,9.18221687017119e-07,1.18651350826502e-05
1603.69135033998,0.458395709909698,0.0979056988247945,9.25294007970907e-07,1.19475462785973e-05
2778.25088449256,0.535074387782012,0.115869540861561,9.28369120225734e-07,1.19782599390566e-05
2484.59868406725,0.47162960952888,0.101253730627183,9.53439268732721e-07,1.22925052345833e-05
747.432482214147,0.834650783780966,0.189422537509239,9.59686863103446e-07,1.23637860363417e-05
532.963657823503,0.605986740355829,0.13278963373145,9.84600082786143e-07,1.26752521136519e-05
3712.72607529049,-0.757243228792987,0.170653181163401,9.89266021535888e-07,1.27257937953596e-05
341.093421216079,0.602484944362828,0.131868052875561,9.95189323685329e-07,1.279242240513e-05
310.492720025127,-0.883623634447074,0.201387703005177,1.03316510238208e-06,1.32706546645776e-05
2010.9188112296,0.474854054124818,0.102349590081399,1.03931081192985e-06,1.33396318316279e-05
411.246123800389,-0.549538580593386,0.119603711235011,1.06823609759812e-06,1.37006656544295e-05
1043.4127213949,0.443426633459668,0.0949867694739551,1.07970072438464e-06,1.3837386556402e-05
3445.24626762062,-0.446984835564399,0.09615248760712,1.08366374259821e-06,1.38778352263191e-05
1179.34891183647,0.468234806246658,0.101540980877292,1.08711432686612e-06,1.39116661516149e-05
12957.2756032532,-0.727222733873208,0.164398527568621,1.10057169583886e-06,1.40734071351171e-05
37171.9548355192,0.46349730723889,0.0999010799445972,1.12041708230458e-06,1.43165329855546e-05
1405.86593058674,0.498170806061315,0.108168537558418,1.1254409540445e-06,1.43700512016417e-05
2872.27010292796,0.452254357590689,0.0974990279362073,1.13675939742345e-06,1.45038018370073e-05
1729.84075448715,0.445544308000926,0.0960010941699829,1.14949751615386e-06,1.46554542478356e-05
1822.08865706766,0.611631173852284,0.13547514683263,1.15372097567648e-06,1.46984052301183e-05
110.286734603156,-0.85320338532463,0.193479624099086,1.20026977091103e-06,1.52801182752766e-05
240.293676786585,0.717563257993386,0.161223611378166,1.22560684084955e-06,1.55911331773458e-05
840.676773674614,0.443290034284705,0.0955800106555572,1.2344708410265e-06,1.5692286766308e-05
1758.28500416945,0.720895305860548,0.163632651141843,1.23948316263391e-06,1.57443655200448e-05
319.075036186704,-0.660284138399222,0.147151808586916,1.2598059137934e-06,1.59907025175887e-05
24.8520912259148,2.83392786806681,0.730735137223512,1.26627486763851e-06,1.60609597702911e-05
2732.48182329369,0.514403363850334,0.112594921932922,1.27836138298868e-06,1.62023120309671e-05
3788.17545071288,-0.499677761901971,0.108906188734647,1.28184301317454e-06,1.62344756874734e-05
33.6801344260371,-1.77890614774826,0.422012235283076,1.2943947051685e-06,1.63813793481921e-05
1066.00163067102,0.586340521140979,0.130176495355036,1.29866359111569e-06,1.64134819738989e-05
144.675591284392,-0.798231300334577,0.18140478995407,1.29883998874797e-06,1.64134819738989e-05
4609.27525747677,0.381407656629297,0.0833625039998871,1.34851639266351e-06,1.70287323329073e-05
1106.93353456206,-0.50097957217711,0.10970427637966,1.36026257754672e-06,1.71644578659032e-05
331.446437949388,-0.589563817711997,0.130650554371986,1.36214361873121e-06,1.71755924476232e-05
10630.3958333733,-0.356098684303203,0.0765261715656359,1.36815528828567e-06,1.72387566323994e-05
1072.34759800262,0.551533403075738,0.12179856234196,1.37679993542448e-06,1.7309636030238e-05
1094.095409391,0.432453723225203,0.0934524851248285,1.37611761946293e-06,1.7309636030238e-05
75.3463383101226,1.06294812443024,0.246930078896308,1.37538933334623e-06,1.7309636030238e-05
1667.37670871641,-0.393117890886682,0.0846911053241614,1.40896047828029e-06,1.77010308735886e-05
1105.12620446544,-0.486411443008977,0.1063065023142,1.4206829450674e-06,1.78352744322731e-05
1299.42677668602,0.422259379174391,0.091490144754164,1.42218424143161e-06,1.78410990287251e-05
569.494060227855,0.523195530404368,0.115038527167073,1.43194222234586e-06,1.79504185729785e-05
317.988990042107,-0.700303579489114,0.157513598854803,1.47277091604125e-06,1.84487887727556e-05
2001.6514943173,0.637450493537338,0.143353637631703,1.48320142785989e-06,1.85659252967701e-05
465.204561339683,0.830599791051743,0.192152386942032,1.48856156826308e-06,1.86194693909504e-05
263.29934992156,0.917706609605122,0.214632479431263,1.51061867294436e-06,1.88816355784666e-05
366.279213489765,-0.597103940901177,0.133372876546721,1.54375126318729e-06,1.92817559735353e-05
1143.61625874812,-0.439976817551315,0.0956944153552721,1.54570876055867e-06,1.92921951907465e-05
746.128083757378,-0.515251794022702,0.113593124437304,1.55317458441343e-06,1.93713195629635e-05
1109.92314284665,0.608788419275906,0.13708809957996,1.55895039781471e-06,1.94292665884168e-05
329.071455039848,0.632379450570578,0.142071944642018,1.56593340595614e-06,1.95021641195074e-05
1664.37587903278,0.460553448256892,0.100812515734078,1.57671381944957e-06,1.96222148919777e-05
174.849248267079,0.888253833956613,0.206320332626546,1.60008994978608e-06,1.98987324991836e-05
558.151963146401,0.626102399381509,0.141019573410096,1.60306130746402e-06,1.99068963372374e-05
540.651330445285,-0.613470374861008,0.13796359744555,1.60225357349598e-06,1.99068963372374e-05
713.052916581306,0.726266481019357,0.166284437008851,1.6097853778548e-06,1.99759730979255e-05
1517.2323939339,-0.442670200244963,0.0965137778078223,1.63676551256781e-06,2.02961283710553e-05
28.7686316473474,-1.9556588069757,0.472379702913942,1.67196178760562e-06,2.071763024858e-05
247.522263755013,-0.603794609343408,0.135320367524789,1.67660321380306e-06,2.07601862305247e-05
152.115881537398,0.877113626067072,0.203979005065394,1.68286792172659e-06,2.08227664645868e-05
732.741833873537,-0.664089816306752,0.150987949934645,1.68632821421754e-06,2.08505815645776e-05
1185.7941290329,0.582582112063638,0.131163837279905,1.68797299756497e-06,2.08559249893102e-05
456.912018140171,-0.589740592613643,0.13227086759632,1.69432585030305e-06,2.09193900210783e-05
221.242164616175,-0.702867128495174,0.160101829460689,1.71127684465337e-06,2.11135225618317e-05
387.542226809225,-0.63599958201062,0.144193990403763,1.72923143925985e-06,2.13197501962941e-05
663.792290366601,1.53343285675143,0.378444206910228,1.74031151595456e-06,2.14409869361765e-05
2534.2379264998,0.433662798544502,0.0949123484024018,1.78173728449512e-06,2.19356474989489e-05
831.639256637415,0.636778534310892,0.144894624751157,1.80363938148431e-06,2.21894089571878e-05
1100.68585369697,0.43675274216425,0.0956523999889553,1.81547568685784e-06,2.23190609994768e-05
209.186534049909,0.932632396632174,0.220064926232755,1.83640298925357e-06,2.25602107229801e-05
470.536794660602,0.628878397233173,0.143068213453074,1.85422929147291e-06,2.27629475974608e-05
5826.62311604365,0.406499167852773,0.0890540619401322,1.86596951567307e-06,2.28907344508282e-05
2952.23734177636,0.37206049629127,0.0808198154477346,1.89226704414913e-06,2.31967932233221e-05
368.338030569999,0.566849951646526,0.127902774122308,1.95286533527863e-06,2.39193130942502e-05
1109.1010576527,-0.538210760002802,0.120596240099533,1.95398772588067e-06,2.39193130942502e-05
21.2587500662406,-1.96437077251158,0.476087266556873,1.99176961286504e-06,2.4364470534613e-05
345.926147586988,1.0753243984212,0.262487901453303,2.00674895309364e-06,2.45302595908013e-05
8505.92527866512,0.416096094554188,0.0913747351659536,2.02625028476852e-06,2.47510501759473e-05
584.679491570278,-0.510045242778638,0.113935319836144,2.06180858383087e-06,2.51675272060377e-05
1429.91400421281,-0.750025354314318,0.175054663444453,2.07271585217975e-06,2.52827233628649e-05
140.513832894005,-0.754429226701553,0.174096078217969,2.07665487751168e-06,2.53128187372951e-05
5096.93748483071,-0.389264237036308,0.08546671698757,2.08992548052475e-06,2.5456535651236e-05
353.13661897596,-0.693533226695699,0.160068013966267,2.09914029654135e-06,2.55506822082199e-05
1097.31592528591,-0.527569865884545,0.11858899576777,2.10369506302509e-06,2.55880137121418e-05
347.871823231664,-0.541888957500274,0.121657298814766,2.11883798928941e-06,2.57539891009107e-05
2565.79370572959,0.471970130004893,0.105015791945115,2.14381682482851e-06,2.60391988490294e-05
24.3031131092866,2.15174923103163,0.537898333606461,2.15282723968958e-06,2.61301875055901e-05
519.717450071074,0.785233589795902,0.184318712380062,2.1655570069562e-06,2.6266160058279e-05
26431.5505761813,-0.388867864673159,0.0853983825827767,2.19778224990452e-06,2.66194767014844e-05
204906.990601151,-0.416405367806824,0.0919212743919481,2.19737435054026e-06,2.66194767014844e-05
619.840564240635,0.570884241998973,0.129146744475571,2.23985179124861e-06,2.71099303009746e-05
296.220496757765,-0.808457190860498,0.190481077648207,2.24715840413888e-06,2.71792386728443e-05
66.9704547616886,1.08476998387212,0.25813607415156,2.25365046984301e-06,2.72277727787106e-05
368.994102247517,-0.574255697954176,0.129948496849383,2.25433737059619e-06,2.72277727787106e-05
2178.85206598937,-0.382786029898023,0.0843768749972663,2.26225468841508e-06,2.73042234288076e-05
3722.98355221202,0.413295025520808,0.0913677858075895,2.28221792109157e-06,2.75258527523519e-05
2467.4291309328,-0.550561281507891,0.12468875428642,2.29421266523778e-06,2.76511307844601e-05
677.179230045524,-0.60588399235197,0.138529715343225,2.32691366439067e-06,2.802562192847e-05
790.682206362031,-0.511334591278678,0.115046553724105,2.35399915306318e-06,2.83320024027527e-05
139.466858745303,0.800285222706007,0.186106291962483,2.3656473768498e-06,2.84522861779298e-05
1444.70283043419,-1.32050174021639,0.327400332648153,2.37377424840616e-06,2.85300791742401e-05
6444.34085415365,0.431963293832465,0.0977119400294475,2.38003758366876e-06,2.85853815653066e-05
932.367001101119,0.46428006128144,0.103674589704024,2.3913137968859e-06,2.87007718022614e-05
2623.19511907271,0.546789223976078,0.124167241489668,2.40616032299304e-06,2.88588224512952e-05
134.986047658445,-0.744355773982468,0.173025213360299,2.4120692817925e-06,2.89095328066545e-05
10709.518390015,0.388075221202184,0.0850627538606311,2.4147813290996e-06,2.89218830634987e-05
21.151416484885,-2.30547690035787,0.570313781989619,2.46115224075805e-06,2.94567553157952e-05
41.0473001457008,1.30127402150166,0.315779654532236,2.5061983184638e-06,2.99750381636014e-05
264.470182588897,-0.636094100218418,0.146224947004792,2.55434802350834e-06,3.05296953831271e-05
1093.89919832365,-0.610496988755505,0.140618284909326,2.55896550635494e-06,3.05636442665268e-05
17.5387918237762,-2.53693192792194,0.626441583666321,2.57865408572495e-06,3.07719770601213e-05
85.092270916954,1.05546988244081,0.254604865597311,2.57998668066137e-06,3.07719770601213e-05
268.054386282497,-0.803571755246128,0.190123739188278,2.60618911311719e-06,3.1062956726613e-05
331.002178841561,-0.546298411861806,0.124281905583172,2.62900602638068e-06,3.13132095898347e-05
826.794723240315,-0.464083457453617,0.104225603180946,2.68624883079068e-06,3.19537635804828e-05
203.059441275978,-0.64336864504803,0.148381788602933,2.68650166506065e-06,3.19537635804828e-05
7733.73630364434,0.512585576142803,0.117244455121713,2.69951902630957e-06,3.20864047916367e-05
2117.54751741786,0.460503013387355,0.10340551945241,2.73232541536386e-06,3.24539121677093e-05
148.571629993099,-0.84797153204844,0.200431244646059,2.74728905167061e-06,3.26091265698295e-05
361.723036735224,0.617663601907438,0.142330785998657,2.75563124154467e-06,3.26855873953978e-05
62.1375657269026,1.03006984681109,0.247397773142038,2.77243974948758e-06,3.2862295831452e-05
16.4600277023528,-2.42784460126085,0.602147127402168,2.80658188900642e-06,3.32300478491486e-05
1305.84983727163,0.407233572547736,0.0906748393121634,2.80732946827216e-06,3.32300478491486e-05
285.630694347428,0.652425216459504,0.151614809864472,2.81480331615734e-06,3.3295599886238e-05
3787.24048986713,2.04099497033389,0.544794241676669,2.82554478628982e-06,3.33996871336073e-05
151.791186823364,0.844473804189987,0.201619801551225,2.87596595846679e-06,3.3972347884389e-05
37.9024638915641,-1.51354794421484,0.376373309666591,2.88848329219378e-06,3.40967907635146e-05
670.207668486844,-0.525116285081892,0.119860857782579,2.90561666827417e-06,3.42755151424194e-05
5354.46302115317,0.39334693857766,0.0875337088593159,2.91073217161917e-06,3.43123253047828e-05
10.1078714177042,3.94360985950321,0.945990910678743,2.93493732871487e-06,3.45739637784706e-05
3181.84039905096,0.716786521382003,0.169801375622139,2.94908265058361e-06,3.47168189646731e-05
1475.73181195164,0.569991183303906,0.131447642967537,3.0122299559035e-06,3.54359391324106e-05
8314.49221032004,0.496093359955219,0.112779055675544,3.03343359719902e-06,3.56609873125263e-05
2496.10246549538,0.373932829384955,0.083204527715314,3.07559680971763e-06,3.61319600617032e-05
181.883450166061,0.717973999417614,0.168735554176135,3.08369955291938e-06,3.62024222598365e-05
62.0579714066774,-1.47007545515814,0.373113412470965,3.10646299954745e-06,3.64447865820031e-05
684.79117616193,0.470339351509056,0.106595966323755,3.10916229868185e-06,3.6451589894362e-05
910.442909440018,0.550847683503157,0.126818690904319,3.12660923178728e-06,3.66311663334533e-05
1207.22031363726,-0.393838220902055,0.0882198919980077,3.14091977090018e-06,3.67737774946986e-05
277.730671791604,0.587323430588001,0.135501342836226,3.15802784821647e-06,3.69489258241327e-05
133.482221863452,1.16095282235609,0.291015695176485,3.22654089293697e-06,3.77248652737069e-05
69.9869020164002,-1.00473436348494,0.243393811213906,3.26824423807284e-06,3.81865031593851e-05
103.415078693088,-0.88562877038781,0.212822758485092,3.33643650704189e-06,3.89568034518761e-05
333.04172028133,-0.71679749899779,0.170047617291442,3.3405679193662e-06,3.89785804919805e-05
1210.51527550697,0.455536112168726,0.103024265081462,3.36626085877582e-06,3.9251742718702e-05
1961.49240987508,-0.456698110491459,0.103764769073692,3.430256491519e-06,3.9970854605444e-05
48.0024043869858,-1.29507769618998,0.320758219352413,3.45342274731924e-06,4.02135530339497e-05
1348.62361724769,0.467404633975086,0.10633459046091,3.47733912162831e-06,4.04646519302336e-05
536.28849939368,0.562649490021039,0.130415320431134,3.5907334572349e-06,4.17559328809892e-05
153.363198511977,0.794056940864049,0.190067293159431,3.62423321896013e-06,4.21170183330373e-05
2978.47752778966,-0.612598861130413,0.144536356643328,3.68216096434528e-06,4.27613007601449e-05
1359.06782048793,0.396471158932217,0.0898148580394453,3.71485493740197e-06,4.31118691419545e-05
773.225692811575,0.652832981996589,0.154692934326209,3.78788195271574e-06,4.39297246829116e-05
318.850281960611,0.671903271278216,0.159382494187585,3.83738893687352e-06,4.44738897070672e-05
10821.2564868509,-0.314008738953158,0.0705538055609881,3.91928641000908e-06,4.53834108021674e-05
780.236488248681,0.47402122033828,0.108575084165329,3.92114358113965e-06,4.53834108021674e-05
49.8223889593891,1.23260809261535,0.306561982866946,3.98651160649473e-06,4.61089530061217e-05
1851.11413436454,-0.613544979718909,0.144791122557953,3.99470510443858e-06,4.61726700881983e-05
1343.68383116582,0.408080303942362,0.0925594837856431,4.00758634393602e-06,4.62904483071562e-05
13.5589023298336,-2.49629042547384,0.624309765940923,4.04861178016428e-06,4.67329355751983e-05
3766.08994090507,-0.491087910548535,0.11325208490787,4.05734009238221e-06,4.68022751501554e-05
1159.86392632626,1.46530594745266,0.381093920857387,4.22926981750738e-06,4.8752822782379e-05
1645.18083088801,0.476775384035208,0.109898792558975,4.23316380184615e-06,4.87650262745827e-05
325.32903574118,-0.533542933721168,0.123805940721705,4.24156567303986e-06,4.88291084408383e-05
41.5928733395093,1.27780434389043,0.319366539920858,4.29575499569301e-06,4.94198596461031e-05
2128.49460917084,-0.554159218822542,0.129965905639026,4.30100763158653e-06,4.94472127377385e-05
55.268136375778,1.2773955314745,0.32367689301381,4.3180276976508e-06,4.96097250313267e-05
559.442333718052,0.514757135333192,0.119574309239291,4.35872919557648e-06,5.00439141753804e-05
931.92285994808,-0.456587047511658,0.10510348632649,4.37243341023698e-06,5.01343214817772e-05
250.202763536504,-0.79013344572673,0.192201378379444,4.3713957948682e-06,5.01343214817772e-05
984.987697376009,0.40290139050677,0.0912933631461812,4.41055061940318e-06,5.05040346891579e-05
294.998829153007,-0.707933202660199,0.170062276120351,4.40797901165227e-06,5.05040346891579e-05
526.901190339149,0.646380152340023,0.15396662880922,4.43459391468636e-06,5.0745562700393e-05
3943.58826506665,0.352492673289895,0.078801464935055,4.47374252226932e-06,5.11595064099135e-05
22.8475949193447,-1.77490160324174,0.448750777795315,4.54909468266465e-06,5.19866308618932e-05
1706.18710156696,-0.404585286587545,0.0921908755326181,4.57805676043577e-06,5.22828673457735e-05
51.4666020142249,1.13839101027531,0.284028108709683,4.58139124348819e-06,5.22862295930679e-05
2445.21783983196,0.372611180310248,0.0844581911699008,4.6369882948967e-06,5.28856509840373e-05
5874.82325155448,0.471001628561951,0.108987533439961,4.67143825100061e-06,5.32432514771103e-05
1704.10236841954,0.496655620618362,0.115442630443774,4.68462204827611e-06,5.3350284396762e-05
14.4120152226277,2.69691184650415,0.706386984203738,4.68703295095688e-06,5.3350284396762e-05
146.316245836911,0.764250528811229,0.185049316479175,4.78746719143042e-06,5.4457439302521e-05
36.0328598484161,1.71071688596822,0.446938565643835,4.81316379889646e-06,5.47135520008065e-05
53.36716871641,-1.26069620434013,0.318640253071471,4.8819528083628e-06,5.54588549214212e-05
223.741013432663,-0.605905826946422,0.143799093624925,4.94242406290193e-06,5.61087468368649e-05
653.805768706116,-0.514292845660324,0.119974717586886,4.9566201976263e-06,5.62327907513026e-05
46.3210633988511,-1.88909790399884,0.489639791101584,4.97562725565974e-06,5.63740534717338e-05
145.332231094753,-0.732622282438216,0.176424513398336,4.97295051943442e-06,5.63740534717338e-05
207.509103543906,-0.643805774998769,0.153446731255663,4.98309562184988e-06,5.64215020409454e-05
1737.91874196372,0.454437432268839,0.105060698366996,4.99925955555362e-06,5.65672796683992e-05
244.507202786514,0.583697058355492,0.138107538778476,5.02274749036854e-06,5.67956831603211e-05
127.497883236699,-0.743705455274751,0.180123885809293,5.07064045981005e-06,5.72995698214671e-05
339.825788473858,-0.611348825481638,0.145145403491925,5.10001562793603e-06,5.75936761555297e-05
492.452141001022,-0.517709734046197,0.121314830368111,5.16777657586037e-06,5.8320596672062e-05
1480.56806258873,0.525234560128659,0.123546898825581,5.17454219072828e-06,5.83586564841545e-05
74.0056208386773,-0.927287870896842,0.228835914510119,5.18119450737217e-06,5.83953894707038e-05
3707.75708064888,-0.348409736409556,0.078949066423176,5.18886050128059e-06,5.84434916578421e-05
686.752409923943,0.443033161682014,0.102676347043061,5.2664287646863e-06,5.92783431438741e-05
3053.32618976305,0.403939269961454,0.0927993727280627,5.31602951486641e-06,5.97975092388407e-05
530.422167985234,0.646026665631522,0.155652229737906,5.3667287735659e-06,6.03283452134378e-05
161.52220457099,1.10419681337143,0.283551015904555,5.44343172690303e-06,6.11506089294613e-05
1398.74014822584,0.558607484786137,0.132798059344531,5.49027993232885e-06,6.16366348277571e-05
653.159533862772,0.473162928490275,0.110332779429124,5.54989992406437e-06,6.22653155864208e-05
796.452353873095,-0.490151048538468,0.114896707946943,5.60689933546174e-06,6.286379509166e-05
6971.49309329994,0.392638400644972,0.0902589980595714,5.64686226900901e-06,6.3188278571689e-05
1631.18450423166,-0.434923925218634,0.100775691399743,5.64199138703485e-06,6.3188278571689e-05
14461.9148921019,-0.500334311552943,0.116754406027566,5.64482942477576e-06,6.3188278571689e-05
143.518052985792,-0.744405245056137,0.181770154316004,5.66240447132548e-06,6.33209977258303e-05
5.66356091695229,6.48055218337722,2.63892654505566,5.7371418148225e-06,6.41150760709111e-05
2135.02304266541,0.574541314672876,0.13720567147448,5.75041805301419e-06,6.42217143466176e-05
442.251463738155,-0.702789566031158,0.171749423269179,5.75653885740316e-06,6.42483528932361e-05
161.764581274023,1.15682617446568,0.305153735008552,5.82321063255085e-06,6.4950324039716e-05
40.05492098632,-1.42174536914774,0.367836303424361,5.90312801686668e-06,6.57990270655152e-05
185.933015724735,-0.758756790403383,0.186732333911893,5.96032928456084e-06,6.63935902624106e-05
1322.33555077432,-0.532201622291379,0.126505464164998,6.04114388159002e-06,6.72502482973895e-05
199.639440833987,-0.91699378725818,0.231998725044637,6.13092002907611e-06,6.82054939069082e-05
1237.83991295564,0.411964308277937,0.0958421999679401,6.15952986931995e-06,6.84794791353807e-05
443.701124866739,-0.550852587620232,0.131022791596751,6.16460360328067e-06,6.84916132899381e-05
18.9726842979904,2.17611751613192,0.567766805341417,6.17291145418524e-06,6.85396411236488e-05
115.106325800901,-0.920914041976868,0.230543499238079,6.19852363124153e-06,6.85836142211465e-05
1778.7714251637,-0.36287483374984,0.0833427069738416,6.2007977274192e-06,6.85836142211465e-05
381.633550518305,-0.572158789501885,0.136784109497822,6.19366995955539e-06,6.85836142211465e-05
29.9216999624339,1.52730978836029,0.393733150050076,6.19650780069167e-06,6.85836142211465e-05
74.8573058315057,0.943647351060227,0.236201237569093,6.19607018063285e-06,6.85836142211465e-05
1216.60490666065,0.41380104378058,0.0966313865812018,6.1927041076481e-06,6.85836142211465e-05
1639.83912892889,0.370141981477274,0.0850498455120482,6.20642492812542e-06,6.86017367216126e-05
1139.49711164582,0.496188906339764,0.117230145078731,6.21994558150929e-06,6.87070289379436e-05
671.427234828556,0.449279895287304,0.105001692540111,6.22905630060504e-06,6.8719396609433e-05
134.444445678563,0.863926822776563,0.214575890084436,6.22569600481731e-06,6.8719396609433e-05
1138.06349993632,2.49243967949736,0.73861513736341,6.25499409278983e-06,6.89613098730079e-05
563.090313458704,0.734702170122521,0.181730629730678,6.2743778531591e-06,6.91307012789771e-05
2874.28729964826,0.70282578923739,0.173468070216616,6.31885531889505e-06,6.95761796604839e-05
559.926394287855,0.515574407673816,0.122264437345433,6.38093605844798e-06,7.02147915990063e-05
2514.84762402116,0.520581137893857,0.123792234574903,6.49301113983391e-06,7.14023648299255e-05
283.538632289925,0.964582495349267,0.247809780379245,6.49822203969048e-06,7.14140069397039e-05
117.11435105822,-0.80772520504125,0.199957856100755,6.53202714432396e-06,7.17396774299028e-05
1987.35149970729,0.351917787524313,0.0815025281542773,6.77475421685479e-06,7.43580075147961e-05
35.9218280233386,-1.77892027536209,0.486277023438231,6.86359836425004e-06,7.52850945578677e-05
412.107327518466,0.683681900620482,0.168128985252982,6.88242311962324e-06,7.5443464139197e-05
1512.59623972167,0.464289832586145,0.109569685827207,7.04335679388203e-06,7.71584035018962e-05
53.8652379356514,-1.31920578158109,0.339301806032327,7.19739475031799e-06,7.87956666522719e-05
631.046500414571,0.4620682727458,0.109244355898233,7.20468298659551e-06,7.88252816071604e-05
2613.97270617411,-0.376105640711239,0.0872915984534085,7.21995607882763e-06,7.89421643990823e-05
123.12882643675,0.904183668648778,0.228152883474577,7.23054983948907e-06,7.90077679093854e-05
357.598934561673,0.540589334660167,0.130364086199542,7.28944666024219e-06,7.96007575298447e-05
571.240050882653,-0.543161020236247,0.130689917214807,7.32557081079538e-06,7.99444748571508e-05
222.15337519775,-0.602146517222407,0.145113584862543,7.33863389887996e-06,8.00362488439039e-05
889.175003830894,0.41131007009684,0.0963948774000977,7.35766410136749e-06,8.0159074645193e-05
1609.35004664974,-0.402560891009249,0.0941203735091391,7.35921733035408e-06,8.0159074645193e-05
640.788248237523,0.457715885257977,0.108252568657098,7.43335608336597e-06,8.09153742264629e-05
149.152967787567,0.677884749045279,0.166141072554735,7.48431488878535e-06,8.14185526706004e-05
469.880387276982,0.465113826460941,0.110772075176169,7.51834414887481e-06,8.17370423618823e-05
174.076059805396,-0.639061115754934,0.155997792606048,7.61194590376549e-06,8.27023737200649e-05
3921.51369907726,-0.332590285519241,0.0763438987664395,7.6245191461999e-06,8.27866823203864e-05
200.542206215853,-0.643625029311449,0.157038531404784,7.66312295111529e-06,8.31533448809034e-05
139.264942626995,0.762584579867892,0.190059493129986,7.7013479161372e-06,8.35154368282747e-05
548.318728826555,-0.574541432935106,0.139437852217813,7.70621732951395e-06,8.35155840266607e-05
1781.3845808354,0.393379931773987,0.0918127218198444,7.71482733715933e-06,8.35562439369039e-05
1661.33108939828,0.563463416461172,0.136111557719252,7.73289034964331e-06,8.3699169995919e-05
1093.53978613833,0.48061495054577,0.114368463093678,7.85032456407959e-06,8.49168126903175e-05
1263.3313978824,0.369249638722885,0.0858219130650568,7.85831552829619e-06,8.49498232376909e-05
1176.45754159289,0.38177509482303,0.0891263185738541,7.86773407589014e-06,8.49982150573081e-05
2927.49746400896,-0.542752888720135,0.131244311717011,7.87798743159556e-06,8.5055559219091e-05
261.428068719547,0.638995774688516,0.15684267620793,7.9472610578325e-06,8.57496505229994e-05
157.585229337483,-0.759852234822134,0.189562679137502,8.04226323541841e-06,8.67203043172171e-05
8.85613990709484,4.6508458869055,1.26711756140521,8.21366419890748e-06,8.85130391961214e-05
109.860351810733,-0.93334481455738,0.24000129170109,8.40409856645627e-06,9.05085104849601e-05
398.809451213642,-0.506269521351077,0.121495153647011,8.42327075313123e-06,9.06582188254719e-05
2796.86703601302,-0.428673770876176,0.10152328200655,8.45682088114983e-06,9.09623904533433e-05
3289.24264807039,0.620981440244994,0.153230501647607,8.51877809521637e-06,9.15143438223774e-05
148.634159469637,0.815157930270388,0.206380003750258,8.51498858584796e-06,9.15143438223774e-05
364.82960171318,-0.802293683924963,0.204817854859324,8.63196132186882e-06,9.26723487982659e-05
8627.80473302159,0.466599886131643,0.111891843944973,8.69479989844245e-06,9.3288748255341e-05
47.8418531793294,-1.54481347211973,0.423580947159267,8.7303036431456e-06,9.36112795252251e-05
89.9327097049728,-0.888312597695684,0.226779362360312,8.88662709648688e-06,9.51741340795419e-05
13.4867240992156,-2.36047777284721,0.623991208849978,8.88712479398478e-06,9.51741340795419e-05
291.605345807821,0.566325650263421,0.137943261022096,9.00646582200846e-06,9.62921348111951e-05
178.958852945599,-0.643663794830686,0.15846752605617,9.00831704815472e-06,9.62921348111951e-05
505.720683430776,-0.698958373845423,0.175460406196623,9.00699624068896e-06,9.62921348111951e-05
1183.17970588161,-0.523289358423776,0.12682172453283,9.02852168056527e-06,9.64481642136907e-05
183.524255868372,0.748233454316952,0.188413010310905,9.11941855654994e-06,9.73587087238376e-05
33.5002101072283,-1.47467670034437,0.393138704806142,9.13522303642974e-06,9.74669361064238e-05
1072.46822309453,-0.410052419098169,0.0970582072610024,9.15645977019007e-06,9.7632952007129e-05
214.305557114202,-0.660213628113086,0.163911470221223,9.169808926112e-06,9.77147111029741e-05
12296.8801691493,0.607039225696711,0.150266062738019,9.27078704232538e-06,9.87295766817054e-05
901.234911886921,0.408421159102022,0.0965118787939787,9.29548007463582e-06,9.893128824484e-05
1305.96188274544,0.511325278169196,0.124975605530472,9.33165536472761e-06,9.92548797884664e-05
2197.29310752199,-0.381406248043834,0.090286046097548,9.55105158601136e-06,0.000101525671339808
384.889962448082,0.808290501090393,0.207784839344381,9.6165317753804e-06,0.000102158573196274
172.085451290619,-0.766455972275468,0.194099430355497,9.65317897168131e-06,0.000102484583416017
1420.42938543288,0.450673500604334,0.107789796629684,9.68664698107832e-06,0.000102776459856611
921.902767485052,0.486074235489381,0.117287941855166,9.78672505718691e-06,0.000103774281293809
109.599844247949,-1.05231478304703,0.278648295175441,9.80783121851343e-06,0.000103934004391382
2694.43043314777,-0.438150779961538,0.105172022827018,9.821007362919e-06,0.000103990105510596
2760.30160840635,0.518343663422827,0.126126944758041,9.82521782979927e-06,0.000103990105510596
1019.02945128068,0.627739786791263,0.156807326769194,1.00001316154135e-05,0.0001057762999099
937.016705001616,-0.538216044585633,0.131493653483287,1.00083328596922e-05,0.000105797982085954
402.081575133321,-0.529457266108287,0.12895674454352,1.01808319818475e-05,0.000107555361950735
62.454596871767,1.2278461983632,0.329322659661424,1.01962144587423e-05,0.000107651744920755
1153.05001524434,-0.450113129366938,0.10799641728821,1.02048978510871e-05,0.000107677324012789
96.6354834265392,-0.960173462143906,0.249750445224754,1.03118026586081e-05,0.000108738622884979
308.18984827571,0.51818326259387,0.126027712686521,1.04308715870459e-05,0.000109926813986276
107.423332533914,-0.888455465714306,0.229426342794343,1.05469090666996e-05,0.000111081622191161
90.0954442467317,-0.861380771554351,0.220996811024982,1.05689750648643e-05,0.000111245900942841
785.049219191656,-0.458853138917358,0.11057068343817,1.06071486095805e-05,0.000111579418309588
129.963547815534,1.04156572336674,0.276493078941731,1.09300450907433e-05,0.0001149057735426
27.9088201760915,1.63629374508692,0.444048988072692,1.11187260807289e-05,0.000116817941272117
3597.86189754748,0.376636674244254,0.0894632728990893,1.1200549027224e-05,0.000117605764785852
5707.53010623728,0.381455874085889,0.0907215963992069,1.1229330092677e-05,0.000117836027006682
557.624596774141,-0.510603200395057,0.124732180694609,1.12435123537256e-05,0.000117912907909589
3594.54709688522,0.335392314538354,0.079233551793976,1.13379846681234e-05,0.000118831199455853
752.380370235389,0.427744008844296,0.102989654908052,1.13837386709479e-05,0.000119238076371274
1607.86301617875,0.410904142928026,0.0984602892220251,1.14263462334703e-05,0.000119601603969549
424.10960562875,-0.543353535750823,0.133809815071312,1.14323528650467e-05,0.000119601603969549
18.3704677514393,-1.94903033862467,0.524518178713702,1.15252237014304e-05,0.000120499892061338
1206.42231046742,-0.424951575452709,0.102236276923255,1.15522464642126e-05,0.000120709044312268
398.467171965198,0.529467082675695,0.130024708538122,1.16521721911853e-05,0.000121679240750574
1077.79188578036,-0.459741302833691,0.111628140731512,1.16756567654792e-05,0.000121776604432672
847.286459117905,0.480884664539826,0.117046023384351,1.16746890519306e-05,0.000121776604432672
158.896193730699,-0.684892153473826,0.172863456506962,1.1713310980849e-05,0.000122095294278559
1368.13952102972,0.387561001927402,0.0925291826802701,1.17440639330693e-05,0.000122341705381501
143.465757627412,-0.694243677841222,0.175470654027339,1.17762177132914e-05,0.000122602402209987
775.612907289639,0.453980851369241,0.111362632648589,1.18682713877373e-05,0.000123486025164969
581.912583082321,0.449795175498534,0.108781155588267,1.19302971706005e-05,0.000124056336781837
786.448658798011,0.414389876369333,0.0995053199085431,1.19957876539361e-05,0.000124661964870119
103.417410986543,-0.868990751295708,0.224994348955625,1.20980665938149e-05,0.000125648941634676
390.629007367844,-0.478047926071441,0.116320033674259,1.21244843117951e-05,0.000125847317850672
646.943686467022,-0.434652672954211,0.104800111583949,1.2140623647409e-05,0.000125938833601801
1985.08331719203,-0.342315861124775,0.081182995678792,1.22176185415027e-05,0.000126661133993553
1177.40523222926,0.389975807910311,0.0931641425106284,1.22565458815139e-05,0.000126988152178409
595.154443987725,0.51224716637449,0.12587376706255,1.22978354401705e-05,0.000127339236445209
894.135441191659,0.443724331736543,0.107564136642138,1.24576976235834e-05,0.000128916932267155
90.963141957748,1.04229261729284,0.278782902670581,1.25695053173045e-05,0.000129995743807769
83.7055422895989,0.918898134819184,0.24069645947539,1.25802069369852e-05,0.000130028232637745
1442.2705775661,-0.380856216196229,0.0916865931495205,1.27188575767876e-05,0.000131303500278014
258.23996297273,-0.676507267907022,0.171961700802004,1.27173301677093e-05,0.000131303500278014
5497.397859573,-0.342426066121723,0.081579960935016,1.28030947858107e-05,0.000132093837565182
123.215487274596,-0.870784797326107,0.228283547471767,1.29850763686534e-05,0.000133891084211313
8.87770187543951,3.63928980545428,1.03089222026625,1.30580139466106e-05,0.000134562481646349
84917.6991919265,-0.332136880521667,0.0789080974284653,1.31875779895581e-05,0.000135816259785875
164.567284036971,-0.732535864141732,0.187768639037434,1.32027219178626e-05,0.000135890852343099
96.6858890736367,-0.843979532839463,0.218205631776782,1.34085359352129e-05,0.000137926680352707
584.470220831641,-0.439626970038946,0.106698803560811,1.34911450387891e-05,0.0001386934868632
266.311170649773,0.536643961197526,0.133271609671947,1.35129482566268e-05,0.000138834645797924
42.2826692970979,-1.34686586032483,0.366462332244968,1.3792211829935e-05,0.000141619254485404
121.972323529371,0.711079128806796,0.181768601568884,1.38813006928395e-05,0.000142448980081233
978.319397034211,0.440712193345272,0.107346619371367,1.3932143669999e-05,0.000142885473452781
5395.55128354403,0.404160280090881,0.0977726529972793,1.40417808514746e-05,0.00014392406964512
1513.17710010554,0.406827574815437,0.0985882881630426,1.40514654240333e-05,0.000143937554394251
260.459867134095,-0.55457653642657,0.138439569346793,1.43742515514859e-05,0.000147156400258337
12118.1152352039,0.429708991220495,0.104848206971789,1.45860138737448e-05,0.000149235486385804
97.3171268931347,0.881959691467532,0.231195309222123,1.4617909753001e-05,0.000149472907159253
2954.96400274242,0.380872300708167,0.0918694140005995,1.46316390949329e-05,0.000149524397381908
294.750007583077,0.676526967167066,0.17377814970513,1.47606160242304e-05,0.000150752871140581
1275.96806491702,-0.399257853445265,0.0967676009490836,1.48491705760878e-05,0.000151567290645777
59.9996201193902,-1.38231400903357,0.379672496209203,1.4890988030996e-05,0.000151894907143043
37.5242189298691,-1.37002500219073,0.373943599719803,1.48989306558703e-05,0.000151894907143043
7712.80758358539,-0.473811224308693,0.116542804480174,1.51911138296534e-05,0.000154781970827138
2279.96735434111,-0.467520624749468,0.115671449981944,1.52379141373516e-05,0.000155166894759213
58.3795414303226,1.1715743732168,0.319839474327583,1.52795020771991e-05,0.000155498317293341
403.023058370914,-0.497699316534326,0.122923394754446,1.53128953919898e-05,0.000155746001092154
1493.0507911159,0.431738258017868,0.105801909572542,1.54073034303181e-05,0.00015661360029435
572.944247015298,-0.419793251721064,0.102164790993268,1.5429893791785e-05,0.000156750586724696
164.390287749356,0.742907913885425,0.192423155955499,1.55812659129225e-05,0.000158194918793597
250.925073065134,0.579408806248009,0.146056028966173,1.5622345800482e-05,0.000158518422078165
1151.87916484993,0.391358374334279,0.0950438448439418,1.58234117668522e-05,0.000160463949869158
1384.72918157002,-0.734986151041776,0.193661931581387,1.5915137362689e-05,0.000161299026223269
293.211978956377,1.00469709149681,0.278451712773861,1.60021853220291e-05,0.000162085739313062
101.744233787472,0.827679949897564,0.218000031330109,1.61620858860861e-05,0.000163609014217066
4824.94854848115,0.469305995521188,0.116479949225277,1.62564499097368e-05,0.000164467459998567
314.756589593781,-0.542812218435747,0.136341959447774,1.63841130426845e-05,0.000165661587431588
240.652482881903,0.604464800397486,0.153998199051087,1.64428460888819e-05,0.000166157761388178
1780.7153190069,-0.420288369458088,0.103181399236597,1.6461547308711e-05,0.000166249061751333
607.055350745967,0.462516079354821,0.114517397548974,1.6554213970257e-05,0.000167086811076555
366.302787858668,0.6120982215815,0.156319569594984,1.65951171199653e-05,0.000167401418971427
1193.02207309247,0.539741969819111,0.136026200189659,1.67519867568417e-05,0.000168884771530434
6.63892325664298,-4.82847533944847,1.48770469488913,1.68335613214567e-05,0.000169607745265222
883.156700724831,-0.386792264427724,0.0942092277900879,1.68809404209563e-05,0.000169985535304465
2395.4048174305,-0.415705547939097,0.10212288380231,1.69421287213842e-05,0.000170501855985423
4265.05604809777,-0.438520080741576,0.108807653705632,1.71895767161507e-05,0.000172890953181916
484.46078845932,-0.461366363934108,0.114343894450759,1.72379330873508e-05,0.000173275985487637
438.732801247696,0.497912447885473,0.124472985517403,1.75397967129725e-05,0.000176207338590195
376.621268728812,-0.578337119314377,0.147078845081757,1.75644824566535e-05,0.000176352325611198
11008.0560677291,0.297358514088037,0.0713224995746886,1.76077534457168e-05,0.000176683635655124
278.530485411936,0.663912192724732,0.172126445644537,1.77823595993051e-05,0.000178331663410174
19.0970090690116,1.77503333491465,0.496577657962443,1.78558266531329e-05,0.000178859850091574
3011.41223563204,-0.535310110602956,0.135988060095574,1.78458466611742e-05,0.000178859850091574
605.251392872705,0.482610371321183,0.120076058613517,1.79641571815784e-05,0.000179840244101261
851.908304649646,0.525440022890549,0.132997626068059,1.80038709326258e-05,0.000180132970430617
1322.16406677533,0.359282600109573,0.0871793329488146,1.8071922606155e-05,0.000180708719129802
910.923739343172,-0.390849548623482,0.0956454705245548,1.81958387368214e-05,0.000181842086249037
191.260676899936,0.658554461162957,0.170441013053523,1.82186192430386e-05,0.000181964014146934
92.7542544355377,-1.10695404487959,0.308661701602318,1.8541307985969e-05,0.000185079486970795
2829.69487900802,0.717770564715717,0.190895477138959,1.88496232311376e-05,0.000188047952408547
93.3052001782798,-0.948385194465184,0.257346571000685,1.89226553766273e-05,0.000188667101346443
326.488024453547,-0.837302934963472,0.22613253737687,1.89575753692831e-05,0.000188905758271321
223.346747238396,-0.58758600262766,0.15032018528461,1.93809500321112e-05,0.000193012715461656
433.36111634718,0.485433615365992,0.121812140849814,1.94652656160371e-05,0.00019374022183462
1211.65435476252,-0.501385143296333,0.126472727955516,1.95446252834702e-05,0.000194417588346098
4079.88027119019,0.344377397278317,0.0839212781154941,1.99557921641562e-05,0.000198392872503654
186.614827997814,-0.585921407324971,0.15040999687511,2.00642310104149e-05,0.000199355695637277
543.913258346583,0.491208970605714,0.123816106437297,2.05278985399608e-05,0.00020384487701431
360.972707459167,-0.522370664266769,0.132472392327089,2.06049873175518e-05,0.000204492312103043
321.57387441023,0.59765238850934,0.154387393911604,2.07920996824339e-05,0.000206230289756736
79.32536323055,0.826855877740224,0.220849951040051,2.11006795588295e-05,0.000209170367569054
2686.58548124031,0.360887367298538,0.0885365958233808,2.12677670700863e-05,0.000210705256819364
1775.95498040224,0.415399582971034,0.103702966133822,2.13667040907301e-05,0.000211563582991634
395.05056148781,0.543848588533103,0.139065946637678,2.13858320510221e-05,0.000211631142373722
267.389714171155,-0.607007174612431,0.157378260110181,2.15294879764002e-05,0.000212894377891586
853.920777032071,-0.396803252019083,0.0981981829935,2.15382416147079e-05,0.000212894377891586
3709.71669449846,-0.32943483167795,0.0798999910435124,2.15959652318444e-05,0.000213342335452321
314.060821405316,0.506345720860352,0.128417557828168,2.18228311865004e-05,0.000215459743729403
434.633237047895,-0.473908144214519,0.118986189419571,2.20243183048939e-05,0.000217324297490459
1055.7925842537,0.370334243458482,0.0916582770074423,2.22789760844335e-05,0.000219585163138207
360.438996750199,-0.499389744820556,0.126877466109615,2.22726371927919e-05,0.000219585163138207
53.2523947051383,1.73022934952267,0.536624929964659,2.22981221776465e-05,0.00021964799732723
553.999347127679,-0.507818269823199,0.129410332548687,2.24846497885857e-05,0.00022135861002512
519.103434293038,0.456266186355317,0.114732148378641,2.25286547976433e-05,0.000221664950723494
784.513169723079,-0.405951926697096,0.10093363317834,2.25509326417641e-05,0.000221757284451515
1980.6876153385,0.367886803893664,0.0906359650142831,2.25653717139403e-05,0.000221772473204605
301.798115014284,-0.524682057304822,0.134083371544434,2.29429907157072e-05,0.000225354938503397
190.257760122762,0.630033604319372,0.164311186647128,2.31271651129849e-05,0.000227034310946477
2811.50138810049,0.387827850939559,0.0961403377242627,2.31965453303492e-05,0.000227585500933643
1917.17386353072,-0.404445635035223,0.100852353432783,2.33544439486141e-05,0.000229004037327374
289.426290903457,0.84198684997052,0.23148831681868,2.34655280099421e-05,0.000229962174497433
287.085306867823,0.507271666505272,0.129572534517076,2.35250055251741e-05,0.000230282623806187
685.074491515017,0.648481758190556,0.170784625102794,2.35216523453678e-05,0.000230282623806187
275.547589519798,0.598824334953746,0.155518518362294,2.36148211980465e-05,0.000231030324109898
1045.34062979595,0.461929448316552,0.117638344873996,2.38692281132062e-05,0.000233300090032267
648.139387188962,0.424409878487693,0.106323960588344,2.38739553728001e-05,0.000233300090032267
620.724321071249,0.592723683241851,0.155127151991444,2.3922387640618e-05,0.000233640627501982
243.59449041074,-0.674550517768874,0.178645923304896,2.41806586931827e-05,0.000236029028867225
728.363551473322,-0.521812548008425,0.134452778534203,2.42445229499001e-05,0.000236518179362071
2939.27096372853,0.372204712177683,0.092247199753238,2.43263066749523e-05,0.000237181490080785
121.242987341288,-0.720520000103552,0.192034745505576,2.45670566993373e-05,0.00023939309244867
4146.21775561395,-0.698196841029224,0.188742311594871,2.51183587791513e-05,0.000244626643625495
7180.47617395116,0.376674789917632,0.0934965862863514,2.52043320664782e-05,0.000245325018229405
746.574537118018,0.488389138821425,0.124433546557348,2.52461329409933e-05,0.000245592896183339
1019.3501144061,0.424765716700122,0.106808431144967,2.534992944589e-05,0.000246463220203427
576.479092153573,-0.483757853184584,0.123412960913819,2.53842686659449e-05,0.000246657647901461
517.975734212163,0.448596466552462,0.113445030743981,2.5449590940752e-05,0.000247152746804062
1380.94192939273,0.350530962621827,0.0866338234320222,2.56155014742824e-05,0.000248623594726965
79.4338305310454,-0.890284804651987,0.243988621931618,2.58586564317935e-05,0.000250842093609936
7406.72509863406,0.442072321757476,0.111910306790122,2.59531992033354e-05,0.000251617290359732
607.348400299609,-0.534193921082782,0.13834232993775,2.59707886649466e-05,0.000251645968590658
380.072753335692,0.479617374742792,0.122238239253418,2.601810294898e-05,0.000251962473321795
404.637354722223,-0.450392540577865,0.114281489303537,2.61040700934502e-05,0.000252652730184159
520.932065875892,0.467673358830103,0.118944295601413,2.61650469537448e-05,0.000253100473879334
336.832264097977,0.517042753681589,0.132961709572217,2.63148389798117e-05,0.000254406360659799
421.647197531294,0.480909884226792,0.122759690501584,2.6482195060117e-05,0.000255880490358962
916.256499527376,2.24927200394406,0.749163595630836,2.65506577201952e-05,0.000256397957400133
369.914821925515,-0.469523422036867,0.119650572605013,2.66408724878907e-05,0.000257124784466461
425.403845088644,-0.448792562294148,0.113773995272871,2.66674060272356e-05,0.000257214725122633
890.220879937647,0.449865516040062,0.114368756788841,2.66801017279364e-05,0.000257214725122633
34.6462041330973,-1.27771837546793,0.360816297433545,2.67662467550004e-05,0.000257900659909945
72059.1332180402,0.536083825000828,0.139445259144963,2.69044378687106e-05,0.000259087025142192
765.46517485638,-0.459812433758152,0.117089354166335,2.70457594711751e-05,0.000260168814071608
462.213650575443,-0.509097005419237,0.131051453154893,2.70470282900189e-05,0.000260168814071608
2403.62055069251,-1.11940837092268,0.323583504604758,2.71700546472867e-05,0.00026120613184946
51719.2666607469,0.313258753719696,0.0765025876724389,2.72482724658955e-05,0.000261811753151361
1514.44168280968,-0.379871162227926,0.0950398782621111,2.73408776491741e-05,0.000262554860239054
529.468923145494,0.441070107981312,0.111936550361881,2.75301652066352e-05,0.000264077697372515
237.485814445792,-0.533974460551802,0.138164179308401,2.75247849790936e-05,0.000264077697372515
1511.37144280066,-0.366628693161154,0.0913991391672268,2.77420386088487e-05,0.00026596171796744
536.817392770636,-0.423768989684344,0.107191013378006,2.78589387842215e-05,0.000266933642423301
1425.84025491013,0.447256034128054,0.113776163283782,2.79156016483616e-05,0.000267327635161565
70.4708142884762,-0.884128901809665,0.243096561610268,2.80925750751807e-05,0.000268872675969968
255.345234795764,-0.520763368054555,0.134442320387253,2.8134252799026e-05,0.000269121809727724
615.865114917982,-0.446041952046255,0.11347688188237,2.82115454928134e-05,0.000269711156715341
419.405134360011,-0.450445624822673,0.114548668764651,2.8299893773536e-05,0.000270405485006136
242.417851745721,-0.564608925412128,0.147516208413386,2.8593686906885e-05,0.000273060977852035
16.3101324028493,2.0948823336968,0.62759864010124,2.86580837808476e-05,0.000273524074887236
58.4162091342988,-0.930748524418827,0.257084314368232,2.87558977571491e-05,0.000274305427357297
704.405181578827,0.464636521216606,0.118894168371354,2.88574478287798e-05,0.000275121532819947
118.18461930205,-0.705059779158575,0.189147468812563,2.89579280670378e-05,0.000275858749239273
4917.27075678963,0.316432015181568,0.0782321204564972,2.89668527894719e-05,0.000275858749239273
706.113188332774,1.80799020190813,0.568784084749538,2.89930058888434e-05,0.000275955012884459
283.956950014121,0.757462536192407,0.207155838906863,2.90434480395537e-05,0.000276282225017856
412.864913891949,-0.522865233613054,0.135857953281545,2.90809331234973e-05,0.000276485886562206
11.2258574176118,-2.55981975925437,0.733121131883972,2.93155155775539e-05,0.000278562183656546
2650.38719074923,0.354918661391656,0.0884982706673024,2.94544770691608e-05,0.000279573703704468
890.445383614251,0.38779603010708,0.0975168718365829,2.9442358923828e-05,0.000279573703704468
1641.61305050814,0.380419475645783,0.0953755644678044,2.96345209596552e-05,0.00028112748261727
2208.35787229946,0.552499390810466,0.144865971209304,2.99121194041808e-05,0.000283604488220786
1411.78490884651,0.439914080465253,0.112141628082248,2.99704806794917e-05,0.000284001265678556
20.5722457378857,1.94923820919457,0.57842828685867,3.01937833094434e-05,0.000285959735208765
1448.51677630457,-1.36284173390323,0.40845096158617,3.04280895342538e-05,0.000288020204677838
762.855385285204,-0.407663737383426,0.103374861702799,3.07312251472322e-05,0.000290729560675053
311.349571249844,-0.530385752909335,0.138346535492454,3.07691488441714e-05,0.000290928307295714
517.0525924273,0.496928203180879,0.128873495592248,3.08024356723211e-05,0.000291083017103434
2581.67911265243,0.331240213565312,0.0826200033933061,3.08786378346502e-05,0.000291642884194481
56.3795923596445,1.13895818493963,0.325582393351975,3.10304483439038e-05,0.000292915851299013
5058.29613870721,0.471511588194232,0.121525799839993,3.10541721333605e-05,0.000292978994252149
91.7438753166686,-0.876995809940014,0.244199498802624,3.11953524224528e-05,0.00029414959775974
2982.19312981062,0.40054182812556,0.101422635896773,3.16142707767775e-05,0.00029793635237797
269.809173454001,0.506874006906402,0.131591630407465,3.16409144667755e-05,0.000298024144531255
1029.13705192605,-0.377060849001121,0.0950322133736234,3.16969344881158e-05,0.000298388383284676
48.443748354773,1.15150766983153,0.329327589604488,3.18504147946744e-05,0.000299669192589499
1544.56466508378,0.339869809894015,0.0849533840798706,3.20498889533118e-05,0.000301381104487704
1394.94593704921,0.371942270022725,0.0937691837742501,3.24100142573513e-05,0.000304601002848188
519.973021616849,0.501739797854097,0.130334858730896,3.2689128433089e-05,0.00030705642813801
1392.20893933255,0.433033117602871,0.110882207190212,3.29831112900939e-05,0.000309648761505636
1507.44278626265,0.338669956148366,0.0849575482731497,3.30782339881535e-05,0.000310372365718632
1645.23311740122,0.354622524541319,0.0873099907784204,3.38465910555403e-05,0.000317408680242223
3246.71750938904,-0.437926643029766,0.112974399065247,3.39431966418578e-05,0.000317967886189168
502.517355131367,0.442099142983059,0.113404473745795,3.39321977231219e-05,0.000317967886189168
2664.07872650408,0.355335330120275,0.0903589380771096,3.4069340294088e-05,0.000318975821294513
1426.62085188073,-0.346772784147134,0.0874442139798975,3.42832923400315e-05,0.000320804322609468
31.8415980572907,-1.41207284982791,0.415868069750653,3.43596766759101e-05,0.000321344251848275
1484.32384870071,0.590782369526099,0.158307581200797,3.4474192697701e-05,0.000322240021852043
51.0260163954701,-1.34062304989617,0.394877903607475,3.46686533361151e-05,0.000323881677744619
2654.84627324931,0.389636674910969,0.100348647831336,3.50726789584454e-05,0.000327478287408416
50.7208709076014,1.15488986471825,0.335782508979941,3.5127726097888e-05,0.00032781430339532
15446.2498531069,-0.353200618101971,0.0891846243075434,3.51667909254521e-05,0.000327891007776135
6808.84703689951,0.341252922039105,0.0856933079452437,3.51740746175341e-05,0.000327891007776135
35.2874002319943,-1.54062125490277,0.469754328768955,3.53685221335145e-05,0.000329525033680561
556.561168515012,-0.442644405574204,0.114184762497067,3.54432672418956e-05,0.000330042638491263
2626.28758955832,0.371878858843764,0.0948868383822622,3.5895875576588e-05,0.000333715223806345
206.115626949715,0.542518713340182,0.143226106587242,3.58829221835773e-05,0.000333715223806345
15.658339919353,1.96640172400536,0.582002434314341,3.58837456107424e-05,0.000333715223806345
3358.42314315921,0.353296317109495,0.0893813503442168,3.60817302419341e-05,0.000335261846802283
175.546191364315,-0.665992801332819,0.180615465921559,3.62875765413996e-05,0.000336992456228689
173.829759447204,0.637753008770501,0.173353390012767,3.64141240799503e-05,0.000337620765526181
2159.97488652526,0.321485399971817,0.0810073725132961,3.64084465137773e-05,0.000337620765526181
742.624618404453,0.545559135493597,0.145057526618512,3.63906650490618e-05,0.000337620765526181
60.1034842985089,1.00055296608721,0.286136119453927,3.64350074244103e-05,0.000337632377528251
3900.47844272017,0.564845833005574,0.151769802210354,3.71294043341639e-05,0.000343881865989922
73.9034014697929,-0.963368445546686,0.274182807684815,3.71611531679266e-05,0.000343990674561448
2426.10751844741,0.635195867760544,0.172936212128747,3.75720005570428e-05,0.000347606690468305
1268.63087189683,0.491069515844104,0.128902818393101,3.78487357926105e-05,0.000349978713385542
9.27011559992657,-3.02931859848806,0.901432437295663,3.82280665129965e-05,0.000353296354624948
90.678890426072,0.79387721103759,0.220403517017426,3.85224996411381e-05,0.000355826246685249
152.252927040451,0.695857221080037,0.191598994052515,3.85851782227864e-05,0.000356213891708912
1227.25894806701,0.348368810802303,0.0882447199034854,3.86628231198218e-05,0.000356739213968785
16.1788721046015,-1.85151167190371,0.548976018940582,3.92449155052776e-05,0.000361915979504166
405.097462556963,0.470079264679801,0.122754456706029,3.93426884819914e-05,0.000362428976540852
75.0813737266066,-0.901427676870319,0.254656684499666,3.93318433686605e-05,0.000362428976540852
350.44389633066,0.504742281195772,0.133267268547719,3.93986470391175e-05,0.000362750176887464
402.329127831324,-0.490309400330521,0.128468060944633,3.96874854480025e-05,0.00036521405148218
307.966349688151,-0.549081377097125,0.146387531850332,3.99247818864024e-05,0.000367201242601195
45.8560603801286,-1.37748906423574,0.419846925913144,3.99846050209509e-05,0.000367554902060574
255.380975526684,-0.576560472149096,0.154955029577624,4.00516608675766e-05,0.00036797463422086
575.516947104773,0.426052017871401,0.110410458793538,4.02665324570736e-05,0.000369751250255851
1249.08772251621,0.379052467588135,0.097613661896998,4.02959259305806e-05,0.00036982370868733
8.79897398366614,3.23950186478874,0.969262078632405,4.05142711433973e-05,0.000371629306344155
828.990148210023,0.426415571553617,0.110367504367331,4.06097836977106e-05,0.000372306860243563
499.928450188731,0.500112416877674,0.131765885377468,4.06385115720736e-05,0.000372371742423065
965.894047115546,-0.380260477503727,0.0974205733371267,4.07091928676001e-05,0.000372820771102159
435.415662661131,-0.448841407695429,0.116820744416168,4.07906288568084e-05,0.000373367762484432
770.642823467298,0.499034102364084,0.131701496586508,4.08514055357455e-05,0.000373725172238983
157.918883949216,-0.660658104375908,0.180336530320202,4.09257856376991e-05,0.000373809127553259
2980.64097386102,-0.334966270627278,0.0849229413433517,4.09045901706982e-05,0.000373809127553259
1259.89081650727,0.362257522509489,0.0923929063739014,4.09114739883947e-05,0.000373809127553259
917.36415698055,0.39302877674369,0.10100513236585,4.09937239417985e-05,0.000374230922545112
119.62408935396,0.720363328595738,0.198834967131337,4.14682734537826e-05,0.000378362246754168
324.700787295746,-0.470994689914293,0.123487805658378,4.15947079717328e-05,0.000379139542032702
759.979961648242,-0.509441480316586,0.135251994608639,4.15975531028378e-05,0.000379139542032702
64.2194140609456,-0.892024859662569,0.252666288905548,4.18241975285831e-05,0.000381003375685435
398.51572394954,0.513571915137098,0.136323357099522,4.23462811161114e-05,0.000385555155593436
956.860674723784,-0.420630265481766,0.109034157318433,4.24176506380158e-05,0.000386000620805943
372.593331252029,-0.446553108782777,0.116476103181569,4.24651419657947e-05,0.000386228438217717
9578.5074712953,0.401614134169651,0.104006276511844,4.25563229201782e-05,0.000386853170139611
1623.30090734007,0.365988813486423,0.0934908944666608,4.25990788627078e-05,0.000387037272773224
187.308607578168,0.635790913358904,0.17366524523511,4.30818440324992e-05,0.00039121680861402
2137.20104910278,0.324564876712665,0.0825765489360669,4.327870388156e-05,0.000392797059661715
1423.69932619919,-0.568633834924798,0.154344236336808,4.36152933570642e-05,0.000395643159519065
454.035890023061,-0.448595784190389,0.117286032999081,4.37221993365089e-05,0.000396403851549087
2634.1484475127,-0.470155061526858,0.123908477420139,4.37701558063788e-05,0.000396629562546844
42.8712567031314,1.08669102739328,0.316375993842498,4.3813516226556e-05,0.000396813409995016
1796.52439038563,-0.409303088222843,0.107693056337693,4.40432640958609e-05,0.000398684262728796
80.9269557021793,0.950289593363454,0.274659645838092,4.42250130306718e-05,0.00040011888433168
75.3486351358265,0.834642462490076,0.235731067568442,4.43641238092863e-05,0.000401166438168199
2634.71111847301,0.478744620008252,0.126458057661991,4.44195607760744e-05,0.000401456660949923
235.94067931311,0.939190155405001,0.277469348158708,4.44604421829301e-05,0.000401615097218601
2839.66620689188,-0.324197970892606,0.0824726169851322,4.48837820296373e-05,0.000404848979080942
1280.76483403598,-0.410441605736564,0.106550478731335,4.48890634983055e-05,0.000404848979080942
649.996011303512,0.440783074608227,0.11498051914483,4.48494386791301e-05,0.000404848979080942
213.643610764612,0.562708852733956,0.151596938676118,4.57190641783566e-05,0.000412118545494526
89.884207777039,0.865941354434515,0.248488059218103,4.62194811259925e-05,0.000416411134565712
511.244917459247,-0.418980986383651,0.109245608915634,4.64128141569748e-05,0.000417792036665775
174.106161537853,-0.621976610715089,0.169822870399937,4.64213374073083e-05,0.000417792036665775
340.215527001202,-0.465610191142552,0.122724601345324,4.65957439554056e-05,0.000419142364167898
7.54217461579989,3.41229127656965,1.00158676895467,4.69991797292307e-05,0.000422550387957679
1734.89719007373,-0.367499734274027,0.0950510717065523,4.71933635307782e-05,0.000424074534673905
156.396785228449,-0.627252126222091,0.17184926453356,4.74891998449325e-05,0.000426510051244383
1814.79991221291,-0.383849736811287,0.099605815043712,4.78065710430122e-05,0.000429136333699774
1944.31806034954,0.385290827501238,0.100258115962021,4.79303015260207e-05,0.000430022564395425
130.244378964181,0.742065857045883,0.208535822515057,4.80293127529553e-05,0.00043068620961318
52.561198067904,-0.975886447170007,0.282275818337716,4.86786121733429e-05,0.000436281110353999
8963.89557094925,-0.384105214940335,0.100226929250459,4.88144026608669e-05,0.000437270266335547
830.737633621548,-0.388620189723896,0.100981323156654,4.93326543352874e-05,0.000441452820974302
87.6540409923051,0.827602429508246,0.235661452256208,4.93138123817756e-05,0.000441452820974302
989.389713453681,0.427509572012122,0.112612329305513,4.96760197563651e-05,0.000444294260941094
2078.07906343189,-0.520153746908425,0.140700495614454,5.01622146012248e-05,0.000448409526469057
1254.11826409276,-0.344764153247225,0.0885378471261368,5.05791582712827e-05,0.000451901788627424
1276.15211758462,0.349708907031575,0.0900773119120897,5.06777497933852e-05,0.000452547569416631
451.502409844614,0.416579804762503,0.1089559696969,5.07845428519194e-05,0.000453265880908232
6461.86808683682,-0.300933160317436,0.077346588622888,5.093336436577e-05,0.000454358368115601
1130.9152116611,0.37510732241663,0.0974777799056984,5.1550075780943e-05,0.000459621437717179
15.3902997730735,-1.94711212877777,0.596518926136741,5.16317249751673e-05,0.000460110900439328
1368.05294802053,0.384077504007079,0.100058473720789,5.20159285420838e-05,0.000463294642669756
280.85170515831,0.533269041395267,0.143798633140792,5.23481347775474e-05,0.000466012199813167
3325.21511906536,0.338962450418736,0.0874731139274984,5.26819908142045e-05,0.000468741624424989
1042.5767011613,0.380399991640763,0.0991183183735351,5.29034471123716e-05,0.000470468659196318
1209.20559341613,-0.515693330333717,0.139788780179893,5.29888281566825e-05,0.000470984421429861
400.990902050757,0.478888811958789,0.127852933099967,5.39328358830985e-05,0.000479127502248663
716.410876599282,0.431200482680417,0.113625713724891,5.39672951510768e-05,0.000479186117348152
906.455550867021,-0.435770851727247,0.115270160280196,5.40901399672817e-05,0.00048002905949292
48.7781401396276,-1.08455159610939,0.320355756640574,5.43686781296159e-05,0.000482252137777857
86.8195264095433,-0.756369273911948,0.214262419322788,5.47609767752859e-05,0.000485481463689764
1486.15231133468,-0.351211918166484,0.0910666549971506,5.48912051441693e-05,0.000486385284530947
62.0404701881818,-1.0479747945875,0.309532135941962,5.55638290537983e-05,0.000491847031033341
154.108992145381,-0.656169176877678,0.18318741766582,5.55647875631014e-05,0.000491847031033341
516.461217177459,-0.438696571880491,0.11649775946889,5.61106125243051e-05,0.000496386594380195
2169.69828795442,-0.406428184860784,0.10712071400792,5.61353524082493e-05,0.000496386594380195
38.4835301798962,-1.26751060298686,0.379379849340948,5.61776472117673e-05,0.000496505320860835
705.754320839467,0.384612767269578,0.100871412136368,5.64569469655862e-05,0.000498717529974893
693.776202861834,-0.462791327275657,0.123578487252443,5.65880083595799e-05,0.000499582166890351
293.931206973085,-0.533613411652916,0.145166215781357,5.66129218715794e-05,0.000499582166890351
865.074490457361,-0.391688664835156,0.102896483294356,5.68420874324295e-05,0.000501347211154028
257.471005620694,0.584045591231506,0.161091705870883,5.7393027862948e-05,0.000505947045727751
210.002676625669,-0.53790651480454,0.146194168956652,5.76224429755924e-05,0.000507709219639966
38.0614079421358,-1.12517077032576,0.336479284499542,5.88049859330051e-05,0.000517863263216464
29.5181689767992,1.66095301055803,0.50968353165862,5.99658921939815e-05,0.000527816468702297
10.4179640828288,-2.41485345480991,0.737619388080336,6.01337890038567e-05,0.000529023548377152
594.875803293529,0.420708945797052,0.111585406347112,6.07713373094876e-05,0.000534359013489713
577.477218949928,-0.465934205462496,0.125601472014567,6.12241361631664e-05,0.000538065364266887
572.790733778017,0.451245264771444,0.12088246741538,6.15917823033188e-05,0.000541019950885996
718.89558217066,-0.449936014148674,0.120633530226221,6.17780559362019e-05,0.000542379164903899
1838.46943288775,-0.434956398691129,0.11632246454005,6.22345838159655e-05,0.000546108472985097
1618.36657930267,0.336125000093682,0.0875840861684095,6.23167478498837e-05,0.000546550610030673
309.813620325037,-0.536887192442837,0.147287392485364,6.25063420732077e-05,0.000547934035329816
141.840478293219,0.621896362813642,0.173902024517181,6.30311930308887e-05,0.000552253432979243
469.436208893378,0.43769984081465,0.11662615328997,6.31110755969274e-05,0.000552671786757411
1088.47266528898,0.382578652635388,0.10090729864765,6.34874467130787e-05,0.000555684781688672
694.30738482602,-0.385877306230344,0.102309565289647,6.42421818181264e-05,0.000562004722833142
348.619647338511,-0.47254191565167,0.127793834455703,6.43539689312504e-05,0.00056269644720314
368.100282644674,-0.588946925762793,0.164417874946462,6.4661799356638e-05,0.000565100755657935
534.630218251653,-0.430082920695116,0.115078020571229,6.4736122971091e-05,0.000565462965454441
929.640109275295,0.379303229329145,0.0999931290316644,6.47987084224512e-05,0.000565722327998852
19.1889511469112,1.79855452158382,0.571887956734948,6.59803729526481e-05,0.000575746542066259
1001.44874703116,0.362497384906193,0.0950879089414526,6.61655903715704e-05,0.000577069974036835
563.716782494744,0.390448157109134,0.103455050451618,6.7093336344426e-05,0.000584864820977082
590.130027116616,-0.402516869358171,0.106826812714517,6.74727173194701e-05,0.000587873994517511
37.9803801812718,-1.10601763896251,0.333814816657156,6.77487813980802e-05,0.000589980400640801
1464.40903881379,-0.411584018678402,0.109652397582649,6.89050634688078e-05,0.000599746045850215
278.941440898851,0.518337115128849,0.142106551634973,6.89940940155947e-05,0.000600217209395151
234.714704771136,-0.56289276742994,0.156433115524048,6.95241710639288e-05,0.000604522860530087
6455.83847612511,0.422328212140205,0.113501905412528,6.9839506010577e-05,0.000606957889780654
42.9074247164812,1.04726344565517,0.314955823708475,7.01047534384326e-05,0.00060895538100384
66.8118059553312,-0.898111962314196,0.266852957624496,7.03714289992466e-05,0.000610963254597699
185.151463085647,0.885728285129906,0.26879882418907,7.0946919950946e-05,0.000615648878020343
183.047977065729,-0.675569952673263,0.194069628075676,7.15289532362443e-05,0.000620073823946656
3663.3514800556,0.348458972404961,0.0921113164366626,7.15215696818379e-05,0.000620073823946656
35.7879378596015,1.35081536768701,0.416603585157486,7.20680811602727e-05,0.000624432709257194
269.232206420562,-0.585695079884099,0.164461175599693,7.21690675695009e-05,0.000624992846489348
1679.22736744131,0.33142701137805,0.0869298070180539,7.30336513013284e-05,0.000632161936955987
669.876318940274,0.494961792966389,0.135814821881194,7.32464622997258e-05,0.000633685062924036
969.967563278504,-0.357691178748516,0.0946260159908419,7.40806805334941e-05,0.000640580002260214
671.045572110858,0.379847151273464,0.101129897690954,7.4288380497622e-05,0.000641658557345963
490.469965573578,-0.422495267694418,0.112888549114444,7.43129883025094e-05,0.000641658557345963
106.935579888173,-0.710678772529268,0.204999978432883,7.43173350911773e-05,0.000641658557345963
1169.16710390963,0.466012046593327,0.127406293481893,7.500514645751e-05,0.000647272209695291
6372.83206545815,0.405229195067327,0.10877826627699,7.5103687367896e-05,0.000647797552176752
299.134363372819,-0.569994867025386,0.160354552986024,7.51755799618095e-05,0.000648092631460232
6323.82309398191,-0.372150668815688,0.0992192506938917,7.56989053224851e-05,0.000652277290902515
596.313234183284,-0.427478327634636,0.115454943136678,7.61654748888644e-05,0.000655968954738898
3095.71280594635,-0.368078328081445,0.0983843913680897,7.64990276895123e-05,0.000658511900516477
173.589554165267,-0.573116339660627,0.160648853758358,7.68302288143497e-05,0.000661032068723362
1352.18049012469,0.356556993371729,0.0944158696424112,7.70982105999369e-05,0.000663006062054158
274.184037086717,-0.531538223110014,0.14782851058761,7.73722102029379e-05,0.000665029806736796
163.530451912449,-0.744336432885199,0.218425748627826,7.78267435967039e-05,0.000668268678542043
332.703551085502,-0.450915464316588,0.122616504939675,7.78064272026369e-05,0.000668268678542043
5472.45892897376,0.626531045974398,0.180707513690172,7.82147227232663e-05,0.000671264978102523
77.5758986899416,-0.866460671200944,0.258430935664996,7.83821306037167e-05,0.000672249740329455
5394.70092549655,-0.341831019313846,0.0919244563381934,7.84076387639331e-05,0.000672249740329455
378.487467566773,-0.638656687917344,0.1838687791227,7.86102786418895e-05,0.000673651311590362
63.3321063431718,1.05311317159363,0.326854162505888,7.8733521455431e-05,0.000674301999174411
793.589519288562,0.431643190609923,0.11738496111836,7.87646209861848e-05,0.000674301999174411
210.494865478651,-0.586911731459246,0.165554123313794,7.88548588822097e-05,0.000674738665629415
581.482513034135,-0.609024492916868,0.174014600504004,7.95229541813863e-05,0.000680117000977456
1073.05457895179,0.429524964627689,0.116498582703542,7.98704426051235e-05,0.000682749374933161
2380.0324960761,0.324446662712128,0.0855576404609054,8.04894967951449e-05,0.000687699381708741
1378.4322212649,0.343452572265629,0.0910927375848919,8.10770492241289e-05,0.00069168857619335
691.516409719098,-0.405229306740878,0.109394759730164,8.10433870940414e-05,0.00069168857619335
297.227621009369,0.482657197216293,0.132868919017906,8.10567424754519e-05,0.00069168857619335
2048.57298234257,-0.42094538779623,0.114373033894835,8.13458478859861e-05,0.000693637698458639
428.425112269965,-0.4778335912269,0.131499682802323,8.14446856725374e-05,0.000694136347315149
135.357584293311,0.629782795580605,0.180556436419625,8.17591835681218e-05,0.000696126830786201
716.893611771606,0.441110607081207,0.12021904232569,8.1756073787778e-05,0.000696126830786201
133.580992153038,-0.678555990097483,0.195443421148439,8.20791347799777e-05,0.000698505214785174
224.307641099475,-0.698326381005654,0.203447874629158,8.25356035149542e-05,0.000702042455417259
1058.24665806588,0.38944174148793,0.104742315685704,8.27993048122776e-05,0.000703937342296768
569.500458580708,0.39888922830351,0.107518767769532,8.28534330171334e-05,0.000704049503192528
1094.12858662287,-0.429891637324236,0.117555045987907,8.30168464341676e-05,0.00070508974904753
22.9707070397151,1.59431997814661,0.510236054970067,8.36406156250627e-05,0.00071003699315669
85.0069370860618,-0.801598871448181,0.238135256961826,8.44528357572859e-05,0.000716578353324894
12974.9666996525,-0.315927907739293,0.0824518180093805,8.62470262159214e-05,0.000731441126177333
140.661867229715,0.677112341898578,0.197341509217373,8.64955672222156e-05,0.000733187412841245
1236.27511875843,0.45340730461437,0.124894715125711,8.73921195993936e-05,0.000740422199502449
8906.06174092586,0.295913712777086,0.078251370087916,8.77944964405566e-05,0.000743465063653931
781.900893245159,-0.394448507176951,0.106764997011898,8.7899140832716e-05,0.000743984903140691
821.348771108454,0.605409794218777,0.174430896890107,8.80913313843772e-05,0.000745244863984212
169.506728561193,0.677007564287536,0.19817896636526,8.8354117025575e-05,0.000747100520512716
14.6675226982018,-1.91147317435652,0.605842256708102,8.86452825123922e-05,0.000749194208319722
848.267140182334,-0.347656526796358,0.0928297384878362,8.90975758198825e-05,0.000752646958018743
2493.72896600262,-0.415588508374355,0.112999868992011,9.01650762261124e-05,0.000761290695146248
1020.3474746046,0.361606082298224,0.0971850886097686,9.02831760883823e-05,0.00076191381037492
429.293954260978,0.490251237782208,0.136344111685919,9.05422911172259e-05,0.000763725779757317
391.503542074098,0.436197094116461,0.119679528622099,9.09360719522396e-05,0.000766475682349293
321.782763877355,-0.458394278381396,0.126288793461918,9.09574316922442e-05,0.000766475682349293
26.3364173617177,1.32178494078961,0.416719394362613,9.10690364953125e-05,0.000767040332361841
8992.37196553128,-0.372535699315048,0.100599770645094,9.11644768757088e-05,0.000767468349380967
4159.40773401152,0.330229981083128,0.0881227686483359,9.22704651519981e-05,0.000776399085200203
423.818884062109,-0.409545919286514,0.111494508100696,9.26375819740026e-05,0.00077910697915446
685.2583581168,0.429869124169018,0.11783920081706,9.39836440513774e-05,0.000790041394936286
45.2203932564558,-1.11976363415907,0.35353231664767,9.42700652894684e-05,0.000792061970158069
1294.18703480618,-0.338347680627418,0.0906596537568079,9.44409531390218e-05,0.000793110328631853
4600.97025366819,0.542221890924619,0.154527647346785,9.45787487615273e-05,0.000793879892605909
894.078212154451,0.425093560291694,0.116638901933671,9.56664797816959e-05,0.000802227101787123
67.2441378567839,-0.986415321508353,0.306613352821381,9.56433609358356e-05,0.000802227101787123
167.652984197927,-0.903964674926222,0.282338357324087,9.58422314663683e-05,0.000803309229527324
952.150925125914,0.481784320458184,0.134625174032599,9.59360029095398e-05,0.00080370351390218
3246.18651395233,0.380731162245255,0.103342442634711,9.61185973064487e-05,0.000804841166053365
10.3734353772243,-3.36690468999727,1.10979609239274,9.63515475222539e-05,0.000806399156124207
341.097483834045,-0.532015237566476,0.15065354425386,9.76158733579575e-05,0.000816583368620385
3655.4229163993,0.397892716386655,0.108819083392662,9.92273226589708e-05,0.000829660049786893
16.9747825295226,-2.14824754676139,0.767646003868896,9.93665780181612e-05,0.000830017375101678
18.1312075347228,1.67099954615715,0.543097282961721,9.93404835339245e-05,0.000830017375101678
117.521898508919,0.748402589453419,0.224191517704559,9.95736210351264e-05,0.000831343062224825
310.196927505163,-0.593547318490931,0.171908770816861,0.000100088307606532,0.000835234741642285
1902.96733391765,-0.316252069238194,0.0847634012022443,0.000102035710734812,0.000851072836531538
2387.33222647907,0.409206260376149,0.112526446818663,0.000102666842390087,0.000855921969106693
1401.59684958248,0.348637830212838,0.0941779057695144,0.000103331808210616,0.000860631365333844
1256.5366697885,0.502236500396176,0.141941962970552,0.000103306492293984,0.000860631365333844
135.549273448866,1.04686429891007,0.339200842423737,0.000103819765433984,0.000864276934026666
1142.26587469106,0.365292396588014,0.0991316003608291,0.000104084493402733,0.000866061539445386
5016.5651060808,-0.437326912904544,0.121941860573594,0.000104272305800414,0.00086720473281495
249.387562741622,0.614612460900529,0.179403687699615,0.000104694451202018,0.000870294763761964
301.032703208942,0.700108043272864,0.209799618256768,0.000105647789473837,0.000877795329063053
517.65169110004,-0.40516331105629,0.111557952305205,0.000105940995904499,0.000879559380460649
170.628689600487,-0.564634611610379,0.161817600792138,0.000105962383645239,0.000879559380460649
752.244080692494,-0.542595906998856,0.155899989746606,0.000107114123153785,0.00088869069180991
1503.94017815068,0.35014823038054,0.0953138001447555,0.000107856297839519,0.000894416811254526
4802.71414721223,0.335891227656833,0.0906534818760138,0.00010804239853224,0.000895528295111324
625.904670255631,0.597336532055344,0.174451429855437,0.000108273186521797,0.000897008928221767
1511.21044898761,-0.352598909536556,0.0958717148301085,0.00010840106450134,0.000897635969358954
612.865834138915,0.39105947540184,0.107353146777457,0.000110004321667363,0.000910473690258414
448.73470868607,0.4297166452113,0.119169656090433,0.000110639980375756,0.000915294383108526
11249.8107237305,-0.417834332397894,0.115961618987458,0.000110737244334029,0.000915658589087
387.978129296881,-0.488026836379513,0.138077607600001,0.000111650685338581,0.000922767965948228
276.167792682249,0.518543126134088,0.147787975301266,0.000111726465539391,0.000922950759275692
183.400388428493,-0.598899237273138,0.174202070024059,0.000111795018522691,0.000923073703106944
184.710406666941,-0.545486171115385,0.156380681664605,0.000111851016029245,0.000923092910118514
25.9450311896722,-1.53907741337313,0.518021175710463,0.0001126526548699,0.000929262835063506
375.880940411322,0.702421079367186,0.212465069903496,0.000113475853292702,0.000935156301284708
429.145967139921,-0.427788327257282,0.118733189128974,0.000113474069006504,0.000935156301284708
215.195765978793,0.512406955700523,0.145576479119722,0.000113736042917855,0.000936851629379404
1652.99468192775,-0.334790096571867,0.0906907900416408,0.000113805964651779,0.000936978834871202
70.5786531463829,0.822210834823471,0.251891346223679,0.000114817386596083,0.000944853699553123
761.305417322918,-0.397531705565206,0.1097707394076,0.000115507006824609,0.000950074132174292
1982.78156198209,-0.341826422453304,0.0928685738762065,0.000115828784685789,0.00095226542438379
720.299191288724,-0.408671235906628,0.113438313763788,0.000116058850540725,0.00095370098922596
464.979523705677,-0.430402100782225,0.119876459446458,0.000116418761345796,0.0009562016601654
978.769803800145,0.417564036822533,0.116130139220619,0.000116749807636719,0.00095846297925725
400.914188359032,-0.428979765642231,0.120267942066397,0.000117983957767727,0.000968132676358368
797.975699312278,0.348843592981572,0.0952121199556616,0.000119005495075441,0.000976049360897717
16.8384740119803,-1.56707828012805,0.510496706893847,0.000119094597000658,0.000976314572838093
11.1555894929926,-2.10371212593844,0.689202102510325,0.0001195884116044,0.000979895708043865
161.523721171868,-0.577844032963176,0.167992371144761,0.000120297206155318,0.000985234118412051
9421.07411628419,0.306738076696819,0.0834186311871771,0.000122572069001798,0.0010031701119231
81.7737446641385,-0.893470085503473,0.281305841929678,0.000122603847622674,0.0010031701119231
190.177271150192,-0.761310458892892,0.234883607547387,0.0001236194149691,0.0010109987247045
132.73576293878,0.63057868860769,0.186588579300293,0.00012429493240533,0.00101604018176771
617.292357835677,0.382230358293605,0.106019032177563,0.00012521186894295,0.00102304937479801
327.911331256387,-0.450239449921665,0.127121887332061,0.000126758163599805,0.00103511117720114
105.982349121537,-0.783621027751253,0.240970668520372,0.000126808491793872,0.00103511117720114
25.0266269164922,-1.29195743855939,0.418819140007515,0.000127068037397631,0.00103673774914699
213.489746294246,0.618683516063724,0.183597192466952,0.000127189890634925,0.00103723989048368
1413.46776197544,-0.338069223001538,0.0925558138486676,0.000127843309739813,0.00104207444749528
602.544990304047,0.415779750612012,0.116246283390089,0.00012839904897613,0.00104610859466626
186.56891717073,0.710448023782157,0.216770674138764,0.000128661119906533,0.00104774744378431
145.200687481957,-0.593773757757128,0.174253216570477,0.000129043354178007,0.00105036282466045
71.766333853066,-1.16609905663523,0.395717252118113,0.000129227492603174,0.00105136407061589
2949.2680075272,0.356894407750187,0.0982207531745247,0.000129389502514726,0.00105168717095973
3850.45976974513,0.338882539091707,0.0927493321167871,0.000129372349255046,0.00105168717095973
1106.22404858787,-0.330090519502071,0.0902014413935271,0.000130305049148132,0.00105862850273913
1913.5331282116,-0.342330886892429,0.093844877302198,0.000130439336515142,0.00105875867968528
578.737928089653,-0.530673187737151,0.154618960345388,0.000130548119516734,0.00105875867968528
2117.82618337021,-0.348616486717759,0.0960101774183831,0.000130479252629785,0.00105875867968528
6729.34990580482,0.307347052584918,0.0833156115489,0.000130628869020999,0.00105875867968528
372.452957551296,-0.451844209456391,0.127347130030782,0.000130603623724931,0.00105875867968528
126.874979961197,-0.665668872620664,0.19947924556919,0.000130762449105611,0.00105934213950419
17.5275414399649,1.66440989513944,0.553953180094365,0.0001314961427477,0.00106428336899656
2252.82788015112,0.350499178043202,0.0966848457257906,0.000131493780404573,0.00106428336899656
312.844678454121,-0.475754025146904,0.135547169221969,0.000131638287631319,0.00106493269471828
21823.0672738474,-0.345202774595767,0.0949121490066187,0.000132185852399153,0.00106885964993561
30.0543642090841,-1.27355538461138,0.417900764393414,0.000132365357797374,0.00106930567813858
2227.21092635428,0.29993799908783,0.0819116016614704,0.000132306051348883,0.00106930567813858
217.075982509135,-0.509140226427767,0.146329571121485,0.000132511526878111,0.00106998392055241
7894.72948613298,0.322033274425128,0.088630041426906,0.000132945445534586,0.00107298391259941
1708.80082025623,-0.314580052898292,0.085806063606307,0.000133470716696795,0.00107671803774305
1216.93116911818,0.369746150409104,0.102078333096823,0.000134398686893666,0.00108369574115525
310.160267774814,-0.610771775927733,0.18281145472947,0.000135486929580875,0.00109195862317782
56.7035497880673,-0.919770057356879,0.290770455983475,0.000135873643976938,0.00109456243688963
356.609096145279,0.513209909490311,0.148488280288424,0.000136739033401284,0.0011005028710663
489.554907425181,-0.414530552612962,0.116700514080871,0.000136711288457102,0.0011005028710663
1144.03053759962,0.416321103335422,0.117691219196201,0.000136930221676206,0.00110152613779657
443.147595413197,-0.436385159063601,0.12340222416955,0.000137036987298122,0.00110186963279121
654.234199621181,0.436776709692476,0.123594024587761,0.000137533706299667,0.00110534682927476
404.382453739228,0.516757064897785,0.150114270053231,0.000138662526782161,0.00111358720520411
603.128999561748,0.408681936980159,0.114511903580556,0.000138688516399046,0.00111358720520411
157.507436966113,-0.574900368048903,0.168907079722498,0.000139234632977083,0.0011174505144997
58.4984033185083,-0.841118817072404,0.262027844666935,0.000141364769801747,0.00113401710625944
709.775176136244,-0.366027406755287,0.0998891397905634,0.000141476709197986,0.00113438597738748
114.784182909376,-0.64031823311893,0.191494406283857,0.000141764264083928,0.00113616196550768
651.92384856842,0.438073628460498,0.124126681053852,0.0001420307646438,0.00113776763908185
367.895432845058,0.500236657415036,0.144703318898548,0.000143597340354503,0.00114978149755917
1785.78065577912,-0.326201013993771,0.0894383340967494,0.000145185095770894,0.00116195368178856
5828.11476664195,0.29297871492412,0.0797739692532871,0.000146390207219735,0.00117105356928941
2383.88610209297,-0.28616650760482,0.0777584783434484,0.000146693753239768,0.00117293624452383
2762.44971615419,0.380454787430031,0.106593118314718,0.000147153671415979,0.00117606691202761
83.6473115774247,-0.788151250524437,0.245433953305284,0.000148557018919232,0.00118673115113417
599.569972744062,-0.382046774250424,0.106777979295745,0.000148667787064467,0.00118706465632394
6.63964445806945,3.59564698606942,1.22314354182182,0.000148941909229171,0.00118870157625639
1537.25932926611,0.349235500656372,0.0967572343790049,0.000150871475094342,0.0012035429035935
76.9377374917379,-0.808161929569473,0.25183745664758,0.000151296643266344,0.00120637504290118
71.2970491220775,0.795450662097561,0.247968930441855,0.000151729309823132,0.00120926431865062
78.5854451345561,1.0308045872555,0.343374834221881,0.000152739222759547,0.00121674937111692
1157.94779397104,0.440373268455611,0.125420235123992,0.000154887131938076,0.00123328878805693
737.31389193642,0.378689195122212,0.10620290898616,0.000155056026267843,0.00123361638481416
4076.2021114755,0.340126799964523,0.0956037231400958,0.000155143452546835,0.00123361638481416
21.3949553463329,1.37039362465827,0.459178204256645,0.000155101809685275,0.00123361638481416
283.826868026094,0.47255883888226,0.136184658886428,0.000155943134834104,0.00123940202218658
1728.38652936586,0.320119776116446,0.0886320896796437,0.00015662625020005,0.00124425629431439
20425.2110230376,0.347749114854987,0.0971601052936667,0.000157686967395689,0.00125152660463242
1375.24634708667,0.348586747802861,0.0970548663933527,0.000157621138280632,0.00125152660463242
7050.02016300524,0.366910753948106,0.102359726721154,0.000157897236783321,0.00125261742409425
4757.33267520031,-0.315154913693218,0.0868970324939662,0.000158011086255583,0.00125289717747925
3797.30889720916,0.2782309929888,0.0760398839692113,0.000158078194960752,0.00125289717747925
563.197893437101,0.509759310412872,0.149320483978271,0.000158993398850378,0.00125957045915599
568.313606790001,0.422360896900701,0.120061593510347,0.000159084316563025,0.00125971047908263
6169.947907071,0.373540081300565,0.105041338290931,0.000159230114390862,0.00126028473879818
203.258671008952,0.686830345358096,0.212154416373982,0.000160909156483448,0.00127298830835272
54.2210079750427,-0.858817090672958,0.270820365122996,0.000161426024021515,0.00127649020098668
17.3871625767706,-1.56295379128141,0.531132190657499,0.000162071262615857,0.00128100351366274
178.596069690598,0.637758865899853,0.194327234112027,0.000163507749309708,0.0012917637943857
732.285758827586,-0.452147611273847,0.13087456596986,0.000165397892794216,0.00130609658318077
294.372810333612,-0.483582220062608,0.140585526656896,0.000165626848785746,0.00130730434707024
2323.09051938962,0.395070203498438,0.112879470578699,0.000166310999869641,0.00131210224163209
731.55273640867,0.496678395181869,0.14591082872319,0.000167961301437275,0.00132451463705625
471.617183286014,-0.473838965903117,0.137340150034675,0.000168038894171891,0.00132451922129347
1023.40943737877,0.32934436537594,0.0919385466067245,0.000168914585899508,0.00133081170997968
188.934418985594,-0.534792681683397,0.157927769590178,0.000169735770029848,0.00133666918898506
466.715556795465,0.400599837119092,0.113804585136171,0.000170256709554545,0.00134015796230142
146.345803219005,0.633669093048233,0.192565699514562,0.000171119317500318,0.00134633172080877
105.058647504475,-0.892267558029394,0.292986247304496,0.000171298145231659,0.00134712245077243
2388.34556656944,0.468741440504223,0.137049591483451,0.000172095148771491,0.00135262973741048
946.785706452213,-0.384233213384734,0.108957939424129,0.000172155735519015,0.00135262973741048
1125.72895404926,0.402343007311502,0.115336511608672,0.000172524584161627,0.00135490882328576
275.805962044672,0.479543325516445,0.139558338344157,0.00017459201131473,0.00137051939872297
46.7410347682399,-0.929613770327561,0.300712678083645,0.000174796682796074,0.00137150006724894
10.3077659014915,2.12744343123668,0.735025752820439,0.000175262467302228,0.0013745276676384
612.988050751149,-0.411816265922765,0.117845334185793,0.000176643136797156,0.00138472438914051
1946.11019784184,0.361189992313534,0.101813939537937,0.000176863919766783,0.0013858234879585
6064.97539125936,0.382638138357416,0.10905093523733,0.000178628063153882,0.00139774266575372
106.953508121517,-0.802802786077139,0.258024801680339,0.00017862889582689,0.00139774266575372
29.3226964385471,-1.12784856694751,0.372203184966235,0.000178577094516261,0.00139774266575372
2248.66889680259,0.451520491288592,0.130602225398901,0.000179986035826232,0.00140772161444992
1847.56869395261,0.388465628024365,0.110697499844024,0.0001804495244829,0.00141070516890063
822.307221306101,0.483633348391739,0.141878965451821,0.000181059426396289,0.00141483011112666
1454.39179816576,1.33721600655003,0.482719305395806,0.000181293759096503,0.0014160178758859
2174.86747043158,0.338691986732004,0.0948943189223334,0.000181603581470971,0.00141779391635008
14.162865610218,-2.5211896663736,1.08561553017689,0.000183557493717688,0.00143239806463272
744.645886552302,0.406778707872241,0.116821512731676,0.00018417903752129,0.00143659649266606
3753.48331919741,0.934669227974931,0.311284989627841,0.000184774966412825,0.00144059140858303
81.3322268186234,0.90433821632879,0.298936486358996,0.000184984365964901,0.00144157050758058
7992.93096200115,0.267742418122338,0.0738572237086619,0.00018567160227047,0.00144627078235951
390.246722395421,0.484310695088682,0.141887357858962,0.000186269901108643,0.00145027434548101
711.875938840672,-1.08490500850581,0.373198240950205,0.000186467693788355,0.0014511574051882
516.290585581191,-0.404646481681906,0.1160121427813,0.00018740185242264,0.00145776773397421
210.903278857759,-0.510963820636046,0.151276828151244,0.000188049595658071,0.00146214511560722
1391.66438413155,0.334357144889517,0.0939970717479309,0.000190497817706454,0.0014805115077873
245.361450204598,0.479179146550305,0.140576444012137,0.000192023743843487,0.00149169664424758
64.6611533582252,-0.96584748639743,0.31948851966116,0.000192436503451493,0.00149422818187911
88.0095420353998,0.705891545471915,0.220811287522314,0.000192928886861035,0.00149737541747425
2150.80409183125,0.374622857917172,0.106962727161924,0.000194991757894514,0.00151270254872829
695.354504752277,0.501448147881748,0.148608420205612,0.000195079612365797,0.00151270254872829
1501.58380372956,0.313731306608834,0.0873643407664236,0.00019543659604913,0.00151478774918837
53.9147403007438,-0.849717983199356,0.273976818030923,0.000195947254455527,0.00151806163485613
45.0414017003298,-0.92937742816206,0.303587737400316,0.000197295494056643,0.0015278186412788
21.605047059719,-1.63661194803121,0.584406532466271,0.000198243097924986,0.00153446581512684
5.8171482711597,-3.73965109255651,1.30767644969107,0.000198352401286385,0.00153462120995256
194.836588264989,-0.621132492238691,0.191315259302556,0.000198789150828099,0.00153730872531136
895.208704142568,0.530086010027971,0.159742563227785,0.000199073094702035,0.00153881265428328
110.285003124594,0.638520516547152,0.197125522426847,0.000200331176019744,0.00154784182226576
558.169007829845,-0.49098015897566,0.143955870220889,0.000200434345587172,0.00154794356073362
2099.33647819462,0.322626820949134,0.0906810840396078,0.000200583489429064,0.00154840010533684
857.449045134459,1.15882824672414,0.408651765424237,0.000201223144153012,0.00155264103018738
686.061669548106,-0.580949985273797,0.179689218803498,0.000201385840656978,0.00155319958451092
245.234830711766,-0.638830928411281,0.19924349744658,0.000201608512631526,0.00155421999495725
7.70628033093853,2.90212598132593,1.01916403863754,0.000202743268541779,0.00156226768622314
7096.31913943213,-0.263988198794911,0.0735655787553072,0.000202896921090895,0.00156275152075338
881.863798462481,0.351598285361836,0.099694767211634,0.000203144612111976,0.0015639589004986
568.413215847326,-0.415307969994744,0.120514415226765,0.000204678271928532,0.00157435670791539
496.077094288536,0.410830589889482,0.118906227809356,0.000204609316391172,0.00157435670791539
32.5935150415287,1.09690475418683,0.370405956676877,0.000204781749061364,0.00157444850340027
108.22896738068,1.02148403130932,0.357110712542351,0.000206647315277701,0.00158808184783789
304.10619009246,0.436651088941268,0.127211504941036,0.000208038739886338,0.00159806086972091
29.0448338510305,1.10999391411844,0.373942087264274,0.000208418730027803,0.00160026506149473
27.9984709990974,1.28075682966467,0.44778140342093,0.000208571128035867,0.00160072058504635
437.2223795026,0.398765823572852,0.114980426726488,0.000209608486243914,0.00160746989482334
77.2679560797176,-0.748551203451137,0.239100423365551,0.000209637477416638,0.00160746989482334
21.5683171550276,1.37568544223435,0.480234735226225,0.000210617607986101,0.00161426570398973
922.38536117713,-0.351502656490908,0.100182907421323,0.000211468139529682,0.0016196973181499
617.238697193782,-0.399963664351848,0.115643247004105,0.000211514633209179,0.0016196973181499
1603.5624678204,0.335439940799452,0.0951421207659386,0.000212242348678158,0.00162454657539637
1027.29900805456,-0.332449818829751,0.0944246497150379,0.000213106988958654,0.00163043910280244
54.4904820839748,0.864585587972924,0.283386905451688,0.000214028018541314,0.00163675762156161
1483.76448480174,-0.314123190115396,0.086921508121547,0.000215576179872346,0.00164786431894421
1045.38986719571,-0.451629351443978,0.133431952710339,0.000216658585762559,0.00165540249512672
1302.49176353298,0.376255876581471,0.108616169638654,0.000217422316025337,0.00166050018353454
1087.14022641508,0.331802375336205,0.09403572804462,0.00021772555648894,0.00166207804973514
1767.39855929424,0.308732371322585,0.0870625911214834,0.000218214797613465,0.0016650737817897
1087.9050766969,0.355457626757315,0.101922931643673,0.000218369744386442,0.00166551717680816
1809.78937235383,0.304052847187944,0.0856470489386325,0.00022117063401215,0.00168613197445699
2219.63146949653,0.303328899284843,0.0855921235041742,0.000223038688532582,0.00169962002838807
581.692338752889,-0.408154328197648,0.118914129081624,0.000223363702134703,0.0017013429198471
380.150258210718,0.505122432970754,0.152294392886538,0.000225592782433319,0.00171756098498037
11.7099947804095,-2.05446605512441,0.733927630488447,0.000225704673956984,0.00171765251654255
932.932978279849,-0.327548942993171,0.0931262869866888,0.000226657254078194,0.00172413892653289
5434.96082702805,0.44321784186682,0.130559482807238,0.000227473584444982,0.00172958363345236
2940.04282992625,0.453386200903198,0.134107159472808,0.000227801125726737,0.00173130868819008
3861.05348208057,0.273514420601744,0.0767269159482996,0.000230558303006928,0.00175148951122621
147.17989214262,0.619257799276147,0.192918146515823,0.000231093034581131,0.00175477664536904
36.2390958901242,-1.00028094727249,0.335996396238306,0.0002320257935923,0.00176108191703176
1458.82908410102,0.35439503021426,0.102367628731132,0.000233862137308207,0.00177423683262631
499.169558414577,0.473320764412365,0.141233234026738,0.0002346234820163,0.00177922807195694
165.185268996144,-0.589764832752589,0.182434404696986,0.000236834419745465,0.00179520281410412
832.005896048317,0.515187344155917,0.156628849021579,0.000237766720016531,0.00180147569055697
693.416389368151,-0.381069037650231,0.11079233719703,0.000240955575744594,0.00182483264959545
5720.25191229844,0.295946484469587,0.0838943731294896,0.000244557934399237,0.00185129925780479
1691.54479435762,0.296158206525976,0.0843682194660962,0.000245760658090034,0.00185958537549076
15890.0594869657,0.343609151512447,0.098831067121843,0.000249196395291801,0.00188475321135606
1025.52818140529,0.441265650391694,0.131154639612305,0.00025043121360589,0.00189325997486053
2066.06147380705,0.352170827978229,0.102561161686429,0.000252488456029517,0.00190797405766769
29.06092522296,1.42469463898599,0.540182814052802,0.000253507664862997,0.00191483457530904
1656.16025182471,-0.340749980780859,0.0991842083486258,0.000254577875546847,0.00192207413587806
61.6564453303039,-0.885649077660331,0.297423769817516,0.000254895811574935,0.00192363012868684
1214.96127210988,0.355468627768234,0.102769353611405,0.000255176842946289,0.0019249063692251
132.612161984695,0.762998382158593,0.252511784382058,0.000255355498709927,0.00192540956699344
195.775713755149,-0.548530692177857,0.16857261206745,0.000255511605555464,0.0019257423768398
206.24515230149,0.494747228868625,0.149387547065584,0.000256517086524835,0.00193247366234807
620.278866043044,0.516114514333967,0.157870823812135,0.000258392164325961,0.00194574730045631
349.074760597588,-0.409262891968807,0.120481938653157,0.000259523313067259,0.00195340982995352
53.5813606594051,-0.238372444462264,0.463088349004955,0.000259916179214353,0.00195551109637255
1065.11468179696,0.360022381697415,0.104741553988936,0.000261755905146165,0.0019667714340799
383.941900004521,0.682062104989341,0.22233702610071,0.000261574005928758,0.0019667714340799
603.674187724983,0.353557107230271,0.102431371567582,0.000261742312556649,0.0019667714340799
1778.96096793504,0.311085040923934,0.0888316545437646,0.000262339283128971,0.00197029403080139
40.3316427456752,0.982017440491639,0.336046450400128,0.000263060029879074,0.00197484480745971
2481.20586416482,0.297854424593932,0.085147555310814,0.000263452348086163,0.00197692710939525
2087.53003836592,-0.342159504997385,0.0988464279345797,0.000264882688596088,0.00198679344141479
409.737881612942,0.511827663027721,0.156955526820284,0.00026514651821652,0.00198790539093545
679.07691093944,-0.423102357868841,0.125839881470077,0.000268338996060916,0.00201096400577416
928.694465297691,0.376986562596593,0.109886835928304,0.000268512030094593,0.00201138432299517
615.933528101284,-0.371142541101785,0.108403784482018,0.000269798590438834,0.00201926281851937
51.4598001980406,-0.892726913485045,0.30102412570285,0.00026971692231025,0.00201926281851937
658.295329757063,-0.376795557296712,0.110309599304769,0.000271271458861746,0.00202940314091482
136.24469310132,0.586434145845728,0.184550061321397,0.000271534473285313,0.00203048756784092
5.10886089525374,3.96038326375051,1.67256381739604,0.000272962808294846,0.00204028132979707
273.162446983419,0.584870770351336,0.183982006704761,0.000273205816285331,0.00204121061437507
51.5633348248146,-0.949980537285849,0.32533532504666,0.000274108558104428,0.00204706604031179
185.044220656289,-0.511220950677284,0.155840969494731,0.000274303086512062,0.00204762968095527
3222.96698889318,-0.323506081180454,0.0933002849879663,0.000274672524498675,0.00204949793876473
1122.0659348081,0.579616986005176,0.183360811585348,0.000276219389085073,0.00206014625883528
671.478367399791,0.365256618354675,0.106827659877601,0.000276921141726491,0.00206359043178246
258.384944420311,-0.528420476914393,0.163071318024502,0.000276817237979911,0.00206359043178246
1420.13098329116,0.386454008863931,0.113335637826258,0.000279107632206902,0.00207898318160524
253.071376423757,-0.454982411816418,0.136830697044241,0.000279635501142636,0.0020820134130529
4175.17155523384,-0.363144987798347,0.105065841200076,0.000280870501864228,0.00209030366142919
933.15867910989,0.444565221673733,0.133740659524209,0.000281038539673471,0.00209064958643773
450.573149778065,0.41712605861185,0.123835045930247,0.000281965994065298,0.00209664208038438
1019.37896457331,0.3583925485665,0.104464854788711,0.000282543573177137,0.00210002891749074
8.0099643916992,2.36534426402919,0.869116857410493,0.000282779551443692,0.00210087494828512
460.367321066765,0.368647284811778,0.108075545056003,0.000285506383170368,0.00211930266903201
1572.15541982853,0.327558167284513,0.0945466222666163,0.000285432242274513,0.00211930266903201
33.239980750553,1.00774957673762,0.347976754413957,0.000290181282217892,0.00215307500986434
24.9499731451702,1.53737568826312,0.594370533257333,0.000291559341062335,0.00216163814198253
5854.9869043414,-0.345672334017353,0.100994265823755,0.000291586748613261,0.00216163814198253
350.982873901046,-0.421644814723928,0.125887777142786,0.000292706752808404,0.00216900622212484
102.868354554768,0.659944581012014,0.212686284613726,0.000296802390936877,0.00219840840728827
651.185612374291,0.367134725178087,0.108087719654535,0.000297601838909049,0.00220338098467358
926.433337309803,0.38108387214571,0.112575212027774,0.000298057089180905,0.00220485328035371
97.6786678797664,-0.626420476402657,0.199604943364505,0.000298004257182769,0.00220485328035371
2604.16937377892,0.299215165064745,0.0864162611956288,0.000298716756931286,0.00220832363609377
1180.71366660783,0.329531379916148,0.0957521337254038,0.000298783016523646,0.00220832363609377
842.890997409299,0.358437199302578,0.105246443082918,0.000299201774242911,0.00221046877800852
76.9097329104637,-0.760344718302551,0.251842505750196,0.000299499427077142,0.00221168526389166
8.29876481747736,2.64198689912921,1.05087784632726,0.000299623621423779,0.00221168526389166
44.4649653021853,-0.900845935428107,0.306276686491339,0.000300091067531515,0.00221418544421901
1125.4547256936,-0.37762633407865,0.111735193547985,0.000300428518769226,0.00221572474027098
10.2628039789486,2.61325395380553,1.05246684632921,0.000300623223278083,0.00221621038026565
1507.52735446333,0.327972896251264,0.0956315498462112,0.000302082077387972,0.00222601098928694
240.763621523651,-0.637288942678465,0.206865072024817,0.000302644665141823,0.00222920153994613
501.484085609109,-0.405795383719047,0.121165991896167,0.000303080864562908,0.00223145881404857
72.3083359669316,-0.778305034834813,0.260182879945016,0.000304180550046113,0.00223785317392999
47.3277937566784,0.837203286880555,0.282092491660143,0.000304209588967284,0.00223785317392999
1037.0485080802,0.343496757800953,0.100993983811798,0.000304908959286433,0.00224203898707454
68.8586424632451,-0.837878129178192,0.285342981873943,0.000305220131501806,0.00224336796653827
1503.58534837179,0.32756420678054,0.0951231540116218,0.000305629037598302,0.00224541384778009
1117.81251236745,-0.554070690503303,0.176162941669149,0.000305786003407248,0.00224560780213546
831.08743842612,-0.327584770141806,0.0955927613459272,0.000307301734426109,0.00225577572786797
2514.0274934246,0.333536972793043,0.0966786438808998,0.000308045177690711,0.00226026834944648
461.972388972239,0.400840168393797,0.119478564119891,0.000308691330793462,0.00226404358137175
197.209737801006,-0.618536817147604,0.199128055103858,0.000308885325670539,0.00226450073154629
156.97680020239,-0.624589647371194,0.201252368737031,0.000310124238434396,0.00227261473235329
1270.98421676094,0.324491969913984,0.0945446499742214,0.000312790270732534,0.00229117541155402
2899.49058791498,-0.310521889269075,0.0899591959602955,0.000313640097546046,0.00229545988517043
58.5932959106689,-1.1528250939833,0.437617064136043,0.000313642114666579,0.00229545988517043
371.194165511195,-0.463429405665142,0.141657163369236,0.000316896499081073,0.00231829131760756
219.750055969734,-0.538019221322777,0.168492344225463,0.000317583067275796,0.00232232617945426
937.245548858888,0.334738363012367,0.0979094448624142,0.000317914616645973,0.00232376263990399
379.449768108214,0.520593958195808,0.162488970643747,0.000319860213645963,0.00233599822271631
100.90334963811,-0.642859706790378,0.207665681385336,0.000319736418658471,0.00233599822271631
1691.76139313851,0.364219942545986,0.107837402851121,0.000320079561245138,0.00233660796852934
745.874791129296,-0.352589250667798,0.1042815642816,0.000320328446664701,0.00233743273406288
237.527600903459,0.536469003717134,0.168023861484783,0.000321216238193005,0.00234291691292684
44.5215831094862,-0.911176783519913,0.313328958892719,0.000323294249299242,0.00235707409652296
149.269338440708,-0.539334451896037,0.168890358536187,0.000325225547050107,0.00237015007784525
656.520304746267,0.33802687611733,0.0992619010430856,0.0003284610909232,0.00239271592663622
260.549869092274,0.493604289462488,0.152772669131612,0.000330021444315367,0.00240306469973751
46.2563308003556,0.861060348063458,0.294212686743161,0.000332162708760052,0.00241763285144483
358.880252466827,-0.537583300883323,0.170109749102316,0.000333214562930924,0.00242426280365861
257.120943834973,-0.444798687805971,0.135378706173802,0.000333638844833429,0.00242632325255397
1028.64263615101,0.308480781945444,0.0899666365887156,0.000337687936935758,0.00245473154157147
609.79947051858,-0.429296004777192,0.130588899938842,0.000339348768039619,0.0024657623411548
1360.64301914083,0.296859175116472,0.0867447035416779,0.000340367190779971,0.0024721179536422
59.5195181644218,-0.957417953126123,0.339554342115508,0.000340931802790235,0.00247517352308537
38.7085542388252,1.09061605445299,0.398251952068531,0.000341970147153199,0.00248166437168265
3660.32120396142,0.51957520597992,0.164159936800415,0.000342909621976698,0.00248743255519917
1782.941130942,-0.408005925087327,0.123980020240885,0.000343188797683999,0.00248840814981749
93.1817040601074,-0.67040004099587,0.219662159023153,0.000343447216644257,0.00248923248169598
470.271630171964,0.490157581336761,0.152772191635465,0.000343948254477268,0.002491813828456
432.979861956237,0.431857217425242,0.131325465251513,0.0003463462813916,0.00250813039732806
301.343076622663,-0.417494320042724,0.126351844476736,0.000346617222425159,0.00250903603050939
120.034769386642,-0.571770919989022,0.181840565653478,0.000347110931147355,0.00251155275759502
492.342535491478,0.426204737855001,0.129598795975187,0.000349608698304202,0.0025274989500353
390.664056714574,0.396219499114733,0.119026046119702,0.000349469377062154,0.0025274989500353
393.320631427334,0.426809674128087,0.129921054754912,0.000350545725083334,0.00253320837214633
620.799775008362,-0.38908353368693,0.11697518974762,0.000351044088714913,0.0025357443434724
448.033701851121,-0.399971144358071,0.120604455355139,0.000352913957431866,0.00254818100498349
303.910453799488,-0.471836832543474,0.145615214473593,0.000354709748205395,0.00256007258052228
384.517900037907,0.472417771477177,0.146140834530554,0.000355611446405398,0.00256550388704968
532.134194460474,-0.42237387198962,0.128477247737231,0.000356908863901553,0.00257378429779573
402.986831600418,0.502664947032938,0.157974472964973,0.000359049794351205,0.00258705379683551
64.5123249060353,0.867417257082214,0.302272365378938,0.000358916536524911,0.00258705379683551
4119.78127927677,0.270004201120568,0.0784654283201122,0.000359627408828693,0.0025901305713755
348.871009868916,0.453631579266249,0.139575598861701,0.000361563602961363,0.00260298552002197
11.4156993815011,-1.8131244094592,0.67589306895186,0.000362357274839229,0.00260760785353971
577.116511108065,0.356758034224834,0.106215245891251,0.000362536357714184,0.00260780544388384
3194.93721995135,0.32842439833443,0.0974797226167352,0.000367216435443728,0.00264036600050028
1329.83881515178,0.409982782514788,0.124659280391856,0.000367659172996578,0.0026424446787999
1670.13466780387,0.303389930556264,0.0888223810891367,0.000369093274175671,0.00265164378552521
252.954534784242,0.435912139930795,0.133221766296908,0.000371766547354156,0.00266973396573868
1309.71156820217,0.398429431807215,0.121170053825707,0.00037298541934251,0.00267736904310177
696.901916633257,0.347069390188396,0.103487425632938,0.0003754128471634,0.00269366940273814
1396.04287633485,0.291276066284055,0.0852678162522425,0.000375802259696873,0.00269533905943558
246.535514492262,0.435960299909791,0.133659031852654,0.000376067339944906,0.00269611595652874
1731.38432119128,0.377125150044794,0.113379085461827,0.000377047024503018,0.00270201323934476
673.570301307138,-0.385901442021806,0.11673399431705,0.000378206001280056,0.00270918992753673
102.325680963486,-0.640106054003394,0.209726973796995,0.000379165791665731,0.00271493440918356
1361.95513397734,0.341179670072834,0.101536674382305,0.000379943114957699,0.00271936813739387
3062.33266005945,0.359909897432168,0.108311809430739,0.000382680929210374,0.00273782416867272
587.965747331714,-0.350813682965396,0.104710949430505,0.000383238251562864,0.00274067138820362
793.188566568379,0.395453985979172,0.119981313405442,0.000384113920262738,0.00274579190132952
151.717089901807,-0.541035924109732,0.172126900037347,0.000387611111410042,0.00276964001044508
2658.90036587268,0.414082500265014,0.126915862747806,0.000389055217278954,0.00277859144357864
201.003954068749,0.534616609216784,0.169941327582588,0.000389186975264896,0.00277859144357864
1611.83917127995,-0.474453809165505,0.149161784477256,0.000390532870132147,0.00278611878846792
217.297553713125,0.515078059155152,0.163038417164498,0.000390565288621207,0.00278611878846792
2042.29303836059,0.384530539377745,0.116987388835953,0.000391573777978987,0.00279204102816671
7.33574409198626,2.55064657019812,0.946112055186763,0.000391720158204912,0.00279204102816671
17111.8319503134,0.894835993675753,0.32147672401648,0.000392061786036968,0.00279331841675634
456.83208530282,0.384448376734514,0.116367747357848,0.000393198687568727,0.0028002584792938
337.369780411725,0.392751308915634,0.119106759795692,0.000395656998651965,0.00281543430691566
1925.92894333343,0.370957820981213,0.112227593439564,0.000395579507630764,0.00281543430691566
11282.7495259199,0.321993296959367,0.0964475692002884,0.00039824088616178,0.00283264888382814
26.3773106340764,-1.19665364720872,0.445691807779452,0.000398621441402318,0.00283418361747767
633.327551895381,-0.336802631371281,0.101357743502599,0.000399473073660094,0.00283789235600163
862.786670448768,-0.318102015152052,0.094392239178002,0.000399422104053173,0.00283789235600163
3431.0988024509,0.343458449342032,0.10264353423227,0.000401891396659907,0.00285389353061674
17.958863990994,-1.60987489440143,0.642891135831058,0.00040215763989174,0.00285460555035
2638.570341078,0.307790168723123,0.0911069485123598,0.000404286316666984,0.00286853150179681
292.805811020299,-0.471055127734181,0.147334829308874,0.000406132781142876,0.00288044441355725
8222.41455788405,-0.257656880659298,0.0756045735779427,0.000409992691915715,0.00290662172640494
19.0509050112337,-1.37708775773655,0.521827418817664,0.000412135439044174,0.00291975261309217
19.9889831421856,-1.49704173060811,0.588079792851264,0.00041218439121971,0.00291975261309217
1077.81959177017,-0.322941400815829,0.0961540374181574,0.000412552959168727,0.00292116029013707
281.348090560893,-0.415256419739743,0.127576150240657,0.000416293184351157,0.00294643064924096
1652.79779501009,0.391747881493979,0.119545253608631,0.000416648028205802,0.002947729097948
1689.07917184069,0.321227562913093,0.0954177306968165,0.000419226801929328,0.00296475401578229
138.124033804792,-0.642632976480588,0.214484077269417,0.000419690612789415,0.00296681415921297
566.996052654141,0.356186102782268,0.107196685353574,0.000421963335116891,0.00298165464284117
392.768634248615,0.415808952182633,0.129249243591326,0.000424110364221932,0.00299559513521684
218.21651387903,-0.464998016999646,0.145128636026866,0.000424743760748352,0.00299883741424914
5092.42238114302,0.253741013779165,0.0751706271124587,0.000426675654546792,0.0030101293605152
265.907252416927,-0.713050098036359,0.247496446288985,0.000426693143841854,0.0030101293605152
1336.73680247432,0.318838412623111,0.0952662932020978,0.000428319393758527,0.00301932883853995
321.542500113773,0.395849095934351,0.121322090118186,0.000428348297345048,0.00301932883853995
916.706446499995,-0.402541020302562,0.123879261313895,0.00042918646519536,0.00302399754809299
329.616653467969,0.564543055734616,0.185291283585172,0.000431735203192914,0.00304005300539317
1092.8423383592,0.344495049060879,0.103681479824292,0.000431818680863743,0.00304005300539317
36.2091613861775,-0.970948593933333,0.349274008926719,0.00043265463715092,0.00304469194122695
1445.6519236818,-0.314079814583945,0.0936315508545426,0.00043473237301472,0.00305806220183238
2011.8793135082,0.465255431479712,0.146735149192034,0.000436904640304311,0.00307208622591736
617.993166086285,-0.354271817373911,0.107385121441388,0.000438586498156556,0.00308265189284618
22.367336972511,-1.21933532920136,0.458107741036357,0.000440254205782264,0.00309310951194819
315.826099273273,0.408953881010098,0.126335572846688,0.000441857007779899,0.00310310276717292
5.98135973995763,2.83832143209721,1.0568614471405,0.000442210069999071,0.00310431469139348
584.786014101627,-0.542588467716337,0.177335338930357,0.00044271692004097,0.00310660477673792
2089.52013901617,0.331157577482722,0.0996215643389603,0.000444408017033697,0.00311480260037422
64.1296376594214,-0.725241601701373,0.24752075731536,0.000444428488942283,0.00311480260037422
2234.68728878646,0.413179378801463,0.127999767245281,0.000444145966991692,0.00311480260037422
1751.24529593849,-0.349028949351232,0.105666258127019,0.000445680742268221,0.00312230675611859
1056.87593584714,0.299483686274049,0.0887620896240656,0.000449142036554041,0.00314527438383264
8.41934502382207,-2.79240346096654,1.06628798723129,0.000451316963516346,0.00315921874461442
4020.29500746378,0.498880858369927,0.160928799170248,0.000452324015581517,0.00316497996093837
1697.99777346396,0.337034607594757,0.101631931375449,0.000453038099149681,0.00316868737994118
149.141011192678,-0.568582973490313,0.185748164219815,0.000454364954930613,0.00317667595928927
737.807335983292,-0.488374941326806,0.156386701797951,0.000455362239761109,0.00318235479953324
626.187248065434,-0.401220029766912,0.123655624735688,0.000455945110757448,0.00318513402108747
2958.82779036273,-0.274762199904857,0.0814491609929174,0.000464439042944184,0.00324315351181365
5875.59388663579,0.298456611903342,0.0888457467082838,0.000466734913677695,0.00325786273552868
43.9907035635417,-0.906180338437756,0.326829520431238,0.000469409825220035,0.00327387655472806
17.6709642034897,-1.36169351151928,0.518834083182187,0.000469292699574756,0.00327387655472806
3115.50562635267,0.259550511885976,0.0774276544182581,0.000470036448719417,0.00327691807114927
168.620706314714,0.519509888688088,0.167919169182765,0.000470982044769181,0.00328085062291824
11.4721408715813,2.0883534574742,0.917517220292258,0.000470907669455275,0.00328085062291824
420.259402470068,-0.390879357055573,0.120515608328233,0.000471294276210363,0.00328169646013848
48.8764002813573,-0.913189793419543,0.33292815795304,0.000471949096726675,0.00328492614917122
615.866968633429,-0.376828696777303,0.115380918937586,0.000476971579700684,0.0033185413427476
20.5607543965043,-1.20871550476739,0.454656011147727,0.000479098412983145,0.00333199094415573
808.41127881092,0.417612008542989,0.130852085196374,0.000480880020998579,0.00334302970135592
1133.03426128188,0.309187927073849,0.0928034560348908,0.000484840094431546,0.00336919789257703
64.2683156440057,-0.733755762281597,0.253665887096229,0.000485858702510043,0.00337491269162772
114.668529335428,-0.733025644479371,0.257823348213845,0.00048635518963037,0.00337699753994862
34.7301628518001,-0.980049951043362,0.360877090540875,0.000492257238847998,0.00341659897132636
2156.7440434919,-0.303731190473716,0.091679528466274,0.000494640881973945,0.00343175818034283
1554.57211858277,0.30093829389162,0.0904216379867474,0.000497688089161444,0.00345150703447084
399.051941579544,-0.417606954799034,0.130784741153795,0.000498665577657009,0.00345689208791733
2344.59712930521,0.311023086016631,0.0934135970839498,0.000499651712950192,0.00346233271999611
230.544924515228,-0.637700189052055,0.218959151592742,0.000500199665957536,0.00346473381184199
502.350819194223,0.359421886334199,0.110121990215709,0.000503951192677779,0.0034893142362581
468.15778939445,0.382850502348536,0.118207176458881,0.000505235482517041,0.00349679881843484
65.2305307359436,-0.809034583065698,0.287241350699656,0.000508341318590041,0.00351687946035001
4982.41268101102,-0.474046425559252,0.15248553859104,0.000512673118375363,0.00354542218051382
104.125174899418,0.676336075040531,0.232908306655846,0.000513524178513889,0.00354988036425256
109.579853513734,-0.790870098892326,0.286663477607918,0.00051447591260463,0.00355503062309644
379.36346455774,-0.392037630915143,0.121821692104079,0.000515193127321776,0.00355855686618764
99.7375572718453,0.597723786249035,0.199593323646947,0.000515860548741319,0.00356173648245763
30.1919411949728,0.976860058676086,0.359701144180872,0.000521580387196246,0.00359978373972241
1643.69224750717,-0.294971158614471,0.0873819913850003,0.000522957238003549,0.00360783856254434
22.4529337403885,-1.27327851133674,0.501723322224742,0.000524451913004108,0.00361669945940563
1195.64463410592,0.344072453048272,0.105803829507808,0.000525323964620181,0.00362126126954007
83.7578457849095,0.663950201981894,0.226986982714693,0.000525572088445461,0.00362152017194451
2159.84367657233,0.368978822372953,0.1141190684307,0.000530965192699765,0.00365721679985713
1525.19719749346,-0.298914558689434,0.0902341435866662,0.000534192803566019,0.00367797519156604
169.296797047084,0.493674358506805,0.159678557705017,0.000535776727914627,0.00368740453917714
1280.89918886007,0.304227865658803,0.0921675646165584,0.000536440011612901,0.00369049270389211
548.77913170817,0.356757827506995,0.109929121990887,0.000537519168418737,0.00369643829573525
2776.85836335934,-0.273004160702945,0.0823885177102158,0.000540379168207387,0.00371462082893639
264.227398424101,-0.428138962375513,0.135533084396567,0.000544730528073758,0.00374303649713966
673.272658457712,0.474853809660372,0.153516982907147,0.000545114974873708,0.003744182289478
2044.73726401627,0.313147423471148,0.0953062749733099,0.000547343193596535,0.00375798626214244
2480.97763074862,0.44514328510171,0.142447560526824,0.000547621965278036,0.00375839991253669
1827.2452274129,0.351085981476311,0.108427192584343,0.000552424573007918,0.00378984851661874
14755.8331491107,0.522799721830271,0.17357418192996,0.000552703496492305,0.00379025017391195
28.8508259698944,-1.02815147458326,0.385870333931937,0.000553817470540832,0.00379637571774881
7.58314454457472,-2.43018345090626,1.01261570505591,0.000556765488374126,0.00381506359942095
42.9498503011896,0.927259633886438,0.344660632197908,0.000558301578514504,0.00382406565068536
1330.98052874542,0.361676990886282,0.112169781368183,0.000559871176780862,0.00383328995599285
478.551257546437,0.350228659641217,0.107912936753432,0.000560386986781434,0.00383529478139828
223.273614177618,-0.500370810745137,0.163461710274435,0.000563619323953723,0.00385588255874307
152.345148437112,-0.69484425199534,0.245983964107595,0.00056613783367533,0.0038715724061161
116.9985807094,-0.67805999646682,0.236946948767243,0.000566396085380058,0.00387179899541002
1680.58405655645,0.338234604697346,0.104594735051073,0.000568031085755906,0.00388143291375281
653.736057109789,0.339929120902097,0.104605981133959,0.000570410106021295,0.0038961411491105
80.3766760344801,0.648364476655972,0.222780135556776,0.000570750296461433,0.00389691716905128
458.756582324578,0.351276241726842,0.108612731530603,0.000577040229060681,0.00393829956333915
910.063842392675,0.330241852030077,0.1014635097369,0.00057770067249545,0.00394124310442255
1297.3115359201,0.405382737363427,0.128299793714965,0.000579270320540821,0.00395038471172941
307.255086112176,0.416616247218375,0.13216375771682,0.000580585177068688,0.00395778218803185
85.2240376809388,-0.677621468757632,0.235407586860515,0.000584121408620835,0.00398031066040798
2675.99594990808,-0.28446348317275,0.0862158969848888,0.000585916528148904,0.00399029167155312
90.95450052273,-0.618480524151137,0.210866337829393,0.000586050163517832,0.00399029167155312
334.20785696617,0.406803646332972,0.128492519439057,0.000588568861786604,0.00400268717037082
1628.04630308518,0.335304758556596,0.103180268925283,0.000588360633358145,0.00400268717037082
197.264190508263,-0.714430556418139,0.258175058842851,0.000588454078528292,0.00400268717037082
5.21831123798916,3.12318687402524,1.28781208308596,0.000588881323466163,0.00400322920248796
631.443336425755,0.346182781839129,0.107430839357722,0.000589574587823202,0.00400635848912337
17.0101556409211,-1.32007845976963,0.518138306397294,0.000593939311246198,0.004034424255183
1123.28506380961,0.311188371748726,0.0955614658621782,0.000594460750716762,0.00403522454439414
488.402013863945,-0.529925338963181,0.177763236133518,0.000594526367550134,0.00403522454439414
3257.54234286169,0.326215539797813,0.100573123845917,0.000595428907038945,0.00403975612314115
2107.14224999531,0.290488937837716,0.088369514334597,0.000599477771095458,0.00406562231272507
59.5525408920629,-0.833645634504858,0.307346221523344,0.000605846959182176,0.00410719820692718
543.489081637815,0.353292129506772,0.109987781904026,0.000607441106256316,0.00411638281580078
25.4673238739995,1.41658154288981,0.606844616702077,0.000610565198896297,0.00413592392903403
1190.58022242576,0.302358473233181,0.0923681966672269,0.000611591114633182,0.00414124235455752
13.224219290728,-1.94472826396863,0.836892717708829,0.000612832337146985,0.00414801391837505
3194.87966839478,0.319297181207009,0.0981129618216643,0.00061315603208546,0.00414857222495587
168.03921358284,-0.475975736152427,0.155056777811852,0.000613862585423126,0.00415171946783025
40.9259144351939,0.948646140384384,0.361066742080643,0.000614443366047191,0.00415401393578838
863.035424725051,0.347927670663621,0.106188751441601,0.000616082869541419,0.0041634614040247
1524.5694492238,0.356314803813524,0.111158316970449,0.000619330465375594,0.00418376460094063
795.250195083627,-0.503525019844096,0.167545449649676,0.000620346873170355,0.00418898542271572
1652.82719810425,0.315480628447094,0.0970514368868268,0.000620870954617535,0.00419087894366836
179.721698246682,0.493587890690332,0.161972718130645,0.000622387042649691,0.00419946439644254
19.7130831913862,1.25875500270297,0.494559040998159,0.000624720754018781,0.00421355774445844
393.661631549778,-0.405044792474824,0.128779450446849,0.000627270981273998,0.00422744263594494
1394.67659284621,-0.37207622776444,0.117307108206501,0.000627256137126402,0.00422744263594494
178.430440173419,0.852309943560459,0.332597578022062,0.000628806212300632,0.00423612927746125
389.912869601766,0.385270621198699,0.121494547994489,0.000630220419191681,0.00424399412281821
724.866555079088,0.316394759888532,0.0981330830481863,0.000633565993732551,0.00426468563756779
75.9329524525761,-0.783072717712155,0.286116518764375,0.000633788969685638,0.00426468563756779
23.0073674550896,-1.31932228088294,0.550919164595756,0.000635135627190555,0.00427207573408305
2555.3473719983,-0.523054237667807,0.174985024182071,0.00063637134664572,0.00427406157578846
849.186692808772,0.389923288473492,0.123397203330004,0.000635904307980066,0.00427406157578846
579.601833336743,0.434097174171214,0.139827869363354,0.000636197193734145,0.00427406157578846
80.257339833214,0.941529153171131,0.371478994068973,0.00063642489072587,0.00427406157578846
1339.20973124936,-0.33988022417287,0.105535320481327,0.00063899711077273,0.00428966093215464
1061.23992253234,-0.348546227040982,0.108873258855896,0.000643101474834856,0.0043155295613284
2670.4181614021,0.262814687893492,0.0798158929664007,0.000644912501077048,0.00432547112979458
215.342673821452,0.566489618389221,0.193109161778589,0.000645085961272347,0.00432547112979458
245.828236360234,-0.462529757290866,0.15080897409927,0.000647379851255392,0.0043391605852461
1239.87053026802,-0.285134161407213,0.0871850106054428,0.000648850380235796,0.00434732282418211
291.878944614689,0.426714171552577,0.137544065709158,0.000652117408868029,0.00436450083176393
98.3588789175836,-0.633962128232973,0.2203228516041,0.000652142192179732,0.00436450083176393
3202.53609525026,0.364506027179238,0.11422544603594,0.000652175541463649,0.00436450083176393
1281.8680380263,0.286875224006688,0.0878546240674113,0.000653474124904437,0.00437149026613435
482.328202806458,0.375347726693987,0.118419629399233,0.000655124675818325,0.00438082787690489
390.703134351124,-0.398605148707777,0.127788702460267,0.000660557061137672,0.00441543758045349
1061.96381721692,-0.347092740743894,0.108659929191914,0.000664669637790635,0.00444120167069197
2896.66475669687,0.281209582275083,0.086103777136857,0.000667168204102229,0.0044544355366282
391.161527211406,0.416306074557289,0.133761849266657,0.000667057666707223,0.0044544355366282
1632.50845343059,0.296611199514726,0.0920849765649441,0.000669297620534612,0.00446691881085557
10430.2026491456,0.28851837650634,0.088868611667039,0.000678180342670259,0.0045244467469301
68.245021454398,-0.667621817610652,0.235267140145709,0.000681224813664744,0.00454299556813491
226.753291494767,-0.451191046182116,0.147280158202577,0.000682977030593755,0.00455291548417907
3025.87002070892,-0.286796345606707,0.0879264991129612,0.000684437941776262,0.00456088654033705
358.106314836422,-0.39333949216429,0.125710487990943,0.000687049330826309,0.00457651488802544
2917.98304938845,0.275722696856605,0.0845283502485576,0.000687547510076108,0.00457806025001896
23.2058910292357,1.13415827397967,0.451030361617185,0.000692510257974464,0.00460753730247691
666.281768205346,1.04438492462417,0.427833077224584,0.0006924501183573,0.00460753730247691
1283.24913014368,0.288416272830258,0.0886294055307695,0.000693682721398357,0.00461275874076817
116.140367858686,0.611441570939126,0.212418632808884,0.000693831435686218,0.00461275874076817
55.3020943584125,-0.803376256812887,0.297921045007529,0.000694260858468494,0.004613830179598
14119.4463892315,0.447786187327899,0.146093930542951,0.000697867562699421,0.00463600780643775
398.465218907012,0.413273091020561,0.133323002587753,0.000703780252830134,0.00467348130055038
471.534186934958,0.389219722806368,0.125620402334818,0.000704822193099997,0.0046785939402265
2386.66561148751,0.371021936219069,0.118132716235016,0.00070700542903167,0.00469127560722056
302.418866170503,0.410202575730382,0.132076064561739,0.000708659036348875,0.00470010884263592
971.296498930075,0.420462064385133,0.136526812024497,0.000708883210523727,0.00470010884263592
206.933599370419,-0.483168011620144,0.160650860027424,0.000710660963413626,0.00471008011936453
464.618907120843,-0.432277266177368,0.141013687196272,0.000715696448202843,0.00474162681534695
654.418520560743,0.489709428734243,0.164583349758947,0.00071903647896636,0.00476192083239985
298.561612560407,0.536065591991732,0.182571723495949,0.000721853360882323,0.00477873593295422
689.895149317634,-0.322231502682605,0.100782868287466,0.000723165603592673,0.00478558107587164
207.895665883895,0.50433350872079,0.169526194491755,0.000726210801131497,0.00480388444948486
75.4134674691131,-0.685396110990154,0.245332784418356,0.000727590826560701,0.00481116287044117
341.713699150783,0.422006848566631,0.137241744955995,0.000728680690258892,0.00481651775240687
845.959444787997,0.447202947201347,0.147385013733746,0.000733048049964519,0.00484352416878208
404.433321548537,-1.02330586018934,0.421458009056433,0.00073521965698373,0.00485600725056189
35.7282701312987,-0.898764678087839,0.341757659359029,0.000736521809656062,0.00486274034713037
38.5845023272151,1.07726974989722,0.442156446450789,0.000737532176335633,0.00486754255594649
34.8804004645023,-0.922104132719892,0.353462428341981,0.000741253034496148,0.00489022283862648
1039.05546446351,-0.316924467257887,0.0991131764586338,0.000742110022137899,0.00489399933694392
438.203806653601,0.355069466458702,0.112606472832572,0.000743082572670402,0.00489853475176629
1129.36207085229,0.336913740438544,0.106270700400833,0.000744822195056035,0.0049081214301796
361.767727032172,-0.430998813696741,0.140916335289888,0.000746978322540086,0.00492044433909113
51.7491191928122,-0.82242830780878,0.309585429660568,0.000751331261763739,0.00494722295982946
379.684703163547,0.361105565223955,0.114891419700331,0.000753421767812276,0.00495908954634647
467.127969844418,0.359050898625719,0.114165227545136,0.000755569627215587,0.00496996316597731
113.168860391921,-0.575498726793308,0.19960244253103,0.000755651705275346,0.00496996316597731
1079.43274805951,-0.304173326400279,0.0949381142232354,0.000761805548751921,0.0050085220309573
11064.273571521,0.4233743246191,0.139945287001801,0.000762962815914057,0.00501421378330373
920.408153677529,0.529762018254185,0.182731057981533,0.000763637443861497,0.00501673048012754
38.6732377672952,0.86431738055548,0.328277001711262,0.000764285583059737,0.00501907130318611
7497.63191446417,0.310955462706265,0.0972320487220931,0.000766719319618102,0.00503313190004265
266.037440650676,0.436512074264266,0.143499258582679,0.000767215561772122,0.00503446793091138
217.765520444012,0.462483081805493,0.15368750425831,0.000768780965293165,0.00504281610300425
446.572511880058,0.353106641203091,0.112199874604789,0.000769722017792613,0.00504706404270498
1692.27646417158,0.293721299292332,0.0909235829442837,0.000771603506364184,0.00505747283001433
552.333945542651,-0.342027969972718,0.1086904575055,0.000772094334078452,0.00505876207688202
152.464726858589,-0.541854224720776,0.185847900295622,0.000773736016609125,0.00506758787115778
977.336642798392,0.296410544476416,0.092752972216368,0.000774091296073645,0.00506798485008398
32.1725860940167,0.937406104616416,0.363370509270757,0.000775691864575305,0.00507653134658701
296.913802562161,0.470654641493816,0.157531682877058,0.000778208669588286,0.00509106538921603
288.90854823495,0.419024710899404,0.136740341424277,0.000779077063570187,0.00509480852332458
8589.35497678938,-0.355246078140953,0.112333480548908,0.000781820275621613,0.00510884001297945
529.346951809715,0.395289474239876,0.128048810322511,0.000781548843771012,0.00510884001297945
906.235199925754,0.308648251113899,0.0965535576682131,0.000782113829535141,0.00510884001297945
567.210016055253,-0.382380565012444,0.122620501399104,0.000783033606383671,0.00511290622482641
13.3398959743868,-1.47458151834785,0.617901594478524,0.000783621912375143,0.00511480579542318
562.312726764395,0.366772705534303,0.117548588640273,0.00078428445971122,0.0051171883241932
347.2128941856,0.596328190364442,0.213804808600988,0.000787076256944563,0.00513345640621522
710.546597575886,-0.506890118181822,0.173230670023753,0.000792910648386023,0.00516954899226354
1102.89278337515,-0.281834185378215,0.0877579500902595,0.000795528439568345,0.00518427338983014
505.813653971741,0.34918903792283,0.111122897150027,0.00079577194890119,0.00518427338983014
570.92090853685,-0.342803064961762,0.109064431787168,0.000796811770597424,0.00518908203048281
135.720040467717,-0.542748960852909,0.186659329183412,0.000797724879883339,0.00519306215333594
5.96678194729368,2.36777253003371,0.992913099377689,0.000804160847024352,0.00523297858795756
200.507664218023,-0.487979403160364,0.164718081724746,0.000807037856870763,0.00524971410753414
127.596864807961,-0.725415774217267,0.272590241994843,0.000810269163745269,0.00526874077400941
739.376775309023,0.308366828550065,0.0970304961327494,0.000813747401982417,0.00528935811288571
426.861990930552,-0.511823152386145,0.175656094454319,0.000815648512508285,0.00529771101458837
73.7131545750704,-0.868660259123303,0.344572406587857,0.000815625755255483,0.00529771101458837
4230.22897678535,-0.283666080558825,0.088883092436692,0.000817478114456615,0.0053057463582495
1927.48351027993,-0.299873168104079,0.0941438079817156,0.0008178111283051,0.0053057463582495
193.302833153429,-0.482751748182433,0.162722131436105,0.000817763894739559,0.0053057463582495
132.89559732416,0.735909787809175,0.276997693213825,0.000820774302308827,0.00532296275467931
226.505017507081,-0.546737354706577,0.190245716587517,0.000821668553407403,0.00532675365625855
528.983156903122,0.347912790571097,0.111114622139868,0.000822126866311994,0.00532771664419743
270.052198134869,0.415562823834264,0.137769789825615,0.000823006770716577,0.00533140996216739
2449.7563944034,-0.304178183346255,0.0956114067228115,0.000828487184161286,0.00536489122002634
683.115475733066,-0.31832973503022,0.0994619113968738,0.000829386118544856,0.0053666711259793
376.955535820933,-0.364546688004372,0.117055290053005,0.000829091045684084,0.0053666711259793
751.632070364746,-0.32482354424196,0.102897123108483,0.000831009879323045,0.00537515566546711
186.288350935595,-0.47569648186158,0.160542748371352,0.000837544608666806,0.00541494989162885
7.46743747568977,-2.31028631196838,1.04207404187087,0.000837791828689132,0.00541494989162885
431.75716200189,0.375453211483229,0.121378132469262,0.000841174020198997,0.00543476783373499
2463.67786296392,0.289660179232926,0.0909120526049903,0.000841826334937025,0.00543693996792411
180.546378957588,-0.45587314041572,0.1521685789513,0.000843765067434565,0.0054474156887414
96.8795426651102,-0.604337337644947,0.214274137625613,0.000844083299888329,0.00544742539391346
73.1725059204693,-0.678843935004839,0.248186549549492,0.000847493131378985,0.00546737973240329
8.34793404608172,-2.00257202315645,0.862059675112453,0.000848458767870712,0.00547155693611113
4396.60205036941,-0.41859299248961,0.138743697989697,0.000855499255302971,0.00551489193851417
266.785721214659,-0.405830340574294,0.133246325225904,0.000861873081136165,0.00555181839792543
46.3218629295426,1.06378393617375,0.459236409635155,0.000861800425759559,0.00555181839792543
2346.56796664684,0.302700113609778,0.0956738910529155,0.000863701904071269,0.00556151592965996
231.72407124164,0.553676902499647,0.194370460656738,0.000869439859228594,0.0055943087929601
1130.46836100321,0.306315384011338,0.0968359361114605,0.000869445165624882,0.0055943087929601
590.587136635259,0.387908860465979,0.126250781243291,0.000869803480183775,0.00559452133720297
1721.18837902218,-0.421005317235899,0.140666676861351,0.00087339101091842,0.00561549607356483
800.516795257564,0.319341679988795,0.101530111191633,0.000879064675020506,0.00564986298418448
985.052150295788,0.297645501531384,0.0940700932079416,0.000879909617845664,0.00565107002140686
648.527616027487,0.326149554657134,0.10385434424511,0.000879693220483852,0.00565107002140686
159.492276686735,0.488128874551713,0.165891194411236,0.000880290045281225,0.00565140294467778
230.528250953709,0.45330817438312,0.152023710038486,0.00088427827363505,0.0056748888165109
750.512962431204,0.358932399011097,0.115964102060155,0.000884858500210128,0.00567585696111569
26.9496346454238,-1.07437949363906,0.434853529786743,0.000885419165455747,0.00567585696111569
110.533649348881,-0.628674629981435,0.22617233389413,0.000885102545584194,0.00567585696111569
105.472186417833,-0.587140050836271,0.208087286280321,0.000888168573095053,0.00569136039070858
1206.40735857907,0.279027640146669,0.0877745023553984,0.000898048821261085,0.00575252948859196
216.187445703419,-0.435562170309743,0.145203204456825,0.000900369387563917,0.00576524687144892
705.494700760854,-0.391583036285397,0.128752842415605,0.000901750182401329,0.0057719394816228
41.5948080332483,-1.05432240104722,0.453020420527892,0.000903708006740076,0.00578231919937596
3813.21501088569,0.283944556516087,0.0899350748674463,0.000905120715973782,0.00578705248848813
2554.29193847432,0.250356604915518,0.0780204763399743,0.000904951675751313,0.00578705248848813
635.202808345419,-0.346655900586859,0.11169172008597,0.000905510610637566,0.00578739390277053
275.093562308996,-0.402316832589549,0.132567335903464,0.000909678445446331,0.00581187205914987
19.7758604377752,-1.27021650579255,0.533058726833111,0.000911863341121706,0.00582366788115567
988.910364111396,0.326908743843035,0.104104224023787,0.00091634952998918,0.00585014683232513
664.907978779906,-0.322054328333952,0.102926853618734,0.000916799898623241,0.00585085026212286
53.096746806141,0.764117802008671,0.289658729427147,0.00092071212090218,0.00587363789591862
329.934704278622,0.446641472309191,0.150651135530368,0.000922588724441562,0.00588311367897314
15.0604433080329,-1.33832566238726,0.564303719797469,0.000922881603922875,0.00588311367897314
170.944777391145,-0.478097400866743,0.162285517050986,0.00092360376891967,0.00588553583610575
1187.9152999599,0.291623328389466,0.0922089940475466,0.000925469296311163,0.0058952394175021
15.1332295951628,1.5438376066276,0.681859877766232,0.000928093552723576,0.0059097671282091
16.5683552939301,-1.29297891574043,0.544251300786159,0.000928822883657789,0.0059122223449409
237.222491158259,-0.440085063952808,0.145757175979893,0.000933860414943775,0.00594208852261117
4466.75120697556,-0.380252071812746,0.125329213203987,0.000947485945112725,0.00602622610285465
159.988266916809,-0.572493123211062,0.203349200075342,0.000947784267005165,0.00602622610285465
496.987690481844,0.345875251215916,0.111780334904861,0.000949912157248318,0.00603752372228892
309.127966003615,-0.379032256228362,0.124211671098015,0.000950623292385734,0.00603759795241488
569.436635420092,0.449449655137267,0.152581591241099,0.000950625923317606,0.00603759795241488
625.674657416665,-0.340239452357032,0.110132031296486,0.00095238635965789,0.006046545957828
8.71121833744521,1.88963882803712,0.827545007594952,0.000953870315622858,0.00605373267837547
43.6417301118215,0.772219972625841,0.293421978337595,0.000955259021709855,0.00606030981718473
29.4570631013487,-0.958612164307283,0.384276328421696,0.000955777001530747,0.00606033660813513
361.41838666771,-0.534747938181338,0.189198789153376,0.00095596797592131,0.00606033660813513
483.383142842376,0.357230630083222,0.115960345672997,0.000957490050676609,0.00606551432102652
15.9918115218137,1.28091171792587,0.541046935910058,0.000957199354340082,0.00606551432102652
888.481160652184,0.302154476435713,0.0962053866124589,0.000960036111233151,0.00607940393118518
215.146571025408,-0.453567723181544,0.153910654786331,0.000961668129593789,0.00608749729881619
1531.44872153777,0.295187241498005,0.0937721757020655,0.000962050089457612,0.0060876745726937
417.398219237221,0.370935067125202,0.121228921858629,0.000964140643234269,0.00609865940529098
31.1327314123414,-1.10136338971802,0.475313559199643,0.000965471642945667,0.00610483337758181
198.656803688194,-0.45304417422407,0.153786364814843,0.000969976335722356,0.006131063211352
345.744830526639,-0.438786555657864,0.148319809573984,0.000972948358136821,0.00614533191758912
424.490267772318,0.470063547942223,0.161198066279141,0.000972747439076238,0.00614533191758912
75.833216187736,-0.850355761157432,0.346451011481971,0.000975551714385776,0.00615951319226173
33.1706860190399,-0.929805152999915,0.373706865759391,0.000977134142395315,0.00616724040919524
167.065358611418,0.472649737255869,0.161118856957518,0.000977783007590415,0.00616907188097856
1196.07997489096,-0.376170902136236,0.123773538035543,0.000981957539358727,0.00619313814427236
1287.18405907624,0.297157898494487,0.0947137912420096,0.000982610333162532,0.00619498354840997
151.204154961441,-0.511801605572596,0.178133234693527,0.000984985650535696,0.00620768347510569
1634.68839104072,0.408871252337918,0.136745259016773,0.000986637414563763,0.00621581571175171
889.336755684089,0.296126180590987,0.0943239203631359,0.000995161985662598,0.00626722482292604
1206.12634837897,0.322140810835869,0.103769835336965,0.000995824094034001,0.00626909904586047
3150.45139012869,0.255214697980178,0.0801849325119657,0.000997247233425609,0.00627576112977938
7.86453816618687,2.40050144900682,1.36868063038293,0.0010012770982783,0.00629881668371929
6.78559329119429,-2.52352218876139,1.4616501167311,0.0010097501955359,0.00634979656783251
287.845177917126,0.42449403401978,0.142718359625751,0.00101224519819583,0.00636315978207972
843.426195441609,0.330962624247123,0.107180387200191,0.00101501317430258,0.00637822856588603
126.875205714042,-0.574408282166702,0.206093569153212,0.00101550672462677,0.00637899932682828
14.6784290009405,-1.33786821149601,0.583585800244012,0.00102304512574531,0.00642400624961431
1378.27859236044,-0.317347827573866,0.1026916227537,0.00102798833919288,0.00645269030867825
993.643956626867,-0.300572956256877,0.0967564927809387,0.00103389882787445,0.00648742281671385
17.298159318636,1.24932199072521,0.542058385406388,0.00104055204988758,0.00652678873304759
573.770074399003,0.342950334154702,0.111838994089746,0.00104509904183981,0.00655291958461645
1610.60264757634,0.314767271896363,0.102347909009801,0.00104572767443678,0.00655447167370195
1406.94472835619,0.432316922582724,0.147274757932523,0.00105001787460932,0.00657896445369969
290.465447262088,0.470121522569696,0.162294969137403,0.00105504349526657,0.0066080455481026
343.161233525716,-0.409474739457096,0.136226969905822,0.00105779406086323,0.00662286132245605
1529.21406988906,-0.362370388663044,0.119846504691445,0.00106052280775041,0.00663752975636801
9.12506647553391,1.788354972689,0.837371317137563,0.00106559233558249,0.00666683251352612
2553.89970195511,-0.266444229758707,0.0852378576921966,0.00107231977260369,0.00670648282509487
584.555356487106,-0.320588737271229,0.104558865276575,0.00107919078086577,0.006747001904802
929.320568171392,-0.329751770813621,0.107487091990385,0.00108225577144162,0.00676370530996525
984.25995276558,-0.289389234224092,0.0930929949702494,0.00108789736795338,0.00679549189092675
7809.41398559313,0.297417437173798,0.0965370655956917,0.00108813213952045,0.00679549189092675
385.44470228856,-0.349643646658134,0.114795313065579,0.00109101872711353,0.00681104576683328
38.6262232062109,0.929912189680722,0.386565504070561,0.00109338582970616,0.00682334647500589
19.1121401314371,-1.13607314455654,0.481316438082154,0.00109445286779522,0.00682752806427639
611.379063672322,0.346122250532624,0.113853864903473,0.00109797498985037,0.00684701662452374
4009.6739906412,-0.36038416133625,0.119476844483333,0.00110163549546168,0.00686735371020131
3440.66342008413,0.272875984828357,0.0873298632714914,0.00110512077358511,0.00688658412496025
227.988885434668,-0.488111795742945,0.171656499389127,0.00110583359768585,0.00688853025954324
68.16672203859,-0.657104577007187,0.245264316115231,0.00111253143276571,0.00692774370461169
2862.51610394724,0.256271032990392,0.0819977570089315,0.00111764123175772,0.00695704362830294
777.906626472736,-0.309378147840848,0.100513902697667,0.00112295111783475,0.00698756739350211
62.2291273305879,0.764006976906937,0.300233834199449,0.00112497939946231,0.00699765666956684
936.645064177064,0.336593465294974,0.110352157563905,0.00112676502440563,0.00700622981010571
1472.55425653689,0.445554272279525,0.153947766173254,0.00112900259916192,0.00701760596421607
934.974323967887,0.283475774186611,0.0910131636732729,0.00113184401420233,0.00703272586714809
963.312127826999,0.299966241939284,0.0975506409409744,0.00113315804083821,0.00703834783112187
80.949258990503,0.756851610834921,0.300033358227051,0.00113448905321662,0.00704407120082044
636.263889459891,0.476564527697176,0.167547913095772,0.00113491172985357,0.00704415259536326
105807.132210765,0.298176152332015,0.0965737316851916,0.00114081246781642,0.00707822281167917
152.999846637759,0.671728335658948,0.259493842464956,0.00114225231654962,0.00708460064635302
340.708628271316,-0.403063818615156,0.136222437092455,0.00114676017058142,0.00710864125281693
103.785211721598,-0.561338597028324,0.202682823954994,0.00114695502509256,0.00710864125281693
399.612422260096,0.345299696178578,0.113415391622092,0.00115097184048339,0.00713096710535799
22.616496555767,1.12622494402734,0.481440486256003,0.00115678293537519,0.00716438952305292
117.721514793294,0.870349212249722,0.375623832096143,0.00115743980529859,0.00716587732589286
3624.20985275743,-0.353922015736321,0.11765458890565,0.00116011613946773,0.00717986235433804
4745.32655666772,0.32126887974156,0.105530146766878,0.00116440133716983,0.00720379086258415
2117.17280442973,0.281302303719618,0.0908347224921313,0.00116895660396416,0.00722937239539
3632.57406716647,0.264471390076123,0.0846280496996313,0.00116973412479328,0.00723158059393231
88.9847250885028,-0.605740080191582,0.224817109197102,0.00117070863000732,0.00723500457330073
341.995017743291,0.417904005371266,0.142595687064474,0.00117168579597482,0.00723844253052114
84.0690422497495,-0.580379759942123,0.211599499735708,0.00117522821440293,0.00725771994955688
2363.05196114484,-0.326935451291305,0.109304088317608,0.00117821615226894,0.00727356051790148
1664.44386675171,0.278926038990569,0.0899730141917279,0.00118202460452633,0.0072944532376205
4.51098694852612,2.991726962153,1.48802970805509,0.00118267289137907,0.00729583610431445
169.93801631523,0.485915220979853,0.17035703739251,0.00118416203148528,0.00729978594247863
54.4093589525178,-0.712424915255498,0.273811486372807,0.00118385568787935,0.00729978594247863
1978.05167280117,0.319571904664389,0.104724125002072,0.00118828975993751,0.00732260680084746
7.01871846277802,-2.2977832995773,1.15163724085896,0.00119247196507949,0.00734574689376869
58.8703943854775,-0.735723027669998,0.288445984006897,0.0011943085179728,0.00735442613699039
8678.58573487125,-0.232194548678761,0.0742157649955287,0.00120144514170343,0.00739572476455167
2863.58651776083,1.09917665659034,0.520322571705991,0.00120564834277493,0.00741894305809874
837.702989338447,0.2916898421638,0.0955620137934695,0.00120620279753358,0.00741970025564376
152.14454015793,0.476082911586482,0.166856134533299,0.00120916325349179,0.00743525162560076
1023.54534600308,0.292793281770324,0.0952119340897202,0.00121087116323585,0.00744192625793928
936.199583585628,0.412812655031133,0.141533164924284,0.00121111411105134,0.00744192625793928
2679.96974452647,0.319240424995418,0.104523160994516,0.00121385220782038,0.00745608718653668
643.810432388811,0.309276339112412,0.10108318344219,0.00121730049809421,0.00747459880996869
450.189012493839,-0.361629238293143,0.120544879038189,0.00121940511681383,0.00748484960887977
2570.41825480475,-0.252276652982296,0.081139166406136,0.00122489719008257,0.00750516806990742
3563.53612080279,0.270605352310767,0.0879438177398722,0.00122474070540979,0.00750516806990742
300.94766073541,0.466313090605979,0.163339279913534,0.0012237314141945,0.00750516806990742
360.01404404869,0.358767033394966,0.119842148685962,0.0012241994542438,0.00750516806990742
4864.36877917328,0.263410242856525,0.084795677456598,0.00122416088543003,0.00750516806990742
2509.11552883868,0.257287738723545,0.0826659759817982,0.00122599904747703,0.00750924416579681
124.518881100839,0.605201847106339,0.227018409246232,0.00123703482326319,0.00757414094884431
33.7335978784173,-0.908042740275697,0.376702215932483,0.0012413950710769,0.00759095132231655
984.009837729507,0.306038403731326,0.100104739304187,0.00124133714859987,0.00759095132231655
183.969046801424,0.643216623382047,0.247776954537666,0.00124028561485474,0.00759095132231655
1044.06284966179,0.391719087414248,0.133006221505392,0.00124154579159698,0.00759095132231655
399.812049751057,0.378358414553382,0.12759510266671,0.00124814447924964,0.00762858454108547
159.968104292582,0.546629002596639,0.199345916096746,0.00124883181446954,0.00763007402382297
48.3547404480496,0.820902385800708,0.337031173905521,0.00125095914347088,0.00764035735389049
132.099887169772,-0.506663467193356,0.180878473600063,0.00125329678915896,0.00765191745713346
1550.45650328383,-0.291514524964758,0.0951163806727678,0.00125696771538042,0.00767160671995307
629.363754382147,-0.360158541982454,0.120565279550294,0.00125841261535549,0.00767770080578184
1982.60751399437,0.254535600768612,0.0819343320227777,0.00126165670805093,0.00769466685613893
313.836953040878,0.385076533053108,0.130095492063105,0.00126208821449898,0.00769466685613893
1832.29688876996,0.271429179944456,0.0873016825356373,0.00126364408083114,0.00770142258902011
481.620638547867,-0.424005006131944,0.146635312789109,0.00126692525986324,0.0077186849253942
1323.25885438859,-0.310177038460636,0.102028542214912,0.00126756771056068,0.0077198643958687
571.776902776111,-0.311608686166966,0.102160609177845,0.00126874309286722,0.00772428759441532
3314.98917508054,0.249812060500416,0.0803342646533346,0.00127016484143421,0.00773020704452475
543.913971862135,-0.335332029204427,0.111380508291917,0.001274028360012,0.00775097763135708
782.065537143087,0.399640448770151,0.137386975922817,0.00128122167235664,0.00779198427965413
247.370789814429,-0.405058700636497,0.138260466224656,0.0012830698221222,0.00780046584329436
1211.39476535492,0.354298152961752,0.118862497716934,0.00129033248363107,0.00783994616899143
728.974175098933,0.301860963730921,0.0989552311859538,0.00129047546976073,0.00783994616899143
1246.11883152825,-0.307282831397451,0.101561239238609,0.00129198202545485,0.00784632727958965
447.046379167497,0.513963617357469,0.187607438626938,0.00129686651607739,0.0078732111577886
350.669177833567,0.374871849805817,0.126824907111947,0.00129741793320803,0.00787377947538637
60.6715846425636,-0.842436010444847,0.35501346742072,0.00129989668959248,0.00788603991686106
196.692837904616,0.434574329438422,0.150711518352779,0.00130821743994046,0.00793372064511144
349.186210604407,0.353592436174291,0.118729947849881,0.00131219188422098,0.00795221572118272
199.468609474448,0.421856118680084,0.145637406556511,0.00131211922882137,0.00795221572118272
74701.4587909141,0.735149310814841,0.292472558615647,0.00131431968385201,0.00796230512242716
51.5990106618907,-0.843351380487083,0.352753598365193,0.0013166393552604,0.00797354939124073
1745.68475185176,0.281970990243849,0.0920548685066638,0.00132644636183848,0.00803011298038014
1390.41209299615,0.356372832147277,0.119821585445725,0.00132934007080315,0.00804479939399835
706.483891233108,-0.293893733917634,0.0965095688406715,0.00134049329568684,0.00810944220630248
530.52050445418,-0.36699752261253,0.123780733035521,0.00134417270459097,0.00812884189390301
612.400566030209,-0.33647955190985,0.112384615634708,0.00135006948596718,0.00816163272026344
128.94822448473,-0.578329439043187,0.21681073993961,0.00135275836421426,0.0081750144434719
1289.60844046517,-0.332117904679923,0.11112281359003,0.00136017648252115,0.00821695655879214
413.958957986074,0.360378425566044,0.121584752113531,0.00136218285643633,0.00822618783281195
114.128859035369,-0.598736254120403,0.226469118296619,0.00137293850128922,0.00828823070680001
1813.52260338989,0.360274285820604,0.121941142104866,0.00137823196070966,0.00831610319377491
3222.59181316829,0.274234161675211,0.0897759613351187,0.00137852260046818,0.00831610319377491
245.525919219316,-0.436111878780563,0.153245875383286,0.00138941164927909,0.00837885377137136
325.242029274906,0.407935527098606,0.141836209000623,0.00139347728906795,0.00840042618110047
7328.26546341858,0.267828671420431,0.0872448508052009,0.00139780616324821,0.00842356979737419
12850.0597034557,0.241082064352176,0.0780671292409363,0.00139899734499077,0.00842779521418432
316.493075380016,0.377980225351268,0.129421341335379,0.00140161869519397,0.00844063023061662
760.668145177485,-0.306785745295689,0.10191931141507,0.00141204524328856,0.0085004431709205
174.700226739979,0.495644503616047,0.178633528583556,0.00141391298376893,0.00850870868014061
83.4375580196412,-0.600579802306718,0.227332505281999,0.00142954148767902,0.0085997495790806
366.040613264725,-0.386998257981713,0.13257227467316,0.00143070047513732,0.00860371240275761
27.3257886028155,-0.913698194981487,0.385942866774066,0.00143720307623082,0.0086397957735386
1572.3317189465,-0.401104355994377,0.139203863023765,0.00144134126591047,0.0086610167818232
341.343556531144,0.42810171440179,0.150207711824573,0.00144174027829291,0.0086610167818232
591.319872751336,0.405999601009043,0.141012586139259,0.00144318858979898,0.00866617284197858
115.178718955562,-0.527077124030134,0.193310073999495,0.00144360632549966,0.00866617284197858
74.0135766201244,-0.799470652799697,0.330278417916903,0.00145810666596839,0.00875016627633994
686.342284149434,0.309646194637963,0.103086234059098,0.00146155035356834,0.00876777276980184
1343.68629650832,0.357210570725482,0.121573994511349,0.00147206078593536,0.00882774527799941
1335.54601668443,-0.405676633876044,0.141797475319326,0.00147436001670731,0.00883537210012159
5.69441483777075,-2.41155504191054,1.3000845708672,0.00147394844999092,0.00883537210012159
549.960699105779,-0.312905144770618,0.104615759244967,0.00148190398751938,0.00887439647679174
135.179686746989,-0.501842666466612,0.182504970964008,0.00148184889105026,0.00887439647679174
1169.31608236823,0.281635021887941,0.0929638547472295,0.00148681430800251,0.00890070284835895
603.101920582582,0.497541688784959,0.181969861563543,0.00148854418579215,0.00890795805547641
3620.1607841229,-0.386854261979821,0.13485263096341,0.00148917803245058,0.00890865147134522
1651.83517203679,-0.305957514382522,0.102192030797023,0.00149246211795883,0.00892519331250832
30.7495973648229,-0.897291977562905,0.383223615102519,0.00149794421553968,0.00895486359508755
75.6236991755266,-0.631670980163297,0.244356571850936,0.00150304450992433,0.00898223159353323
389.928243065806,-0.501559336913202,0.184678952713309,0.00150614370488719,0.00899762611335698
1106.63656698671,0.315651429467696,0.105785033079427,0.00151926048950448,0.00906491580402503
2200.36111958889,0.290186689206941,0.0963673234000166,0.00151951580109333,0.00906491580402503
156.15786759543,0.53969478765597,0.201705777173607,0.00151843821435692,0.00906491580402503
222.636998130594,-0.588575011583003,0.227134741028921,0.00151879668346624,0.00906491580402503
1136.0493085201,0.32763835362,0.110541628349533,0.00152268271628922,0.0090806588202005
1293.73107886811,0.338747405147976,0.114918046766746,0.00152856159051623,0.00911255833458879
40.6981127344083,0.845694539784906,0.359859252160738,0.00153048867735657,0.00912088522586822
7.44082817703959,-1.93196244818733,0.93911274282208,0.00153419901373025,0.00913982987085091
129.243917165378,-0.480069850283271,0.173311419078909,0.00153668435980827,0.00914829847848474
846.864482907737,-0.302875066732064,0.101187938001181,0.00153628065649928,0.00914829847848474
248.148598813576,-0.446474688490667,0.159310746665032,0.00154051989547084,0.0091679590595858
3656.42859569371,0.260460725471791,0.0861207701813815,0.0015413291514792,0.0091696022401559
2147.35352931902,0.38816448966438,0.134487975530606,0.00154206758320421,0.00917082308559102
1026.57690906596,0.290300155589432,0.096555764941984,0.00154394116434351,0.00917879159541793
52.5469961768412,-0.698345146663315,0.278494385082955,0.00154469333245699,0.00918009005698955
20.8523112468349,-1.07720296577585,0.482963745140806,0.00154626160823591,0.00918623606219322
1161.8836197817,0.264505752175356,0.0870997414273229,0.00154721304326838,0.00918871447899614
2400.95471047435,0.252006827185687,0.0831899549272923,0.00154839663129678,0.00919256943792661
368.754024351988,0.391062479420916,0.135640225458173,0.0015495497002015,0.00919624061206543
447.665472986065,0.458629257640119,0.166010238763659,0.00155124143649188,0.00920310502456842
278.276317355626,-0.399533033303881,0.138662240906401,0.00155235120963779,0.00920651326019323
668.396886767065,0.423486521738671,0.149835426098576,0.00155839238958149,0.00923410052957628
1023.60241008375,0.443385995048635,0.158401951918196,0.00155810061322599,0.00923410052957628
7118.21779364909,0.29855038582066,0.100083450459391,0.00155861351458573,0.00923410052957628
2495.61322561092,0.243664465421822,0.0804715270284913,0.00156209188636583,0.00925152147162736
57.2239071358205,-0.655653884122504,0.256439419775922,0.00156379788730536,0.00925353793481428
1319.99510343187,0.291202554964867,0.0964313816255306,0.00156404644319467,0.00925353793481428
800.02597670187,-0.302706597790228,0.101381091295818,0.0015629886634035,0.00925353793481428
124.598286573753,0.571339695079996,0.216854285101087,0.00157119440160511,0.00929137460582344
116.042827564424,0.505359220663193,0.18513016126531,0.00157152210758418,0.00929137460582344
734.490281375435,0.340519747237321,0.115780525433704,0.00157263731233985,0.00929477289860243
578.65184254944,0.326941426507861,0.110501217771316,0.00157475501637453,0.00930089681546208
963.597564301681,-0.28474465960641,0.0945775152267155,0.00157421983095445,0.00930089681546208
2856.64569720859,0.28528735077461,0.0957482213985652,0.00157614502755652,0.00930555994577136
874.110998091486,-0.300764835939972,0.101244446540182,0.00157662664585021,0.00930555994577136
883.211038774054,-0.319180727175908,0.107613154200685,0.00157802370536511,0.00931061053467391
396.601800775174,0.357529849510465,0.122578914196456,0.00157909956259953,0.00931376316088799
2844.6969096928,0.296085272747222,0.0988588853259543,0.00158259600021603,0.00933118567285413
462.124841195989,0.337661635063813,0.115236481450133,0.00158856497660861,0.0093631696479409
1332.55864763319,0.321044964351161,0.108680831905183,0.00160204832674374,0.00943940704750451
222.64306407945,0.42238056530217,0.149283891434652,0.00160677521382595,0.0094640160625317
442.978943728204,-0.342831673725666,0.115343612128972,0.00161206657878599,0.00949193190295796
9491.04973270117,-0.2779129910382,0.0925061932915618,0.0016239112078327,0.00955840139066206
98.6263283083601,-0.566972484785328,0.214384951546776,0.00162577737114974,0.00956611187355606
15.8982255504905,-1.16607709489202,0.535702259084053,0.00164072861589165,0.00965078367466502
2304.23370488507,0.252001536130145,0.0836494032121878,0.0016452020634895,0.00967378813331826
1991.15876242764,-0.299348220161461,0.101270257512001,0.0016491957869332,0.00969094560901788
2058.79444452773,-0.241942337067905,0.0795493137218747,0.00164924692119282,0.00969094560901788
1336.90839261332,0.274337219140385,0.0914422151740855,0.00165309029167472,0.00971021172353604
94.6003591692245,-0.644453970753928,0.256121267453751,0.00165501581665342,0.00971820315145857
132.606628348565,-0.556700411326553,0.211690439513184,0.00165730461594917,0.00972168556947807
1358.26111335111,0.279461718253549,0.092710769154601,0.00165705857559758,0.00972168556947807
441.167278447916,0.333016051383281,0.112996766943608,0.0016567714362097,0.00972168556947807
586.443149086072,-0.303992179144982,0.102371572095897,0.0016615925802613,0.00974351544081624
1160.80213014361,0.291648653076711,0.0979088949745569,0.00167610610241707,0.00982527227521171
1809.55160605942,-0.335322579959229,0.115053839126499,0.00169698629827665,0.00994428188894723
478.760159196137,0.323996113956551,0.110444785912653,0.00169972766031059,0.00995695368858376
1437.26150999609,-0.344748705121881,0.118494316192677,0.00170177097964276,0.009965529138194
1029.0968678405,-0.336873173242262,0.115607286516203,0.00170335634104169,0.00997141787255821
984.521385417193,0.2813656301344,0.0944306905038725,0.00170594998577317,0.00998320306407373
435.136839960151,-0.358142844957912,0.123855961490446,0.00170731540131401,0.00998779509768695
68.256678436493,-0.696704331059601,0.284463033253359,0.00171231470955522,0.0100136350525808
11.0737584729332,-1.49177216937466,0.743343054607946,0.00171729064630578,0.0100393208109494
202.49003457571,1.20419982496394,0.650105895789925,0.00171821650809264,0.0100412563224303
239.532834665476,-0.454431281593826,0.165231375117013,0.00171878938387318,0.0100412563224303
104.762577987144,-0.73135382713578,0.308769875321642,0.00171984221072526,0.0100439953080692
31.4731447550726,0.929990714911858,0.413352186802016,0.00172446175469871,0.0100675552338979
3918.59360733028,0.248985731153703,0.0826405017510483,0.00172783347274467,0.0100838167281084
236.932673357612,-0.38664617592981,0.135564355315554,0.00172969323765925,0.0100912462667915
1491.71209684895,-0.309921562651676,0.105228162710785,0.00173444293281164,0.010115525263285
1583.00462545868,0.269032701979696,0.0898553444516789,0.00173715180665398,0.0101278894653023
10004.2442748496,0.409532858463405,0.146417644301359,0.00173776487674443,0.0101280305371493
232.06268595272,0.418066261366467,0.148968030080495,0.00173940134363269,0.0101341340478112
2323.76266859938,0.386216900659676,0.135999523734712,0.00174034604711621,0.0101362044240947
375.259191271948,-0.368312884211277,0.128395444826972,0.00174161056613053,0.0101368879926452
71.374065146311,-0.666529827180318,0.268992391226512,0.00174164218956141,0.0101368879926452
415.00881058835,-0.339630339564147,0.118874350613554,0.00174635928891313,0.0101609044012236
4855.89494643117,0.427028781383861,0.154343432572134,0.00174782032223484,0.0101659660879665
3987.04417409308,-0.238694358435395,0.0774193623718828,0.00175448840076205,0.0102013002044308
396.577011337518,0.345704500475455,0.119888203944419,0.00175596147245961,0.0102064147904133
611.916303508065,0.338707105638506,0.116629375197454,0.00176035236783781,0.0102284798562306
3177.69376741653,0.286198305460805,0.0962523710972564,0.00176180865829468,0.01023348433435
18.0416817858335,-1.27028623658191,0.640588230203035,0.00176616672684317,0.0102518736196341
579.721543640108,0.325105539975,0.110835676132152,0.00176573370567349,0.0102518736196341
296.29355317715,-0.450362748108541,0.163882140979813,0.00177374484827431,0.0102923878695917
350.077087104892,0.36829207299994,0.130179089637539,0.00178173699224594,0.010335276401227
5418.12079663208,0.22709192590101,0.0746196928653901,0.00178250232080811,0.010336229742272
1428.75478741957,-0.369432218998601,0.12951189305279,0.00178547468370217,0.0103499760987508
441.291733436375,-0.334943844932133,0.114292557532415,0.00178840395279627,0.0103634634717463
260.186526677771,-0.398035578044687,0.140751969530745,0.00179155227063301,0.0103782106778771
220.051180735773,0.393507414578359,0.1386748747256,0.00179301187909904,0.0103831687907826
1137.28088378917,0.310603697902922,0.105804249131294,0.00179479020537274,0.0103899686106381
129455.814849743,-0.443503088148748,0.162670405987544,0.00179797758341133,0.010404918054203
119.007677389688,-0.515448833600656,0.193415401290514,0.00179894509718206,0.0104070153805699
177.691150339735,-0.44101881094375,0.159259015892328,0.00180025680573324,0.0104097142343564
1097.25753802435,-0.374993161469149,0.131857608248382,0.00180062212030992,0.0104097142343564
506.866528622679,0.323459411694966,0.110825358420511,0.00180147969033164,0.0104111724442251
38.4144172878147,-0.813044142452755,0.349363905881928,0.00180486924743696,0.0104272577046249
237.255092770021,0.395997707279075,0.139604415075006,0.00180769350519995,0.0104400673592794
2987.63371630838,0.325658708371515,0.111935134445348,0.00181140347577428,0.0104579820006183
296.306102080684,-0.374609061299125,0.131300259617273,0.0018165378949141,0.0104841057901435
155.409433170368,-0.479700013166236,0.17720815849908,0.0018217295309895,0.0105105421682283
487.950714814477,0.342948153321708,0.118557102123774,0.001825439086703,0.0105284127606321
117599.763039019,0.779703929842592,0.340771616725405,0.00183180442638999,0.0105545073130591
1287.00016607562,0.292894887175783,0.0992159657543782,0.00183136714635386,0.0105545073130591
133.759387417387,-0.479974222306199,0.177018623070541,0.00183145278112567,0.0105545073130591
395.441230854864,1.00471902576775,0.49626201000527,0.00183665753313924,0.0105789259586275
8702.69102401004,0.230549478003181,0.0766357976858493,0.00183789396463044,0.0105825036148908
7484.10181442206,0.249870634679135,0.0844035139789743,0.00184652165893155,0.0106286231633078
226.277909251244,-0.396537633778015,0.140616804348635,0.00185592287337776,0.0106755911368642
326.312703824412,-0.349034699652867,0.121605136099251,0.00185549363732376,0.0106755911368642
3256.3598186115,0.2772658310007,0.0936032485369818,0.00185721910600805,0.0106794755614284
8.70231760845805,-1.62983526838739,0.817621565189131,0.00185824051337034,0.010681777603428
463.180700384196,-0.322929136079567,0.110978978597884,0.0018592844289453,0.0106842074485233
40.1211852789125,0.872627226143435,0.38917919771837,0.00187020032434562,0.010743345149773
19.9687157301272,-1.05058759584527,0.489939538142346,0.00188034228921427,0.0107979990090805
267.69702972594,-0.370258841631427,0.130053344597526,0.00188218464029416,0.0108049711710345
107.894762198983,0.604432098156547,0.240578544183901,0.00188676601129858,0.0108276571999748
160.466544776061,0.501814443387782,0.188446911788567,0.00188816784563749,0.0108320876508069
200.311682153882,0.449342532411053,0.164143897412642,0.00189044354348671,0.010841526677035
1050.82050633304,0.360072819005857,0.126395600649933,0.00189502016008363,0.0108641505777595
31.9392497845282,0.904520585489161,0.405715430144996,0.00189791591824624,0.0108771262505555
52.4761702293625,-0.689676132025551,0.28356239246988,0.00190139668287201,0.0108934448863143
76.212829532069,0.594667630110402,0.23385614751003,0.00190954758959229,0.0109364998313013
598.939174824593,0.298586260413377,0.101979863324536,0.00191907847032562,0.0109874269677531
419.269438327552,-0.345038641318776,0.119864477640219,0.00192542458260245,0.0110200923115406
266.690706751247,0.42601475982176,0.154208442124449,0.00193113800911135,0.0110491159742868
10746.1742183015,0.25033546979689,0.0830523517915542,0.00193509311160239,0.0110680633277185
834.750183254249,-0.272840869572776,0.0923255189179978,0.00195072726406162,0.0111537760021928
9.63582002957674,1.45207429566457,0.729779726964216,0.00195479607121911,0.0111733258986034
808.795610514988,0.318122228391254,0.109777307989056,0.00195750326958889,0.0111850826357672
804.703143657762,-0.33290921222264,0.115673340717181,0.00195867653032778,0.0111880696264057
37.7331832416909,0.797040898045123,0.345614115490564,0.00195998250221156,0.0111918124354371
669.645608801718,-0.291497211983072,0.0992056269669618,0.00196845419132167,0.0112364565670566
41.2887513315885,0.761456010215727,0.32504731770967,0.00197497607613615,0.0112668903279939
691.907024574675,0.353336850927055,0.123917593957868,0.00197509589737204,0.0112668903279939
190.481317654631,-0.513205476427935,0.195516278883399,0.00198318872751482,0.0113093046831987
1310.1051337115,0.293005403261914,0.100300194372399,0.00199144715477162,0.0113526349403106
3656.15040550305,0.27040910296668,0.0913727035105104,0.00201675132146391,0.011493076864764
40.603960777588,0.910365051587993,0.428396911961284,0.00202282944124909,0.0115213842053739
11.5661778647659,-1.41244047154778,0.744428573175045,0.00202305833480024,0.0115213842053739
343.711110406207,0.336905437577727,0.117483466345296,0.00202549974768138,0.0115276539246764
5193.95718382941,0.274629778695901,0.0934910452532517,0.00202518282102045,0.0115276539246764
34.2195954298945,-0.880576240858478,0.401343494446597,0.00202731969009861,0.0115341949553443
3417.56510313738,-0.282471783991368,0.0978140498242071,0.00202810609784475,0.011534853431492
477.465689901523,0.421030399076829,0.153852904207609,0.00203120985221579,0.011548687024218
105.032811237407,-0.657974974013813,0.274039006239813,0.00203777422120271,0.0115783544203718
947.955728224411,0.367858324528749,0.130665411372819,0.00203752669530902,0.0115783544203718
2697.27783747705,-0.260506989716106,0.0882288960490666,0.00203972989561664,0.0115818139566559
6.37530996393639,1.99414449082139,1.14015415568332,0.00203929934558803,0.0115818139566559
3455.35589503967,0.253725488231442,0.0854042326739901,0.00204531344912825,0.011609685152329
813.69148740724,0.322470800905071,0.11272220354643,0.00204880045305934,0.0116256413699002
233.582028493395,0.380489040286454,0.135615797738953,0.0020524304917515,0.0116423984260007
73.2364462667948,-0.69734088829854,0.29505447170544,0.00205845885159874,0.0116727444077306
974.586183695718,0.339870132575937,0.119217469948895,0.00205970112343758,0.0116759392294011
118.493986590308,-0.523260182398846,0.201378845291542,0.00207865779478548,0.0117795174341072
50.0677823108075,0.743205756568174,0.319922438946027,0.002087718489382,0.0118269665016077
174.717609940166,0.419355180356812,0.153605746271484,0.00208920007032209,0.0118314626307111
368.065198983415,-0.381800468362002,0.136967998887032,0.00209087147408211,0.011837030441981
779.468203933319,-0.288861650831881,0.0991998383968984,0.00209592008382798,0.0118617076412496
746.583643045256,0.280726665374464,0.0962034666300858,0.00211639424072125,0.0119736396533437
78.1776753809299,0.687030690778176,0.292057830189382,0.00211850657231653,0.011981648976413
14.1458866061493,-1.1761949591787,0.574048687667306,0.00212849255316473,0.0120341694352006
57.6223980016515,-0.641630536301472,0.262123089674616,0.00214468579093234,0.0121217387177934
44.4815236640818,0.731524175203785,0.311936027266105,0.00214930719557237,0.0121438680869412
516.724153679426,0.308571746429035,0.107102296266808,0.00215341929411598,0.0121631062198689
1123.2888906194,-0.406807614116226,0.149051744585793,0.00215544469395094,0.0121705493405326
3264.84275692807,0.44798844877686,0.168024503543901,0.00215626013762291,0.0121711578952991
87.5466486066893,-0.55055123750549,0.215301528104019,0.0021580591295414,0.0121733220626377
8162.64274345625,0.272226787259701,0.0932143930389013,0.00215764338375595,0.0121733220626377
140.767529313283,-0.568820507064276,0.226733973409535,0.0021598066185309,0.0121791849285616
1781.49440653046,0.246088288988298,0.0836471170843213,0.00217156525467602,0.0122414784710498
300.175998003925,0.357581282122266,0.126930835353697,0.00217805542420609,0.0122740416909962
404.981525539449,-0.356015638176136,0.127289948019283,0.00218024853325075,0.0122823761950146
78.1949742238063,-0.586724921785939,0.234462022340276,0.0021841239700394,0.0123001794894262
207.077631091853,0.539081482883818,0.212747042273871,0.00219749649757308,0.0123714377288901
1605.0760690685,0.342660271110127,0.121519358785055,0.00219856417234984,0.0123733982985095
294.209484435052,-0.583239890871294,0.238296173195894,0.00219981199340445,0.0123763711071518
794.234105797274,0.38425141896967,0.139356889957564,0.00220291444671776,0.0123897729133743
103.29105488818,0.565487553803939,0.224354457487861,0.00220399677785386,0.0123918079706795
277.361742516368,0.356712041763089,0.126517533887501,0.00221483681339013,0.0124486857364369
172.012531121945,-0.432999123579293,0.16025638385026,0.00222685701954111,0.0125080711558092
49.3826038385911,-0.679576839184634,0.284968617965647,0.00222631290338098,0.0125080711558092
426.530165390857,0.35988548542124,0.130885905384835,0.00223484691578801,0.012548851486986
384.750844580842,-0.356313131196262,0.127040634205712,0.00223942462540169,0.012558155895756
102.041072823282,-0.543749438397698,0.213214329383951,0.00223787222635328,0.012558155895756
107.693209060937,-0.5157164570814,0.199022281082242,0.00223833695595328,0.012558155895756
543.545583252423,-0.311858327069067,0.108740734029039,0.00223923691593286,0.012558155895756
567.439172913593,-0.31161340265372,0.108914731367829,0.00224492546729017,0.0125848999712919
158.401243775102,-0.464494398635106,0.175189374965198,0.00224863924866017,0.0125975069829662
158.401243775102,-0.464494398635106,0.175189374965198,0.00224863924866017,0.0125975069829662
940.971081804675,0.279914396899209,0.0964556449032254,0.0022499674717609,0.0126008435515518
6.94121831826083,1.78285320878715,0.945584239104962,0.00225354992296,0.0126167985432907
111.020290058971,0.57456554997674,0.230387955456492,0.00226169812573109,0.0126582967993651
999.387060880916,0.290274775589524,0.100618081457308,0.00226509633931053,0.0126731919127527
301.708981757942,0.393456775271987,0.143452943000707,0.0022718484348821,0.0127068361728576
212.135019576724,-0.489504830367487,0.187909658618863,0.00227607764471006,0.012726352214359
1047.7415777049,0.324311771003081,0.11423821088899,0.00227982874256047,0.012743183146993
425.820045572933,-0.331917963503879,0.117237975702708,0.00228764047738157,0.0127826928429128
22.2635446202411,1.06204464084785,0.53888138250411,0.00229308402540607,0.0128089484095352
8280.07335664013,-0.225690891049873,0.0764916907165311,0.00229470658310054,0.0128096911790802
184.325987046864,0.40917294484345,0.149939143625574,0.00229470380568603,0.0128096911790802
4.81790417905142,-2.54256543768234,1.39562949612282,0.0023059860534683,0.012868479602077
5584.01315189708,-0.266155685082203,0.0926101478824561,0.00231422693529735,0.0129102786442358
114.520686835186,0.5326224891575,0.210345030187561,0.0023175137499276,0.0129244224983803
941.174252174617,0.284663209859619,0.098766053409104,0.00232506790098759,0.0129623477565918
459.571896072194,-0.356206631538203,0.127481456335392,0.00233102448150644,0.0129913448015001
651.715071677368,0.409454905498098,0.151030738482098,0.00234853440898412,0.0130846917071973
5.90880130263511,2.36505268675403,1.34999211779251,0.0023518005661418,0.0130986457050106
155.602140895797,0.438291117408252,0.16372944327993,0.00235407401072859,0.013107063421988
718.380317173447,0.303837397093292,0.106381678180191,0.00235508507034901,0.0131084492313698
2079.61297486842,0.23821651547218,0.0815360088137213,0.00235854850565702,0.0131234796987367
269.899766788113,0.45315937017297,0.172558698512072,0.00236031166205141,0.0131247980199231
506.159303283857,0.304543179460901,0.106442854701599,0.00236003994729085,0.0131247980199231
1059.4424069569,0.285270483957208,0.0992608624922704,0.0023844149953948,0.0132545421802829
956.754061978148,0.285910832472611,0.0994888357850532,0.00239586636418375,0.0133138951850069
2365.11646198052,-0.274751327967908,0.0951129801342059,0.00239898286421814,0.0133269077137234
124.535710803835,-0.551615554148881,0.220701263245168,0.00240073660703006,0.0133323438502777
2051.28799700279,-0.234183632464244,0.0798286003720003,0.00240390761741086,0.0133456446455292
87.7444290344073,0.523926523344501,0.204655471369631,0.00240775630506487,0.0133626978673155
1462.8281635884,0.263494171529103,0.0914178445812991,0.00241099016535109,0.0133682607187567
369.870336069344,-0.340358322281288,0.121035279967001,0.00241109045581622,0.0133682607187567
1882.84012321313,0.256562104221411,0.0876645338154749,0.00241093330341686,0.0133682607187567
994.358468124788,-0.288344851962138,0.100560672904916,0.0024195219261651,0.0134084147556938
18.6945397724431,-1.2044929457066,0.660454351749103,0.00241989181938913,0.0134084147556938
7.11647101832208,-1.7738067680977,0.987642573155637,0.00242577113798858,0.0134366627382498
946.51010292235,0.313621052670637,0.110650407109818,0.00243280193099489,0.0134712686449392
107.936961322104,-0.491111793917137,0.189460830364722,0.00243532172124062,0.0134808813272022
140.676063318467,-0.542318681905303,0.216780041651425,0.00243887713109721,0.0134962187187069
288.020714946213,-0.369298109252296,0.133827802640654,0.0024449998110714,0.0135257483919643
1431.48609847101,0.335857119106469,0.119845715208352,0.00246453149153045,0.0136294138658625
3844.27422741162,0.249031748048803,0.0855233316075233,0.0024677730109567,0.013642953396157
85.2969891776483,-0.569480940769439,0.229113900211388,0.00247087778691404,0.0136557284887965
14.4133166556684,-1.18531609288098,0.618154414454726,0.00247284541310765,0.0136622127401344
896.888310668454,0.283779119034397,0.0990849395106245,0.00248012415199512,0.0136980267470019
449.721901677169,0.366564999251321,0.133103714606147,0.00248391724700032,0.0137130410173141
494.531198284044,-0.435124104062564,0.166328175466983,0.00248443722367293,0.0137130410173141
16163.1268689158,0.274802098309137,0.095761515852858,0.00248796606191535,0.0137281130249862
993.664021219582,0.33350792547819,0.11901162877061,0.00249547533587954,0.0137651315913381
79.1332464259593,-0.558525520800233,0.224424523918539,0.00250600825126341,0.0138187995875214
453.942326368084,-0.351291300583323,0.126711493081165,0.00250799466691139,0.0138253206013491
722.354218577265,0.319398155786799,0.113330049380928,0.00250951927518802,0.0138286699142622
29.0050091224709,-0.911506939570467,0.439764784767655,0.00251021033038703,0.0138286699142622
122.369585356078,0.496537200614803,0.193397892701525,0.00251139969926415,0.0138306333118556
523.712397726959,0.30052619719273,0.10594748429316,0.00251217503728339,0.0138306333118556
661.826375077863,0.283532229393756,0.0990680508231818,0.00251871577674563,0.0138622056461594
70.1139191093662,0.713777704286121,0.315405368184797,0.00252069664372653,0.0138686697298313
1648.61151786616,0.249353002770604,0.0860140047074445,0.00252298021521622,0.0138767946023357
534.352109090589,-0.299531368919118,0.105435922084462,0.00253538633022608,0.0139405720887335
24930.2210742049,0.212354763352705,0.0727935454052274,0.00254539815042806,0.013986678207416
126.735514752269,-0.569165849965585,0.232760399944079,0.00254531899658668,0.013986678207416
286.494460033883,-0.376125333127679,0.137306367378005,0.00254834134976088,0.0139983784332601
7.45999151835535,-1.79905879249201,1.29642923233812,0.00255323288635825,0.0140207702466397
666.172039968201,-0.348547548081615,0.125998188486755,0.00255740340454875,0.0140391896440581
750.231197288949,0.43063902353045,0.163396466368326,0.00258514289894514,0.0141824155403373
1157.95346104084,0.274249452442422,0.095775905946571,0.00258508792334696,0.0141824155403373
108.808132802055,-0.523216240318983,0.208152642274833,0.00259072298312871,0.0142084963605965
1958.65902576335,0.406397978214108,0.152479163932259,0.00259194471051439,0.0142106653095751
644.634890907295,0.319667531529183,0.11385601033384,0.00259329224688392,0.0142135224200627
20.0485409096206,-1.13661565006999,0.617651131957441,0.00260837246421588,0.0142900179087955
7957.84821061825,0.221336889265651,0.0758425134341783,0.00260891076420826,0.0142900179087955
62.8784422634469,0.679699442538014,0.293823446911449,0.00261078026074608,0.0142957050953747
4135.79460833093,0.217944963166465,0.0752029458653339,0.00261420206100758,0.014309885820264
288.854205868581,0.394910417938398,0.145599694258034,0.0026244628424799,0.0143614815233254
17439.9556421937,0.233516597309806,0.0806104468368574,0.00262750507912,0.0143725541321362
31.8676512032486,0.811984618455027,0.374264357689977,0.00262815761064994,0.0143725541321362
306.331953758274,-0.360536948577074,0.13119813053456,0.00263038050803933,0.0143801380666778
3238.20755851224,0.247582512838291,0.0856342256961485,0.00263190903491693,0.0143839223042695
112.872580409594,-0.51385642271175,0.203472067701866,0.00263488806019543,0.0143956288905023
158.190533619637,-0.453625462116365,0.173137281125367,0.00264987800650699,0.0144729284960031
2991.57056650168,-0.221638377349575,0.0761875920645517,0.00265349507495735,0.0144880831092671
194.385836536162,-0.5257260717649,0.211742973843682,0.00265754496820835,0.014505590577028
299.483790236751,-0.347211384459781,0.125681793611333,0.00265841518798639,0.0145057369347011
30.4028133926877,0.8360701504936,0.393445462034321,0.00266065085530645,0.0145133314495451
81.2494398281082,-0.549908597783516,0.221157058071399,0.00266223586856861,0.0145173730829142
88.0393096911721,-0.556465206826651,0.225980617341354,0.00267369069460228,0.0145752159291489
1754.49379792304,-0.310775115230299,0.111005005116608,0.00268263137373514,0.0146193209749274
1266.18095178704,0.286261245544662,0.100594919639359,0.00268568267166067,0.0146313133575837
117.855013641527,-0.493676661133892,0.193648918154731,0.00268821008823749,0.0146358104804041
607.734621722233,-0.338101573954562,0.122266638462827,0.00268780510479285,0.0146358104804041
81.5752648397444,-0.545191082468402,0.21972980087492,0.00268948024434544,0.0146380920007903
215.478409133872,-0.404155020522564,0.151041055883498,0.00269338262233482,0.0146546939960571
1898.43751488598,0.234077269007724,0.0814128947461824,0.00270078006124611,0.0146785669031259
145.097621967632,0.490944276097052,0.192881410303221,0.0027018662972974,0.0146785669031259
990.113493959908,0.26987267555401,0.0945147574412683,0.00270203749144117,0.0146785669031259
81.6934431960121,0.531676152895267,0.21362314388571,0.00269899279417009,0.0146785669031259
193.662601063152,0.403408092569043,0.151066304770205,0.00270132105784276,0.0146785669031259
25.608887558053,0.936605786846565,0.466202612480949,0.00271308538855278,0.0147339297750929
188.340000549173,-0.406054194366184,0.152167718266292,0.00272272263038072,0.0147815992802771
325.771674013172,-0.367254990015433,0.134797543021299,0.00272709797409642,0.0147999415520987
116.804982540066,-0.479524106872827,0.186499809202513,0.00272782224083685,0.0147999415520987
22.2484515538341,0.9427357869057,0.464166046521393,0.00273447693596398,0.0148313682818179
156.347541942223,-0.509413721774709,0.204086234211063,0.00274696144464843,0.0148943852101224
130.97041587186,0.521999352238262,0.209652639338013,0.00275110397100984,0.0149121453505825
36.9306787800989,-0.811135100396928,0.37909191755318,0.00275848299612907,0.0149474319629565
548.49836342148,-0.309455312133393,0.110615250360204,0.00276832390516062,0.0149960323920811
224.09165309115,0.505483145260986,0.202269978114886,0.00276920681451244,0.014996091940428
3118.89328764423,0.313241319039625,0.112287456152291,0.00278937906434924,0.0151005761812221
10348.4602811162,0.239109166282108,0.0852090678356326,0.00279038041262533,0.0151012437749349
486.500510367273,0.318389703747071,0.114188252410114,0.00279627870474084,0.015128404354463
70.9699761434629,0.564078642367868,0.230892565145451,0.00281086900980282,0.0152025585218864
998.840234638299,0.281132767609425,0.099362082556785,0.00281189738862504,0.0152033395746501
349.499838000076,-0.359349583469821,0.131615435913755,0.00282022873929526,0.0152435933649086
1042.60397549982,-0.290097080253758,0.103182716420079,0.00283349493302292,0.0153104867587374
46.8188464679703,0.669478708442883,0.289860581918169,0.00284368606777956,0.0153607276004211
363.984106142265,0.344933744188947,0.126072987429909,0.00284932986547019,0.015386381273539
232.656363470956,0.391010293408406,0.146081057537741,0.00285934503678669,0.0154356168511281
29645.2059507555,-0.361551626192862,0.133974591879456,0.00286541710976733,0.0154635421621865
213.30679820014,-0.433688197111706,0.166445095358756,0.00287874655704767,0.0155306028966948
1297.89540353936,0.250755554468123,0.0881411186204631,0.00288554584351596,0.015554674236751
21.6137050451883,-0.925327552844924,0.453729992512657,0.002884699386592,0.015554674236751
794.876480307654,0.264154660901293,0.0929675284784057,0.00288592159366663,0.015554674236751
1099.97318727449,0.329523374571595,0.119050909168385,0.00288988959690774,0.0155711814464963
3779.22406272648,0.359845083837121,0.132868852942375,0.00289083847507021,0.0155714158887355
159.59305051902,0.428814732501288,0.163343959367746,0.00290241604862263,0.0156288834127303
61.5920698594918,-0.657195603116428,0.286246171027035,0.00290366479878043,0.0156288884866197
247.225861684146,-0.390139366758505,0.146265146681801,0.00290423440916545,0.0156288884866197
1120.45286134255,-0.294126196143242,0.104817504774961,0.00291654075001572,0.0156902046792369
900.740527558149,0.300259640065482,0.107578568442778,0.00292523347221357,0.0157320483078803
545.230698280475,-1.06344608276232,0.661915324357191,0.00293111537827861,0.0157587537952528
4.68410707114235,-2.37280889794382,1.32553092442147,0.00293342339683719,0.0157662340631884
313.50324494318,0.357042263627983,0.131576428934193,0.00295579569613829,0.0158815152070861
4791.51800210874,0.212453784197673,0.073991900057725,0.00296536400346981,0.0159279498737281
823.278183345585,-0.278329055340257,0.0990590543916114,0.00297460647628334,0.0159726059274421
130378.283217906,-0.209890204867192,0.0705549538740464,0.00297560825994518,0.0159729982717844
2908.61436614147,0.278222142852652,0.0990038296800073,0.00297890151146228,0.0159856870813229
36.860843317045,0.795522790323566,0.372289220845969,0.00298115597803832,0.0159927952795636
23.8195804161229,-0.897155808173699,0.441372337159122,0.0029851249332663,0.0160090937721382
726.461256207393,-0.269994880195345,0.095485270288931,0.00298717196395633,0.0160150781197272
1106.24474857525,0.251014484709289,0.0884908595651375,0.00299440497069034,0.016048853565255
81.9907928471346,-0.588298563229311,0.248392430530233,0.00300223103834635,0.0160760354710992
631.330405561272,0.386250777320393,0.145325538654536,0.00300321541767788,0.0160760354710992
47.1570210188123,-0.679778428086106,0.300684974406001,0.00300320277145612,0.0160760354710992
53.7558876480496,0.619891205817406,0.264264595109156,0.0030023421804251,0.0160760354710992
868.587462328011,-0.286358706449813,0.10236858269758,0.00301083034346233,0.0161117831603014
2747.92676328313,0.251303600757629,0.088961227630277,0.00301258035636766,0.0161161336078281
8.08805520186928,1.52064782154016,0.900590409012809,0.0030147595064422,0.016122776353016
35.7758619189381,-0.741854201860142,0.338926643819468,0.00301727446816669,0.016131210313335
2883.16002177628,0.723538635611931,0.343453046594832,0.00302399444881211,0.0161621132769172
68.5011889584951,0.305690020284416,0.562070247721161,0.00304526525183689,0.0162557242978824
285.956601008079,0.361386574277396,0.133545388815445,0.00304620422770188,0.0162557242978824
374.600871232888,0.333752011234458,0.121388876248242,0.00304623521205158,0.0162557242978824
44.5145463143391,0.731665741758814,0.335123294429463,0.00304437380038068,0.0162557242978824
13.936726979995,-1.12980696314887,0.603492495113629,0.00304357646084084,0.0162557242978824
1290.07732980932,0.26031144845353,0.092277612891153,0.00305919065955279,0.0163197953330175
2419.78006314705,-0.254530060892773,0.0899283910083711,0.00306085473365087,0.0163236094772283
3460.66811521834,-0.292441287788772,0.105340411371732,0.00306507324292708,0.0163410398961881
2601.18503608472,0.251081960940833,0.0886316902607334,0.00307283381574527,0.0163773377121174
608.111022836337,0.438289685010728,0.171344946213774,0.00307514767621479,0.0163845925908359
6234.34393691232,-0.257005922580797,0.0904631863111646,0.00307929649877674,0.0163914640923742
2421.87837417416,0.259878945958814,0.0920157178044535,0.00307854527293784,0.0163914640923742
1830.10274122487,0.273130347938567,0.0974510306578541,0.00307928685291335,0.0163914640923742
578.395002025741,0.355610241854532,0.131969575490358,0.00308486113162856,0.0164160045182177
12.638412784442,-1.31881610141099,0.775977412830425,0.00310732886054396,0.0165304513060611
887.04687429914,0.425234243401715,0.164377753757612,0.00311420222346225,0.0165516576147488
764.838331982775,0.276628818687711,0.0987596792537997,0.00311238374565603,0.0165516576147488
6.13163793261603,-1.7529395980999,1.02242379805825,0.00311335756389386,0.0165516576147488
549.956572520024,-0.334488628798708,0.122773057445432,0.00312745441044161,0.0166118247082104
252.320651917341,0.412308546959442,0.158012958421388,0.00312742197626732,0.0166118247082104
43.6758022278463,-0.735874889064526,0.33873706051616,0.00313450094941773,0.0166441129450557
1384.90535736757,-0.249202763042361,0.0863526933200236,0.00313791133028067,0.0166570793115732
2370.06056183474,0.256278188397954,0.0909083534415843,0.00315779204482143,0.016757440721655
1620.12747515947,0.260864692884057,0.0924608231467499,0.003168669323382,0.0168099764629386
629.348659969932,0.324434804992503,0.118906877905097,0.00317399628348327,0.0168330441195278
616.927391727651,0.304344172512287,0.11069662278247,0.00318816881598374,0.0169029949032381
877.546410343057,0.26537681500304,0.094373598084208,0.00319043213292649,0.0169097818965186
1800.58715918311,-0.244837312168734,0.0865759234851274,0.00320364216106938,0.0169745660900284
1022.9116053535,0.285134412150572,0.102600913450886,0.00321640415523696,0.0170369371930768
2313.99816455647,-0.471078129732195,0.188767167579285,0.00322094995374159,0.0170557630093601
1354.7545624836,0.246812336299454,0.0854798258266251,0.0032236256450036,0.0170594269133591
14.3787227453356,1.10612555625431,0.600682312113369,0.0032233150757738,0.0170594269133591
685.663214470103,0.309614480560369,0.112773783385239,0.00322836137679515,0.0170792332573054
91.7958663097886,-0.525091358440874,0.216495010176045,0.00323318532331033,0.0170942374348646
1939.17939766593,0.312278527949878,0.114041445670445,0.00323240553445463,0.0170942374348646
14.7691733287198,-1.27000371890648,0.781264151175708,0.00324986396300262,0.0171771389980584
1441.75912780946,0.355399360947066,0.132964238009046,0.0032652075350906,0.0172529352983174
5566.19901699285,-0.347907415768057,0.130079096373316,0.00327874228820026,0.0173138128998331
549.074602441572,-0.313879990240241,0.114971886263832,0.00327775203631794,0.0173138128998331
3785.97526015276,-0.233131993152432,0.0823789394758989,0.00328159506240184,0.0173235584647787
383.658162242756,-0.340223299485565,0.125538461329594,0.00328779532263631,0.0173509640239405
110.32903558512,0.479726806600096,0.191948725111727,0.00329931827364762,0.0174064340455415
80.0269753127277,-0.561865831634485,0.237081083040716,0.00330388327002343,0.0174251727571705
2176.61979055791,0.222829428045985,0.0786024839750144,0.00330611595502998,0.0174316027929371
1712.69050727523,0.263744293054557,0.0943212265356484,0.00330732898345311,0.0174326543629819
154.205239519075,-0.439254534383459,0.171918360585573,0.00331168822445592,0.0174502836312553
583.50488242171,0.284628942281802,0.102762190401311,0.00331677484465601,0.0174717337069644
409.50795050654,-0.309026245985641,0.113096364247919,0.00331800015508255,0.0174728367015508
20358.4166168332,-0.227618283088271,0.0802288362125851,0.00335766557100544,0.017676305526698
3529.24817213834,0.29264623526209,0.106564662200042,0.00336018745204246,0.0176787592498251
264.959882980343,-0.366270255183622,0.137808057257086,0.00336000605663406,0.0176787592498251
818.470760932003,-0.290355651840761,0.105370003936326,0.0033632006741426,0.0176892013439078
148.00264171206,-0.431096645908261,0.168445871039261,0.0033644620145396,0.0176904256154285
514.065844223727,-0.466538737055259,0.187533169598391,0.00337614466741622,0.0177464279140867
31.5690779616136,0.838139424055869,0.423105127238478,0.00339415449916126,0.0178301964664247
22.2897115794957,-0.893835628041203,0.450598987272749,0.00339361199981887,0.0178301964664247
481.639319956024,0.293180631119861,0.106529287263078,0.00339734234797563,0.0178365250882591
917.912834709526,0.356273466014263,0.13451455411435,0.00339743335014459,0.0178365250882591
70.22643517955,-0.667404835344766,0.307219810090145,0.00341532239775609,0.0179249709853546
1768.58617526974,0.241011547214253,0.0852313942886553,0.00342450620195257,0.0179673157996571
1666.39167512896,0.229388955475703,0.0811641561334947,0.0034254798829627,0.0179673157996571
6075.4454908939,0.234494541516385,0.0834064276622499,0.00343095165074286,0.0179905297076605
881.799575724411,0.305770200915712,0.111976364088878,0.00343322549726139,0.0179969659638521
485.63612722437,-0.339317452287495,0.12642717117491,0.00343931466964014,0.0180233921398966
314.209478036548,-0.365513052748704,0.137497153493974,0.00344298234062638,0.0180371164411919
250.925385453661,0.361870417200531,0.136301962738855,0.00344564418035279,0.0180455646339487
2337.44612068712,0.237521335427423,0.0842632123912256,0.00344810293302949,0.0180529443973133
22.0557381836502,-1.00536540961039,0.546596965557666,0.00345167517266297,0.0180661476855236
766.965896536966,1.03730819841776,0.715092234768158,0.00346369000131833,0.0181235182028214
62.0913402733829,-0.618250785549825,0.272180485160876,0.0034657010941793,0.0181285258877098
1100.2285355957,0.277256592029736,0.10040141065689,0.00348598290254607,0.0182290726484919
22.4574270468706,1.08747283145584,0.623861908041829,0.00348756586837969,0.0182318071034232
1249.65901855283,0.279812823462543,0.101414113511803,0.00348900257846293,0.0182337755536263
543.915037882363,0.319647456837589,0.118118873018746,0.00351224779428179,0.0183496809884121
1285.12505676367,0.260345463722691,0.0938434015955773,0.00351726725248603,0.0183703247723982
6351.45518043387,0.210177396556862,0.0744713467934145,0.00352087383624272,0.0183835789646444
223.859064260018,-0.438943773537268,0.17365992462999,0.00352273703622104,0.018387725124724
344.638022036184,0.315619927565588,0.116356971052238,0.00352452974870078,0.0183915009550682
249.96751345796,0.359725454194876,0.135751113352769,0.00354185818228179,0.0184763175241324
282.227866953734,0.364047190087704,0.138529796157243,0.00355238829989226,0.0185256295845503
31.4118989481514,-0.881946433065449,0.456780655384839,0.00356931345586105,0.0186082516299952
498.175393769706,0.318953642794076,0.118061826740027,0.00357496148877397,0.018632049286492
97.9570485489009,0.484589603964359,0.19677812563493,0.00358323555202461,0.0186695147710607
1075.61330611484,0.271769702314536,0.0985174881851767,0.00358810186709129,0.0186892077565424
1635.09588800494,0.278815382955899,0.101233192264748,0.00359123468495988,0.0186942025867509
899.43155652052,-0.263234499747498,0.0951169412643354,0.00359097074009451,0.0186942025867509
2773.48366422395,0.389066256304648,0.151223279381254,0.00359438819574835,0.0187049569073149
2389.66299019319,-0.262661963165534,0.0951654493546583,0.00359593814969508,0.0187073624430144
43.5875601966599,-0.660212965777762,0.299141632685977,0.00360606565064567,0.0187543765120819
115.026672850811,-0.508286617994786,0.20901154822059,0.00361173129467987,0.0187668176849544
43844.563002677,-0.233222978416294,0.0833015620629116,0.00361068791638156,0.0187668176849544
242.085295962399,0.381990006305302,0.146152055764206,0.00361074999372655,0.0187668176849544
20.0688748703963,-0.912527485060319,0.47275763229522,0.00362358374039476,0.0188170340431913
139.919098302661,0.477548883950899,0.194300283443188,0.00362338198486264,0.0188170340431913
1643.38370309964,-0.238136477794406,0.085249615030213,0.00363067446785629,0.0188481648574284
810.099930817825,0.31705393823066,0.11770633105808,0.00364299844687162,0.0189064364175453
1211.69462770264,0.246124045506341,0.0884795169909575,0.00364462529784226,0.0189091736040992
664.82060784074,0.276920495903106,0.100837518911184,0.00364944869312476,0.0189284885624405
161.902953020444,-0.40276351925623,0.1565822372215,0.00365924613243296,0.0189735828253586
61.3595229527563,0.607821360237816,0.268640208303008,0.00366470627542225,0.0189961673390558
111.143680062566,0.455599137417878,0.182582398945658,0.00366624130366046,0.018998398367477
41.8441552481116,0.662505250473998,0.300812893274032,0.00366776217995256,0.0190005547388567
407.509889691383,0.322288810571816,0.119789543669245,0.00367806614954766,0.0190481962379013
505.832456045314,-0.306784911424587,0.113491981485913,0.0037165382024748,0.0192416437520662
4428.21386029788,-0.244521956835533,0.0882811641939848,0.00372076508655985,0.0192577305819268
2025.51588248294,0.26073756194265,0.0947301346555699,0.00373060847700855,0.0193028685908755
747.940055630053,-0.290615735670961,0.106999691120052,0.00374509130025823,0.0193719775257568
143.961802713321,-0.484368844867854,0.199165790103267,0.00374698954367572,0.0193759690804807
119.94332693083,-0.512157420527982,0.214611936362771,0.00375955588689829,0.0194351072133344
41.231987715806,-0.70049051296291,0.329529384181758,0.00376905413017329,0.019478353961794
239.332853408017,-0.35635381341539,0.135584350055492,0.00379071043395661,0.0195683410289394
14.9342379375716,-1.35517310458283,0.819163084379371,0.00378864847979777,0.0195683410289394
553.167776920545,0.412167833967032,0.162812193882035,0.00378938891460524,0.0195683410289394
48.127008086073,0.726839221452055,0.346229637242575,0.00379101763523612,0.0195683410289394
136.577734259021,0.435661913881368,0.173143587837095,0.00379555485426335,0.0195858829698396
2006.58938991031,0.234697302854869,0.0844668290002684,0.00380555268720089,0.0196315838833738
326.552997070541,-0.33373602677572,0.125505412587817,0.00380978487492599,0.0196475232575269
1134.50092098055,0.259600660184493,0.0942672597334431,0.00381390124173186,0.0196628559522021
34.2105150427379,0.745514597191685,0.359981578863735,0.00381742030418071,0.0196751009324555
112.27712971608,-0.517224265397167,0.218448808004692,0.00382727218855631,0.0197199683555962
69.6515034973297,-0.563337331656836,0.243767847851894,0.00384628575012647,0.0198120001846137
6.91409905278468,1.53517613712232,1.00115043816107,0.00385452383566391,0.0198484896555639
962.127877189554,0.264057528776182,0.0961035735350175,0.00386635578877596,0.0199034580099245
38.7488118220468,-0.718569758340014,0.343358436886035,0.00387227093530076,0.019927943691274
407.48437013258,1.04511693198504,0.744741665263962,0.00389225675979619,0.0200248052682425
1219.06024108014,0.242262673788079,0.0874156319434956,0.00389670944871617,0.0200417182441595
1419.37082764486,0.323934922319006,0.121751308566865,0.00392044065052231,0.0201577455151967
2987.00502520993,0.26030632427148,0.0949759336194768,0.00392162649920026,0.0201578165450524
1514.44905953354,0.243733820126345,0.0880074317562298,0.00393892229060139,0.0202406705933831
2279.26574287901,-0.374164881551413,0.145883812258655,0.00395751133985708,0.0203301187378142
5695.63382787818,0.332325030100988,0.125747992343968,0.00396955145817683,0.0203858810179705
36.0378251205152,-0.756326326026469,0.375637488940488,0.00397131045512267,0.0203888264231805
3122.79455636959,0.245463350643881,0.0891450816829211,0.00397495028452784,0.0204014234388524
309.649372871054,-0.323349095792869,0.12157126340851,0.00398860947825239,0.0204654219619519
428.940846793442,-0.358581490543009,0.138023251695598,0.00401619306781232,0.0206008066129747
418.780330581246,0.312226038031276,0.116888696949253,0.00401774691316707,0.0206026324268218
212.899615249438,-0.417764025695773,0.166800095024345,0.00402422108553863,0.0206296806110817
470.330601435219,-0.290200434245812,0.108182761729883,0.00402926484612555,0.0206432308872545
1163.67889358671,0.254614879966424,0.0928980934161508,0.00402883489024427,0.0206432308872545
173.877567896773,-0.487861705252943,0.204616568095038,0.00403425275749957,0.0206626304872648
118.588744958907,-0.451545135503318,0.182856419947505,0.00403550331606658,0.020662882266457
216.264326855565,-0.360490699652303,0.138554449689262,0.00403818483508811,0.0206704586246073
661.501126192677,0.328124039699131,0.124126954361861,0.00404226324226521,0.02068517866817
16610.2982010087,0.289940401308252,0.108192661637824,0.00404894090541928,0.0207112442688774
1295.51515596096,-0.285192404947722,0.105747218725735,0.00404976536288359,0.0207112442688774
1789.10063646286,0.246186834713088,0.0898141361093954,0.00406705537743694,0.0207873062218538
429.834381207419,-0.311601765839821,0.116836877510352,0.00406620596872685,0.0207873062218538
180.784131427328,0.404530356485122,0.159583867857047,0.0040688646630693,0.0207903753238648
104.658364790022,0.486467209017302,0.203421090159951,0.00407260437775316,0.0208033034431175
2675.67283945382,-0.261019287578681,0.09591133966042,0.00408881123382832,0.0208798884829612
374.239088924241,0.345565559307195,0.132269011036117,0.00409098108150701,0.0208847680679249
6078.5452694421,0.227189697834974,0.0821769210760232,0.00409685436278649,0.0209085454556572
858.062081603311,0.283703247576667,0.105022092358544,0.00410443920903649,0.0209387034159088
10.2667579912571,-1.30224027736333,0.859211010510069,0.004105198437028,0.0209387034159088
1319.84493782519,-0.23504299819751,0.0850190656435954,0.00412063340340206,0.0210111989045692
715.653713911957,0.278254382172129,0.102898760262394,0.00412264532840833,0.0210152273275918
506.726136320384,0.285238666404555,0.10566598302067,0.00412444581324891,0.0210181758643165
1485.22932049751,0.242313594681607,0.088031985382016,0.00413389169833184,0.021060072073344
39.055077493863,0.801157268307775,0.42404265658491,0.0041373520364676,0.0210714591872094
297.275150524392,-0.328359994886693,0.12462367962839,0.00415640554847336,0.0211622318023071
106.22224745127,-0.516720746006046,0.220998203363186,0.00417226492630864,0.0212366926509566
7871.05728028009,-0.306914840729835,0.115522217693281,0.00418709621338282,0.0213058780396364
1734.65465744914,-0.246902561880014,0.0901332963492024,0.00418905489523048,0.0213095401192159
1761.87689422058,0.272082501729078,0.100361064726621,0.0041910985669573,0.0213131975449059
33.0451086228439,0.720481954032135,0.34895035965044,0.00419225229922767,0.0213131975449059
839.570721922463,-0.416408245136486,0.168213543947742,0.0041952904061319,0.0213222118812442
2160.05570548303,0.221616933482837,0.0803157129847011,0.00419650486760925,0.0213222118812442
6.48382663715237,-1.7928016372761,1.16495460181416,0.00419940017341343,0.0213306212588711
2620.7644382584,0.25802826162817,0.0953333419669641,0.00420446876474998,0.0213500614954045
692.65695411459,0.263762357354288,0.0967446725145392,0.00420823996839562,0.02135660053598
30.9496639593947,0.72993719896067,0.355476454531632,0.00420737131506414,0.02135660053598
402.728739701029,0.341995579019943,0.131168533478777,0.00421422331776439,0.0213806568856135
48.0022185178567,0.708189815917973,0.340196193596745,0.00422580035954215,0.0214330700040594
233.102516262031,0.379874788024112,0.149172702812665,0.00423273225858323,0.0214618992085416
159.925081152244,-0.400059204496104,0.158510890273753,0.00424005982816843,0.0214927170600262
419.310001261757,-0.389676794335082,0.154964179273113,0.00424592083815916,0.0215160850016203
38.7448056267423,-0.685724545325213,0.326497543881032,0.00425492854562893,0.0215553802816707
70.9822347593898,0.558110003106567,0.245196788770319,0.00426261129797927,0.0215879422008084
888.634004162717,0.27766335249506,0.103003126763422,0.00426682057269161,0.0215965412094535
98.9667449497017,0.569170040116918,0.254608516290718,0.0042656159501588,0.0215965412094535
498.527314443538,-0.351270957445199,0.135635929186447,0.00427400481961694,0.0216265398330661
64.947181059367,-0.62462724575487,0.289061011275048,0.00429081399377167,0.0217052087879056
92.9865189664665,0.516056893206267,0.220704140661479,0.00429239582578087,0.0217068261710101
594.839570798084,-0.361934414987267,0.141434391208389,0.00430869774678744,0.0217828608309809
1187.05620982028,-0.245284181816341,0.0898881969748502,0.00431587263974071,0.0218063141982669
520.763084460008,-0.292796319670542,0.109582014444436,0.00431570854215909,0.0218063141982669
134.382331671079,-0.430879262322758,0.174823593909913,0.00433839494932645,0.0219136724621044
1289.2631766846,-0.275562162230051,0.102375046418741,0.00434226504823749,0.0219267811405275
35.613001140112,0.71945362145453,0.354628918248032,0.00434604849202199,0.0219394446769258
40.7474369756823,-0.681880711467797,0.327058658157802,0.00434893048525957,0.0219475514718249
196.755617948667,-0.451851201353311,0.186949101254514,0.00435435816184911,0.02196849692744
4314.78890478894,0.376172525592703,0.152256990883113,0.00435864114553143,0.0219772116863076
671.641576034962,-0.271137730945547,0.0992969765525566,0.00435751345975501,0.0219772116863076
8298.37129305255,0.29801997069311,0.112072380187828,0.00436647672311486,0.0220102676321373
7.6338886725747,1.61972556822363,1.92055209693197,0.00437868711447456,0.0220653500386311
526.589099225141,0.312997826187318,0.11898450778874,0.00438453426549924,0.0220883435361223
37.9536241168406,0.733085948577697,0.365743407079078,0.00438914541405076,0.0221050986753321
2265.6514106341,0.223805626454673,0.082206277599727,0.00439230867612067,0.0221145541336649
663.913486512309,0.443929993839806,0.184447346067712,0.00440020509954407,0.0221478277749659
431.614266341563,0.330723063944773,0.126749723017828,0.00440827149722104,0.0221819372383571
10202.5889447804,-0.272955478374645,0.102239269088444,0.00444813815527565,0.0223759953590482
11.2156492420915,-1.26762017142485,0.885632034751743,0.00445182777897202,0.0223880075937251
888.955061202096,0.289305477937053,0.108462539072334,0.00445882946723415,0.0224119372589133
635.62326102743,-0.287304877367236,0.107864503424251,0.00446049544957615,0.0224119372589133
303.52405531731,0.325547676923273,0.125090497018881,0.00445944209964884,0.0224119372589133
22.9522164601713,0.867555881721678,0.474168693355014,0.00446580639354377,0.0224320689727101
2907.78552974227,0.22999714985831,0.0842878759848963,0.00447769350321041,0.0224852118428368
74.7782042096743,-0.524254930245525,0.226453927902086,0.00451187005785602,0.0226502198263472
955.979547877493,-0.271824942936837,0.102044347315151,0.00453635343971672,0.0227664846249454
1663.2227163533,0.259473509437048,0.0963825177528963,0.0045588326304307,0.0228726261408336
114.304430335051,-0.491433467846859,0.209524958107367,0.00457987485642457,0.0229714982956098
143.484931854925,-0.462263757690464,0.193735941465515,0.00459293652051065,0.0230297766755825
163.38405911409,-0.405124520500543,0.163004298207891,0.00459417197359868,0.0230297766755825
72.6994909193576,-0.526540159512359,0.228851473901523,0.00459636539841882,0.0230340584170761
11.1419410912113,-1.29565339600645,0.957603399031024,0.00459961869032711,0.0230436474963402
870.770689036908,-0.252414152422321,0.0937178691031385,0.00461664252054434,0.0231221999740367
93.5696495993673,0.493577595154359,0.210179802934076,0.00462150560408563,0.0231398180159152
209.475682776279,-0.395759315565317,0.158471596445977,0.00463181413681234,0.0231846831603712
10.1463282542374,1.16461769624133,0.756090768395188,0.00465318412761286,0.0232848745448978
222.194962660545,-0.461240606988419,0.194637099556949,0.00467446560392052,0.0233845648405553
580.724718031964,0.355444374275687,0.139325522361899,0.00467613848244806,0.0233861313636593
1141.37843943707,0.427409408930032,0.178529193616586,0.00468249834248649,0.0234111305210538
82.8615277934703,-0.511961858983889,0.221205721580261,0.00469070399930703,0.0234453409137116
15.9407586579168,-1.06662587058303,0.734256813163226,0.0046930035693476,0.0234500198690324
219.206383946726,-0.377903144417949,0.149523969592007,0.00469459857461214,0.0234511765567105
651.266297309295,0.267783374216703,0.100327997704246,0.00470447650375147,0.0234936966864174
57672.104340103,0.273012894885471,0.104103525294375,0.00470690030780368,0.0234989777631104
5819.33757208521,-0.218986800366384,0.0817097235271766,0.00471908301897928,0.0235529625198563
368.194527234833,-0.305458378757575,0.116457646492003,0.00472098165099765,0.023555602963594
109.304196994984,0.455859928152859,0.190883484600062,0.00472493175598991,0.0235684748466562
27.9428061926616,-0.808788391090099,0.436377025632348,0.00473117050592046,0.0235927519661717
727.118510069542,-0.28476147965877,0.107637831483497,0.00474549765155292,0.0236571809862972
384.565670515791,0.305769129312578,0.116786619904699,0.00474684176892329,0.0236571809862972
687.569579199518,-0.268912031875979,0.100730947079811,0.00475140734608725,0.023669766831682
191.89154288335,-0.411801283096048,0.167767278009839,0.00475211959240641,0.023669766831682
73.0128844546573,-0.680677548303521,0.346640474486863,0.00475925097559624,0.0236984242991545
6940.57559018412,-0.235540784357936,0.0869928147367833,0.00481322278627838,0.023960236961274
1411.81530599511,-0.276077156330725,0.104157562457714,0.00482716058829026,0.0240157173728678
1583.98768996601,0.366682672223407,0.146227331487402,0.00482708852746847,0.0240157173728678
223.03003345864,-0.388143647674545,0.156763707023977,0.00484916194783443,0.0241182002142292
77.4535449991107,-0.535660895774802,0.237402237712888,0.00485610665120688,0.0241457583966774
5.23385724209194,-1.71995383601882,1.27531560937312,0.00486442186660808,0.0241801132034082
611.539630058506,-0.263911858466266,0.0990464860981003,0.00486719123298351,0.0241868887651209
925.706129954063,0.30176862712011,0.115403072869136,0.00486911772225629,0.024189473051729
563.774770603343,-0.304744843504069,0.117208338787478,0.00489226518792643,0.0242974498894446
861.891885579099,0.307689318953795,0.118941133253333,0.00490398246518211,0.0243486127074674
27.2929661214012,0.899852858749681,0.510918150904754,0.00490949432557867,0.0243689445615086
48.2198383303543,-0.612332167043036,0.286776425485632,0.00491418348358747,0.0243781487551834
24.9233078968904,-0.790621342135427,0.417757289130339,0.00491400675935905,0.0243781487551834
336.284322816316,0.418649974261341,0.172320508699322,0.00493068501440042,0.0244529560446
44.5640828180088,0.688088742505805,0.345428612137265,0.00493695992142963,0.0244770174945714
147.770981716087,-0.41533762549346,0.169967012611717,0.00494846175688294,0.0245199060088244
379.214378131382,-0.45363893828908,0.192755771880879,0.00494839658677559,0.0245199060088244
392.040405042558,-0.308106199634365,0.11797905015201,0.00495401328037273,0.0245328107818697
647.704330219367,-0.374141304605122,0.150325635159822,0.00495416999953381,0.0245328107818697
652.590896526767,0.28501096346732,0.108399114059476,0.00495534534892814,0.0245328107818697
176.682441438526,-0.38757376529989,0.155941127295058,0.0049631079369926,0.0245641707649887
828.886625138106,0.288865058866644,0.110017913934385,0.00496608052971834,0.0245718121492019
299.601395464485,0.31653888525753,0.123357221926398,0.00496942139012662,0.0245812707761828
118.645545606657,0.465008970384755,0.19802271946346,0.00498442227114094,0.0246483837381694
298.023412707116,-0.319624029428826,0.123748939763738,0.004992244651528,0.0246799700378356
1545.9094538788,0.295082473933759,0.113885302391379,0.00499991230404472,0.0247008217134223
140.808528655112,-0.580915938321524,0.27400120301,0.00499992434762618,0.0247008217134223
13.8837788582865,-1.03426937606953,0.651971974258729,0.00500077104518497,0.0247008217134223
4511.04054496114,0.265243122951961,0.100035548456568,0.00500426466124571,0.0247109813117327
448.242598442833,-0.302122921358894,0.11603380261873,0.00501088561704228,0.0247365734005483
1947.15706905097,-0.223590081854146,0.0829030435759997,0.00501263123403516,0.0247380902709242
1161.0620558493,0.251294196379048,0.0941791170968457,0.00502027928398128,0.0247687273107269
1016.80443452966,0.253998498819946,0.0951830654759883,0.00502388765424254,0.0247794217852932
961.045503763311,-0.252470058130848,0.0945529301441114,0.00503000991539461,0.0248025058872912
1239.73983741365,0.235038705116256,0.0871781276908022,0.00504699758153999,0.0248791376912887
1782.84146751434,-0.21591380352797,0.0799947279486073,0.00505565682298932,0.024914682435127
136.295414808574,-0.477265954220471,0.205994206910752,0.00507632938248912,0.0250093924518563
755.014904336217,0.267738100928142,0.101903581273574,0.00509479846313358,0.0250931955233203
321.970273669569,-0.324305369662293,0.12642367344002,0.00510862954845163,0.0251541138287488
685.35803074455,0.323396035081797,0.125721030948515,0.00511703765925191,0.0251810960519238
245.173158148616,0.467237528629101,0.201774693168828,0.0051169247165907,0.0251810960519238
295.612476075276,-0.320816817899177,0.12481035663864,0.0051318712732032,0.0252468690010932
340.728505397605,0.330085497199025,0.129788559137544,0.00514843829725385,0.0253211296180924
28.0978103946778,-0.803367691368803,0.44503811736899,0.00515985708101771,0.0253700348588975
841.290657010226,-0.424621546910261,0.178693544027376,0.00516882066115627,0.0253998616252178
450.014823811191,-0.299901525000375,0.11519054648358,0.00516887700960882,0.0253998616252178
308.488264720751,-0.343680769199672,0.135214880400161,0.00517155295877308,0.0254057524529958
13.4748424170275,-0.99975958659538,0.604274014417896,0.00518982546561861,0.0254882376308322
7.35675964498339,0.306940664489879,0.554607139919818,0.00519600329331883,0.0255112933604883
1710.59950203253,-0.237578068566327,0.0891346147165234,0.00519974946791896,0.0255224004277221
3878.50529454062,0.226855593716515,0.0844385552749991,0.00521126661997389,0.0255716332658862
233.991817605505,-0.548547700596105,0.258336944840807,0.00522072217950781,0.0256107246906317
48.8377323601945,-0.59531270199789,0.278577397382816,0.0052393039065894,0.0256945502963875
3870.76147191828,0.300896313275279,0.116088846320242,0.00524601420037428,0.0257127951645019
31.5113805374333,-0.731340056468097,0.380835303359731,0.00524594656335694,0.0257127951645019
705.747438598365,0.280752194713752,0.107263994943001,0.00526443525181972,0.0257957327339166
4179.42801506351,0.327571744574488,0.129840133789704,0.00526882932940744,0.0258099104632522
32.7265100639355,0.765468331764325,0.416903536202233,0.00528294079300377,0.0258716681944396
43.9206608369876,-0.624596038459444,0.298553919713522,0.00528592502012786,0.0258789138688241
21.4962073450513,0.820479900233072,0.451405317498318,0.00529327302973224,0.0259075136136496
743.829789129305,0.307603597561899,0.119502197485952,0.00532396569898941,0.0260503232025374
1181.8217649688,0.240240186199363,0.0901384316916235,0.00533170076592118,0.0260807512722066
167.735687221346,-0.473235455183747,0.206192268683956,0.00533482575129875,0.0260886175992571
1680.4239094166,0.274751233619645,0.104876813961377,0.00533719745957732,0.0260927967900143
239.900128745871,-0.432519437829556,0.182990741792781,0.00534248205839692,0.0261112102649527
374.711922998777,-0.321992148969476,0.12339960839533,0.00534536955733625,0.0261179008569961
449.857748914926,0.297103656310275,0.114555699018496,0.00535985419163061,0.0261812360811857
10.9611003890015,-1.1025999895002,0.724185739393303,0.00538082021341695,0.0262761859314475
200.751670447088,0.408027940238493,0.169251239130028,0.00538609953339528,0.0262945006741032
74.5085838948879,-0.586602006194757,0.277754717094173,0.00539202827447977,0.026315974543921
717.484450539026,0.260191892352181,0.0988439773351388,0.00540221691928177,0.026350745545867
1401.91479401743,0.251296414734563,0.0949488769269525,0.00540162733910849,0.026350745545867
55.6054514412895,-0.577344924140168,0.269637471996886,0.00540971506686181,0.026379838229361
1859.15398543972,-0.227424310183617,0.0829548678622038,0.0054179534564816,0.0264125231003478
2621.49601519658,0.216492741521406,0.0802707111626561,0.00543122679857189,0.0264697278857007
54.7927587508262,0.678131336107345,0.344502122025685,0.00543837315945431,0.0264970481499872
94.4877342159729,0.463503909911889,0.198646551423994,0.00544138579258706,0.0265042181384041
16671.1328147323,-0.21070830889646,0.0785562786762469,0.00547155960918892,0.0266436448806456
1778.25514498068,-0.272035886927701,0.104274410160076,0.00547745207613212,0.0266647886378139
3911.00346822453,-0.206761883169008,0.0768751832366536,0.00548222030627589,0.0266804490796941
48.070260476668,-0.697343458311869,0.366365174400922,0.00548566775137966,0.0266896745844353
27.2956517628842,-0.792948868145635,0.439333803224109,0.00549050634710885,0.0266993603694593
113.772447296878,-0.470988159851369,0.204251330987344,0.00549076327849162,0.0266993603694593
2214.84804813705,-0.235169521848881,0.0887700509238588,0.00549296856233088,0.0267025342859041
758.681644888062,-0.280774567160603,0.10806985998736,0.00551470534784583,0.0268006265265896
310.230319376278,0.501397869249772,0.221366090794556,0.00553460223819088,0.026889724264024
64.8865613109477,0.730756235581399,0.418137640978059,0.00553898702687317,0.0269034278099948
25.5441482466157,0.746419851275222,0.394786248904027,0.00554285186154744,0.0269145988613084
139.952454843163,-0.429968310357172,0.181243082562097,0.00554904645710543,0.0269370731063382
1246.2505771281,-0.243741362690196,0.0921387686735763,0.00555257117605099,0.0269465777812926
282.815178663494,-0.341071591716577,0.135650166900243,0.00557147291930959,0.027030680603443
50.8947600879024,-0.608518829883912,0.292812051775914,0.00557487806168142,0.0270395735428254
1292.85057974407,-0.244465088043308,0.0928596535389223,0.00559648019901584,0.0271366966289465
47.957924803863,-0.614793943467049,0.298123305285538,0.00560642432345516,0.0271772525194772
803.371684721282,0.254766238317522,0.0967811044420316,0.00561078461014428,0.0271907254183915
527.218775830536,-0.296050534036098,0.115273388837538,0.00563642261350013,0.0272995867444632
889.574004874712,0.271821842881438,0.104446527528489,0.00563566041458667,0.0272995867444632
375.595384047846,0.317540720924798,0.125682706050259,0.00564781878703796,0.0273470820152775
110.852283383291,-0.479748068262368,0.211103896548142,0.00565838530153908,0.027390534421945
115.564808116615,-0.507002882864459,0.228733711579066,0.00566982705749211,0.0274304797642213
277.77099492337,0.31686599683899,0.125510551918589,0.00566823791692886,0.0274304797642213
355.147377824583,0.389227792043592,0.160143284984109,0.00567535862786303,0.0274495199776761
385.724209649464,0.306421060794376,0.119519994189875,0.00568936757002827,0.0275095397348654
1525.85172358427,0.248816271451774,0.0944708565704406,0.00569465459010438,0.0275248266061121
122.30949442833,-0.476146186944524,0.209352526666658,0.0056957298616869,0.0275248266061121
211.605965000625,0.350547180441793,0.140697645623779,0.00569739810775702,0.0275251545099194
6246.46751288835,-0.241320585863962,0.0910103379575278,0.00570706486037717,0.0275641136011308
1704.26456614473,0.226790122218686,0.0856584177202675,0.00571078300108281,0.027566589064166
681.733662339115,0.30555480445515,0.119456639669362,0.00571037015125093,0.027566589064166
303.381711244301,-0.314174987703022,0.123000670406687,0.00574857013345211,0.027725647146731
101.080880886791,-0.454947174577536,0.196146267571156,0.00574731762365443,0.027725647146731
16.586340918022,-0.921024968579735,0.562808168018486,0.00574622156821402,0.027725647146731
813.019550222479,-0.34443471831303,0.13820863619725,0.00575423891388895,0.0277452074796681
2504.10249074822,0.234613867672471,0.0887918108216808,0.00576057623483209,0.0277679794458736
30.5255923379779,-0.773426992706932,0.433266124762224,0.00579855659378366,0.0279432263537364
221.423024733525,0.391083792231431,0.163174621140097,0.0058417125412532,0.028143309242861
469.453203575138,-0.296769710540317,0.115679313709802,0.00584510854675649,0.0281517843449075
1822.47592554976,-0.244198323931848,0.0930293123193425,0.00585299343987165,0.0281818684693036
414.231856609971,-0.297107823189635,0.115976057925266,0.00587736247891101,0.0282912838720376
361.013163681348,0.349136428278448,0.140724788349811,0.00589728808152756,0.0283792550963046
1566.82804870567,0.296194623864578,0.115806212065403,0.00590248626449657,0.0283963248288326
52.1389252502364,-0.569096363864196,0.268117949815195,0.00591268043443202,0.0284374135323815
4229.16134938433,0.246234388147556,0.0938667989810986,0.00591730764803382,0.0284517121158886
425.073137495941,0.301597303827876,0.118115385775415,0.0059216826218383,0.0284647902216313
308.280722252938,-0.321272804659656,0.127423281761947,0.00592597985744093,0.0284774874456906
756.362789485858,0.325958840515581,0.129899389112501,0.0059359606291627,0.0285174823633993
546.135220598553,0.275357865653982,0.107550975849435,0.00593851527381244,0.0285217883815415
1159.64890369561,0.307658681620738,0.121495018299655,0.00594068538335555,0.0285242456472172
428.763183091774,0.287699739694665,0.111960917228662,0.00596744829610195,0.0286447511148918
75130.5069763436,-0.238583141557369,0.0925205081151187,0.00597207809637747,0.0286589763335926
37.5647256464791,-0.697597913226778,0.368589481341601,0.0059940540692481,0.0287564116979074
200.87555114918,-0.378486836811433,0.155108676049152,0.00600475031505608,0.0287996934379948
44.303487370069,0.61440882609899,0.302284864666731,0.0060100774740871,0.0288172072698144
564.383645062018,0.289119744013216,0.112887923926159,0.00601808755386394,0.0288475718614565
1462.05076483935,0.262176139542181,0.101199188426576,0.00602155465964032,0.0288561489526759
610.262041722132,-0.301043610491191,0.117945541835517,0.00602675454252934,0.0288649822826405
165.531377677629,-0.511479431444697,0.235907798642594,0.00602670465422117,0.0288649822826405
739.759491529623,-0.292329704226389,0.114559679382881,0.00603430802942975,0.0288931135295552
2494.4672167453,0.224750974758863,0.0849227987967856,0.0060396826007707,0.0289107990678139
307.675937901373,0.337596375514265,0.13651275820687,0.00604590533507659,0.0289325336277079
111.793321090414,0.44745195269522,0.194927539706322,0.00605495123314287,0.0289677625198398
2268.92207858008,0.375739565053707,0.155244560802177,0.00605714001873466,0.0289701755234197
58.9760245064238,-0.561192216834283,0.26510952859169,0.00606231943553563,0.0289868868423067
136.479474187508,-0.41043883185565,0.173255454552945,0.00611459984244693,0.0292287389355878
2172.70347091897,0.252030262530958,0.0968509914757958,0.0061203189791709,0.029247948353087
960.656899130912,-0.273021700084604,0.106149099979281,0.00612326642592033,0.0292539053498344
773.362343939207,0.272032978868586,0.105660124217078,0.00612798860583392,0.0292683354711851
879.560031372836,0.266900634649791,0.103524367177445,0.00613914593828399,0.0293134844510123
6513.29614832579,0.250341682737719,0.0956163997494571,0.0061779646577243,0.0294906506101027
485.949431003107,0.323142104624838,0.129294487279119,0.0061843928509784,0.0295049577375805
361.921431543751,0.372173105122196,0.153941091956568,0.00618323501887241,0.0295049577375805
338.942084226508,0.315853622305803,0.127236073290844,0.00618815865068794,0.0295147367257853
2892.78259896226,-0.242056560170135,0.0923757660510064,0.00619843342281794,0.0295555465592031
764.173009341733,0.269352815747873,0.10465918226208,0.00620126112537896,0.0295608342836454
1689.90069451689,-0.246712177952825,0.0947854000777021,0.00621198974166064,0.029603771561879
2997.98371694145,0.224841257144989,0.0856247322134916,0.0062197215649559,0.0296324075334284
74.8525449718841,-0.508969854654931,0.231790923637718,0.00622968692701902,0.0296716658703407
65.8785216377501,-0.52260558973243,0.240319716515564,0.00623500082180911,0.0296887539131492
41527.1360061005,0.234558922834274,0.090050756693157,0.00625328869241644,0.0297593558995214
1973.43208810038,0.210883478363335,0.0802144358341996,0.00625212933237774,0.0297593558995214
1579.99260499647,-0.243647022521681,0.0936842756176887,0.00627700683375338,0.0298639669526209
35.3876390182183,0.774000905348261,0.471558587517788,0.00628780592843209,0.0299070725008582
517.993078154315,0.279256327849482,0.110114807586652,0.00629797034700017,0.0299397952270126
51.0107795832976,0.793346257753335,0.477918066155206,0.00629816728480327,0.0299397952270126
4087.20595727313,-0.246776282438074,0.0938101275168471,0.00630020812274113,0.0299412211945357
2242.90061861724,0.317784713794422,0.12734452652234,0.00630406707749271,0.0299512844380655
1260.28584837934,-0.30567748973627,0.121655946305055,0.00631767818238616,0.0300076628165865
119.08631253608,0.516262847674278,0.240689113891609,0.00632228568301325,0.0300129703180085
1010.47441104745,-0.271129674991045,0.105904482717163,0.0063205572743661,0.0300129703180085
2071.90440433779,-0.240699838680006,0.0917030357249325,0.00633868163772386,0.0300825015141315
2200.44714490574,0.314366954191513,0.126687941263064,0.00635440824915457,0.0301488186144026
1087.48500369947,0.267045992098273,0.10404438418026,0.00637070583023584,0.0302178073839565
1286.77523408592,0.311967195717387,0.125403333784276,0.00637837916616863,0.0302458624976383
1012.0948993625,0.235726241749282,0.0900805647148884,0.00638215120125919,0.0302554075276893
63.4510413202493,-0.573312348757704,0.278432811945157,0.0063971036336375,0.0303095827534246
139.01472366302,-0.424004595717517,0.181723413532989,0.00639538488177384,0.0303095827534246
573.900540519118,-0.275617090453162,0.107971196843028,0.00642652040609938,0.0304405740744983
523.183875098044,0.286286556258519,0.112698070493989,0.00644515700124476,0.03052044473139
50.579988286343,0.616262556341204,0.308918092565344,0.00645263273410335,0.0305474347354373
9956.50059241625,0.196449031054894,0.0741571082717589,0.00645899255545253,0.0305583936171765
568.079420003237,0.264454209857346,0.102819379054993,0.00645910502594652,0.0305583936171765
181.769975902649,-0.376674147775225,0.15678558767969,0.00646027787615872,0.0305583936171765
420.04318717918,0.303017479862479,0.120564157190987,0.00647074633789133,0.0305994958112161
88.4171106405428,-0.535567372730715,0.252816039677521,0.0064732687051185,0.0306030094720542
1691.91764779065,0.27834643378511,0.109106477505676,0.00648267242505149,0.0306343832812649
215.730968998161,-0.351429447136104,0.143674647381125,0.00648346736111427,0.0306343832812649
3904.81681490933,0.207852253942887,0.0791369287615947,0.00648583462826707,0.0306371518186117
634.976441350921,-0.262307610643167,0.102275425773004,0.00649560469520388,0.030666457631845
363.290023120276,-0.30955943784135,0.123508225614986,0.00649442534269509,0.030666457631845
4122.57624514616,-0.228249538880342,0.0877839665874502,0.00649836030066165,0.0306710479723051
119.283059807619,-0.440492351354611,0.19212670652608,0.00651049296925191,0.0307198816400997
24.9778960841613,0.860539577268491,0.623894289477081,0.00655912555477888,0.0309408668175101
161.067180091353,-0.398811543700087,0.1685825395179,0.00657179454833232,0.0309921289928071
669.216985250367,0.256473664453221,0.0998331926275329,0.00657732692464699,0.0310097164958891
879.385014466066,-0.24748540729762,0.095815320292896,0.00659321916819383,0.0310761239993877
27.9626175872676,-0.708872413137388,0.38417468188411,0.00660183865851379,0.031108225503501
1681.88349859795,0.251023100981932,0.098305655758716,0.00661071670623711,0.031136581508337
1008.28612943504,0.230767237322424,0.0888283211436293,0.00661147715962827,0.031136581508337
1204.84799956337,-0.26443387569062,0.103215042323395,0.00661462472391594,0.031142877258864
3888.80690523179,-0.253203076356237,0.0993370952144079,0.0066268128036151,0.0311917223342573
245.588120602507,-0.336176572027709,0.135955032616548,0.00663199365885434,0.0312058783890836
891.306959398445,0.255688629318313,0.0995828597325121,0.00663344911858187,0.0312058783890836
36.8856763517071,-0.684369683138506,0.365142232498664,0.00663658371579013,0.0312120873196266
1414.0257456503,0.251659435004944,0.0978870749009157,0.00665133742702832,0.031272923020082
639.233862490866,-0.310970836489085,0.12524506562171,0.00665615604852099,0.0312870259301756
1284.41081168822,-0.22939828338839,0.0876880003091202,0.00666092694396338,0.0313008968604443
13.837930877629,-1.00805880446929,1.07256661930121,0.00670298258628914,0.0314899201042302
228.207448781509,-0.394238646451183,0.167568614962295,0.00671720427245824,0.0315395021244906
50.2238396703326,-0.605706006830378,0.30567627419474,0.00671636067384955,0.0315395021244906
34.6239233671318,0.751044391554785,0.451509650892399,0.00673348434980741,0.0316073136824066
33.9236656621291,-0.754974453817733,0.432160651708064,0.00673747802200184,0.0316174309687339
108.074930874179,-0.42506683940071,0.184271281763046,0.00675291082981641,0.0316639349405704
259.695470608187,-0.344332554483974,0.140839883814517,0.00674949489990367,0.0316639349405704
85.6210430940693,-0.529962134328049,0.250294901026737,0.00675218552832991,0.0316639349405704
1072.9906488468,-0.251952307831352,0.0981893089476457,0.00676098540237704,0.0316931556106521
2190.88402838067,0.235878917936935,0.0907678393226441,0.00677336646680029,0.031742542196866
15.262830544799,-0.95852801001136,0.640258509606588,0.00680351069526054,0.0318751240664086
1181.59813408619,0.311328064756689,0.125905798750293,0.00680885814416837,0.0318914899840827
317.930623180754,0.303592581824915,0.12222733747254,0.00681353145862861,0.0319046903231564
2816.13447145031,-0.23450695575288,0.0909284655940613,0.00682186462211724,0.03193230465804
8104.68586998256,-0.214324032026939,0.0833860240949207,0.00682314202094872,0.03193230465804
190.382353817178,-0.367862304265689,0.15385116656862,0.00683458352735404,0.031977149642808
463.860582503369,0.373213653742356,0.15697056763216,0.0068651776830453,0.0320919420682797
251.165733975378,-0.370178250005522,0.15523120605349,0.00686504806861309,0.0320919420682797
322.985591139066,-0.310864193577393,0.125713573523024,0.00686658217403739,0.0320919420682797
149.953983327854,0.423965144828921,0.184815019123301,0.00686333575544578,0.0320919420682797
467.449945712817,-0.271517990370837,0.107017611431989,0.00687076317724623,0.0321027590017544
137.231150745116,-0.411885246397102,0.177953605842362,0.00688035011937286,0.0321388217553215
94.8461758052148,0.653744194941385,0.365985068291163,0.00692599730598778,0.0323432602947825
723.768562684575,0.312692830133621,0.126637410271742,0.00693377244304677,0.0323532154769293
27.880952528757,-0.71229567604241,0.392269103252605,0.00693208259037603,0.0323532154769293
156.957564448905,-0.396463853014675,0.16890827558427,0.00693271644789627,0.0323532154769293
70.1249658931898,0.563872956739696,0.275092301819961,0.00693588709121059,0.0323543048770629
638.421300624819,0.260069407809216,0.102109775622427,0.0069420456102758,0.0323742522915221
476.095253397702,-0.276609503953124,0.109682654085084,0.00697456248691357,0.0325170778564452
878.740213176285,-0.300723322547026,0.121068174065321,0.00698306993487074,0.0325479186476536
175.750249323735,-0.399974630320367,0.171097823959832,0.00700308365422953,0.0326191888711804
184.037890129722,-0.364348564358423,0.152224856059017,0.00700573263275198,0.0326191888711804
908.110977763146,-0.652103789006806,0.359909175783377,0.00700594707193094,0.0326191888711804
437.806403945803,0.320234572293495,0.130253834319628,0.00700588725753547,0.0326191888711804
19.1518194717492,-0.890960974091292,0.571156763745341,0.00701691447532778,0.0326614105713566
369.430324507852,0.311515942817241,0.126152563003726,0.00705265641170895,0.0328188954613047
54.385370792838,-0.591979070154645,0.298584935281846,0.00706493552530896,0.0328493717490643
1198.85822674765,0.235386368005897,0.0921534285407664,0.00706278628455738,0.0328493717490643
71.3554064007412,0.497405952790101,0.229867048332608,0.00706482343437624,0.0328493717490643
32.6704999988607,-0.674668666696278,0.362686079997619,0.00706924393913113,0.0328605206781395
339.698654939713,-0.303242204718228,0.120653212077364,0.0071024965353794,0.0330061707408782
468.072521644124,0.30762175876972,0.125031491244284,0.00711270887546909,0.0330447001483503
355.202382728354,-0.295412137802383,0.118505065730252,0.00712838253755323,0.0331085744702614
1356.09319448303,0.447163008515137,0.203706551530746,0.00714733647331777,0.0331876457895767
361.903398246869,-0.311943670810519,0.125791623950737,0.00715789686399687,0.0332277107055013
1088.01954346545,-0.226287360852311,0.0876224137004917,0.00716950646726987,0.0332726232408458
20.2163142919969,-0.814629721422086,0.51260595131773,0.00717273912856205,0.0332786458786454
291.634848352714,-0.310368852937875,0.125915803399548,0.00720243860102969,0.0333984204634968
146.484042696463,-0.409469831915687,0.177760326824162,0.00720139057390976,0.0333984204634968
11.0140910971569,-1.00720426858711,0.953280700984767,0.00722368400608128,0.0334879086847957
4.94828109197989,-1.53853726348248,1.371476948757,0.00722734128844333,0.0334958347668922
616.959605955285,0.291401858125343,0.116903086163797,0.00723344564025772,0.0335150947108816
784.540374406577,-0.274419636345032,0.109542338623994,0.00723657569153551,0.0335205670128519
10.0077203714167,-1.0366939580537,0.758973208024912,0.00725088289429029,0.0335777961494073
149.569732758418,0.408479178881986,0.177185085288806,0.00725775989374853,0.0336005955350151
84.7445756407014,0.507786539066471,0.239330004778787,0.00729807500788246,0.0337690589347782
11196.9995494482,0.21613092907016,0.0848430496980582,0.00729760910532191,0.0337690589347782
32.0575340058209,0.692287670452556,0.38369863698388,0.00730065412765002,0.0337719070310524
285.570456730987,0.337700204504298,0.139536434056548,0.00730394964560682,0.0337780666724366
274.325575057269,-0.439385697325124,0.197909789241064,0.00731405349529086,0.0337966819240944
851.224428815872,-0.253824191696026,0.0999493936196376,0.00731270173409424,0.0337966819240944
955.503211832807,0.268069485594823,0.106396089667358,0.00731228623951076,0.0337966819240944
8.28583530158444,1.10975709799573,1.1240702172343,0.00731583503711864,0.0337966819240944
328.60224946287,-0.297474117853931,0.120098598455866,0.00732680602148839,0.0338382751781898
672.030238732402,0.36631847825847,0.155328515262965,0.00734754850194749,0.033924962868455
19.1251169919902,-0.799111165253534,0.487953926272867,0.00735205455940924,0.0339366576401717
527.433065866334,-0.830665047231231,0.848181514713449,0.00735792635028429,0.0339546485909685
620.875978008545,-0.286120574373705,0.115044054241394,0.00739135307246105,0.0340997536194361
666.850830621831,0.247212497493638,0.0974056195704116,0.00741079287294711,0.0341797015144327
1392.93717580867,0.219598423174888,0.0852999417115609,0.007412656936382,0.0341797015144327
5.20443238406236,-1.4672561743458,1.62367897799931,0.00742765686623361,0.034239686529711
12819.3761257663,0.345892210039614,0.145292877191498,0.00743655359860611,0.0342715126855376
383.373808927599,0.283877591380508,0.113578530509626,0.00745474192534314,0.0343369326122058
15.7065581215922,-0.919412604390482,0.737253656352795,0.0074534576022479,0.0343369326122058
299.36881662454,0.316427432617455,0.129656794470182,0.00745702557261473,0.0343382551066669
184.741532646529,-0.355208475633169,0.148994898833948,0.00745964239737662,0.0343411107046254
195.090152170116,-0.343329475708371,0.142797429771118,0.00746403756677922,0.034352149347347
11791.7807178193,0.253113995463312,0.100201004354519,0.00747805141498267,0.034382127924314
1209.50187369947,0.3394126482217,0.141603573086362,0.00747854762281868,0.034382127924314
10.4803831350304,-1.02088073691745,0.83113946125513,0.00747824105942331,0.034382127924314
9.31057459252655,-1.07367496140516,0.968453168888408,0.00747638497724416,0.034382127924314
962.864465563119,0.266304460001754,0.106065264802291,0.00748209168668264,0.0343892290003353
12.1325470350629,-0.959253146204482,0.711732627934747,0.00749824205393042,0.0344450494352429
434.67420776963,0.284680092306803,0.114049560251541,0.00749795963375312,0.0344450494352429
420.340418461352,0.32359226164906,0.133313306498429,0.00750128265614723,0.0344498158619696
527.215256873572,-0.308218345807212,0.126322435706796,0.00752230317967573,0.0345371309095683
85.9910641693776,-0.46559357420702,0.212320392959296,0.00754346212481409,0.034625034717021
1132.25243409904,-0.230441719492377,0.0902652770651776,0.00756311671471848,0.034705988360844
1020.62216392083,0.228722548661491,0.0896814277567112,0.00756810728863114,0.0347196258354673
327.752110071717,0.300612872252779,0.122041630748256,0.0075708126887915,0.0347227753158733
592.128164048004,0.29278289174956,0.118177915569031,0.00759649424033877,0.0348219894561798
1631.0010507722,-0.226044831012895,0.0883143245935575,0.00759450485845858,0.0348219894561798
7.01488413425676,-0.289823429219141,0.52200376355219,0.00762333586306986,0.0349357190271619
201.664545315509,0.446315338743709,0.203668939774604,0.00762708303955484,0.0349435805000809
252.190296668782,0.371845913290561,0.158953609082321,0.00765180757511049,0.0350475202355061
699.939272396985,-0.253753694750183,0.101015832672756,0.00765596325046957,0.0350572183026694
30.3068227932761,-0.764244632636618,0.503443862593407,0.00766117871104494,0.0350700911695299
420.435330268431,-0.323777445925658,0.134017597897948,0.00766285264347308,0.0350700911695299
131.586343406287,-0.395479428431173,0.170269818078935,0.00766722713118229,0.0350807766504933
2399.19077231894,-0.249876754511451,0.0989305144212094,0.00767046558934402,0.035086260018917
50.5575957300503,-0.555037474825287,0.274617714547917,0.00769921079665836,0.0352083824758647
4175.16692317487,0.265517268239678,0.106246657060225,0.00770148093144432,0.0352094020573926
8908.67347024161,0.192856122005041,0.0747234547869677,0.00777175933042664,0.0355212566367281
725.521166268281,-0.255594037189769,0.101826448518649,0.00778025671330295,0.0355506469745211
187.201594963437,-0.439864129251799,0.200316730524078,0.00780300884690499,0.0356451392185708
29.6264832752844,-0.72679071410682,0.423777418973415,0.00782101316532362,0.0357178984148701
3485.05714917458,0.241721683864063,0.095859049597005,0.00783137945660993,0.0357557460244848
85.6667933124502,-0.475167888954814,0.220774321464507,0.00783925336221638,0.0357821970745115
1172.32749955992,0.26260279553553,0.105393097059758,0.0078446794268323,0.0357974639060994
439.806941495113,0.2821265758002,0.113975902469474,0.00785741840584511,0.0358460846583899
917.776071200466,0.63416563968312,0.356395695896506,0.00789960325549272,0.0360289780936673
380.323075320523,0.291018520874667,0.118543255426325,0.00791957065853791,0.036110470773116
101.145710352085,0.444159157047278,0.201727122554583,0.0079227775228324,0.0361155183183659
787.515272449626,0.246812228176459,0.0980007504128981,0.00792870578464281,0.0361329652331933
16.2453475975492,-0.922846904650472,0.728319838237358,0.00794554166860489,0.0362000983200889
894.679256439547,0.330805931241051,0.138412824605837,0.00795005012098137,0.0362110466183153
297.002396832882,-0.330335901287765,0.137753673914892,0.00795719132879062,0.0362339776711331
545.536348620581,-0.264370869441858,0.106036670315358,0.00795994989902703,0.03623694502736
127.388955426026,-0.418065065305119,0.186046533320106,0.00799142755149807,0.0363626447194195
123.254163992225,0.4171374537052,0.184403104201015,0.00799179004822406,0.0363626447194195
77.7923100752042,-0.540885801267289,0.27119967654718,0.00799738335015527,0.0363784703092622
55.492727196751,-0.540130726422039,0.266703529018615,0.00800506541366565,0.0363941633755315
2734.10445259067,0.29689982107885,0.121616562111655,0.00800431718244381,0.0363941633755315
222.651189822339,-0.360652443968015,0.154231145314876,0.00802286005694085,0.0364654255072214
162.725375584737,0.547362696885082,0.277665226880389,0.00803047852929892,0.036485687856094
68.6665170540527,-0.593285239329651,0.315021994185421,0.00803156080139381,0.036485687856094
34.7919722065035,0.653451904740881,0.35972966787193,0.00803657916631968,0.0364988447535073
30.2986684774958,-0.705390809645061,0.416283808975291,0.0080400896598956,0.0365051483792356
12.6310564154669,-0.927709581349797,0.695210750900437,0.00805108149943989,0.0365454079463887
472.63354862252,0.264773568875353,0.106224322952318,0.00806266823431398,0.0365883459002549
139.987784443936,-0.386382090760911,0.16705053892605,0.0080693940995695,0.0365995540924303
23.4277904288542,-0.727565781705024,0.42840037368324,0.00806834366382104,0.0365995540924303
39.9177792752262,-0.624233936890688,0.336271912031536,0.00807859089795964,0.0366316068689712
276.163726900048,0.342926713452891,0.144474071150365,0.00808711474522425,0.0366605921199557
1459.93110164694,0.27036792160479,0.108938544964125,0.00809772559796443,0.036699020437257
945.487055419168,-0.453439088256634,0.213603417777412,0.00810750130179285,0.0367280371376776
861.196770350539,0.299517025386576,0.1243300272369,0.00810839915179731,0.0367280371376776
2057.53482546483,-0.228389840542945,0.0904259776031802,0.00811064919315421,0.0367285559434068
39.6341631900761,-0.617843750670155,0.330608206851862,0.00812920908031318,0.0368029131277458
723.105542394421,0.274010706576523,0.110885141591573,0.00813591245339717,0.0368235679699942
60.6923767732632,-0.523792583461879,0.255531732125681,0.00814358370849093,0.0368485914765418
10.1688080818731,0.990738258205242,0.925832813164462,0.00817816653626395,0.0369953409408742
14.5514724713683,-0.896432277095742,0.677042851613506,0.00818613200652085,0.0370216367026432
656.747965426414,-0.250469765636372,0.099969451412425,0.00819029477898521,0.0370307255267525
575.748234984261,0.259489319016557,0.104560463059802,0.00821919596368966,0.0371516297975029
204.13780851006,0.555612658121076,0.294707925885684,0.00822280652304604,0.0371581842853045
1867.40041145124,0.268234881291688,0.107884064985522,0.00824146387253025,0.037232712672353
1061.59983612256,0.223041367876496,0.0881582982501403,0.00825022066674939,0.0372624856216972
555.549822795223,-0.269129333036055,0.109042801923317,0.00825830272324485,0.0372891962554708
3521.36698047615,0.212337422529842,0.083731119085701,0.00826259420335502,0.0372987815494758
13.9896182273106,-0.912094247600229,0.701779725924154,0.00827389758211497,0.0373400064326411
2643.95372368092,-0.251618125710528,0.10119223164566,0.00831535464224469,0.037507417910298
1772.80988805173,-0.214727070886897,0.0846849414576791,0.00831426470528877,0.037507417910298
1517.67871214332,0.233244289400069,0.0925389901455279,0.0083318668998674,0.0375572585496061
1959.23874490419,0.384057606832449,0.169698545030175,0.00833352077797792,0.0375572585496061
6484.17113965481,-0.209958960647327,0.0824218122758503,0.00833513901295694,0.0375572585496061
136.742337994758,-0.40993461459984,0.182711832410165,0.00833304757080008,0.0375572585496061
487.329554347459,0.315443850477074,0.131089330179162,0.00835018373373008,0.0376067429398981
749.064995203312,0.370092860342772,0.161734765543187,0.00835049428963724,0.0376067429398981
998.797123899148,-0.265293485251441,0.107274052761653,0.00835496639297739,0.0376089764700364
186.385672742296,-0.376892760288487,0.163421244585446,0.00835536363114187,0.0376089764700364
4166.43583007579,-0.240682983418124,0.0963833697832172,0.00837861215623155,0.037703754703042
659.561557468894,0.257610345314072,0.103804282018227,0.00838580288037584,0.0377163765009372
638.946941871628,0.256379843187375,0.103184328834,0.00838379858867209,0.0377163765009372
703.731721283135,0.24192110053418,0.0970768588004206,0.00840704341758032,0.0377941338983873
285.066920268699,0.321117103241313,0.134847081177959,0.00840748626636606,0.0377941338983873
317.653058307959,-0.426678868287622,0.194927835791325,0.00841109550995499,0.0378004786192098
2204.68568842261,-0.216019028408206,0.0852391165893655,0.00841726560523715,0.0378183257953171
149.442044284983,-0.540386529304349,0.28082672448514,0.00842216043564524,0.037830435448593
18.6064780169111,0.782948182672503,0.495169398005758,0.00843232167749068,0.0378661881282408
1251.57939637748,0.254390959469298,0.102370204163275,0.00845145831911713,0.0379323151436575
143.243572409778,-0.380379233956651,0.165408852271333,0.00845125792340561,0.0379323151436575
1197.5263988822,0.294556828464515,0.121581189202359,0.0084633145003486,0.0379756185993988
138.251187730342,0.405785400328423,0.180647878530253,0.0084681000178515,0.0379871810659958
663.483189106464,-0.240153059561179,0.0969295854101829,0.00847688297349515,0.0380166649963867
2337.06512072964,-0.231200000176145,0.0928979504983692,0.00847927940515091,0.0380174990847733
271.88948353683,0.377294309831556,0.165336280085793,0.00848239601842569,0.0380215608863444
5692.60484485417,0.237819604895008,0.0953538411134793,0.00852539934711709,0.0382043625250304
2786.45967901853,0.202696126357917,0.0799930891961912,0.00855988848902168,0.0383489247519364
977.095134650421,-0.270070261881928,0.110061639092223,0.00857040558068026,0.0383860431203437
193.460193875348,0.380073109068401,0.1668524009265,0.00859764711511798,0.0384980298705842
574.758182328998,0.272160573531422,0.110957903069063,0.00861700394409609,0.0385746618517722
4070.13600519628,0.218385913965717,0.089047314460726,0.00862245990443672,0.0385890418673971
12.0799214219743,-0.930820978768367,0.784010848286739,0.00862471888428194,0.0385891103253811
183.72726861349,-0.349210747465246,0.149454307572642,0.00862709310534467,0.0385896942311633
4196.7277035153,0.290453466867747,0.121582545835584,0.00864510822258322,0.0386512879262049
7.61595967671571,1.10905486765221,1.0752344686564,0.00864703592144768,0.0386512879262049
1749.70570304979,0.222850314477804,0.0887136507359916,0.00864760485726127,0.0386512879262049
417.208758357773,-0.29648121647484,0.122984176534083,0.0086624043654222,0.0387073766383207
110.489818700467,-0.48546092454244,0.235037769057387,0.00866871309571119,0.0387234494212421
1308.6059902391,0.312423754090405,0.130768256348811,0.00867050431543715,0.0387234494212421
359.776125053873,-0.292553044536434,0.121129593059817,0.00867427389739201,0.0387302276119536
45.3903930888507,0.679520938909593,0.407812139276745,0.00869509418011219,0.0388131131076433
3528.73493531008,0.237939315210487,0.095220024396969,0.0086990065458371,0.0388205017077977
311.455844029637,-0.339250175597828,0.142478923223167,0.00870686226855483,0.038845479677529
33.170693757468,-0.634669915543899,0.347877681628382,0.00871287371595739,0.0388622186309002
30.267784137046,-0.743607775765564,0.484845527023154,0.00871891057452255,0.038869458789802
109.752504252469,-0.415189262953582,0.187273420514922,0.00871901692023119,0.038869458789802
722.243010905433,-0.240796152957333,0.0970877608104515,0.00872378843632311,0.0388705796156272
40.8706896734952,0.611878747501599,0.33318273860325,0.00872287733851755,0.0388705796156272
208.153467539501,0.338574979812484,0.143690317948247,0.00873035744047765,0.0388897740530368
9.82543627710904,-0.859442844501296,1.39746188091605,0.00875467224919672,0.0389879875748147
1049.33370196779,0.227704735296518,0.0910867275863259,0.00878327960031816,0.0391052616737955
863.190688133527,0.306955366528045,0.128488641213288,0.00879020716641059,0.0391259764635341
379.943607726014,0.315332886537522,0.132592880223533,0.00879515870298016,0.0391378873305449
12.5815806846162,-0.894482922077985,0.668641209996783,0.0087996910829888,0.0391479272985836
7289.79433328382,-0.261668697159197,0.105553756207268,0.00880344351889289,0.0391541802062288
461.1437861417,-0.282652695569693,0.116267593448809,0.00880564969112699,0.0391541802062288
58.1796322590764,-0.53766116475108,0.271884849799044,0.00882770565042568,0.0392421063534948
707.225859949909,0.258731662207839,0.105100462936791,0.00884163368778378,0.0392938650636158
26.1878535628785,0.801813242637654,0.69338899755833,0.00884551860323216,0.0393009750599302
7303.16701961998,0.25606247475428,0.10449441684737,0.00885416420216806,0.0393292278184629
223.346448941513,0.328209659367749,0.138831856681834,0.00888281351647968,0.0394462973586197
1513.24923337555,-0.231167257236698,0.0929905896996867,0.00888742868451285,0.0394566045288943
153.548680131515,-0.423856464696811,0.194571671305788,0.00891042929467944,0.0395485092746301
575.255351316365,-0.313190227484542,0.132207010151861,0.00896169847083161,0.0397658028895338
21.1323036771511,-0.799309744676313,0.525236305237136,0.00897004282902756,0.039792562965294
42.4634132947574,0.573047438221726,0.299367466068671,0.00898889994392143,0.0398659335058032
186.439419900113,-0.338090430770423,0.144314118268824,0.00899633411104583,0.0398886182974677
683.445489664909,0.243714000372499,0.0984604984211208,0.00899976357044293,0.0398935396000124
1360.78296524948,-0.21177269739794,0.0845847976161087,0.00901399056234724,0.0399463086013425
2556.90751394512,-0.193558017920707,0.0770497813975618,0.00901923013251488,0.0399592321095115
14.7815378979499,-0.850015705823327,0.859003079352819,0.00903062003906123,0.0399993906906552
350.038946655001,0.293771110904728,0.123830792065365,0.00905856728430332,0.0400922024505231
272.716024536194,-0.331989195025768,0.141399035524978,0.00905397823545453,0.0400922024505231
7.96531151146236,-1.0367370951698,0.991003622648925,0.00905795880357329,0.0400922024505231
18.2687771572164,-0.766751355618838,0.492411999139103,0.00906144535933977,0.0400946227772793
439.688084790655,-0.267879588800254,0.109797205246064,0.00907053690913855,0.0401245278550087
1631.84182444897,0.228165259896195,0.0917986871035299,0.00908272712222562,0.0401681213101462
347.496559902216,0.311789273799681,0.131479256531045,0.00909579921635626,0.0402052559039094
66.0119404025409,-0.497011039179146,0.242802560854698,0.00909541936953749,0.0402052559039094
1872.9299178496,-0.215573504485424,0.0859297269138378,0.00910642938709608,0.0402419010865019
799.094548754988,-0.2546645007013,0.104106444192913,0.00915229067125798,0.0404341760223391
259.020751593725,0.312814534389367,0.132440458511439,0.00925496900804614,0.040877301481609
215.363509523304,-0.371907527044772,0.163408636583593,0.00926563193973805,0.0409138905600911
3776.34184464204,0.204065363061704,0.0809327495936684,0.00927851000698665,0.0409602396329988
3811.54202903724,0.296929159621062,0.124896870665822,0.00930966855414136,0.0410838187487431
973.257099162412,0.264980858362346,0.108949580602929,0.00931128120719813,0.0410838187487431
99.330731341524,-0.451643667718089,0.214564332396446,0.00932783597316205,0.0411463069767669
133.468575761187,-0.379926552381068,0.168932782383462,0.00934212549045146,0.0411987734128909
170.684270024566,-0.385930476558191,0.172741389977266,0.00936688587477986,0.0412959793738329
8.65043639462502,0.932257631737854,1.12745049731947,0.00936896979572625,0.0412959793738329
262.917062310276,0.351267401502505,0.15297284433106,0.00937415288114349,0.04130823863766
79.0513154510408,-0.465273427405812,0.222254403077869,0.00937755067745215,0.0413126265628841
12.570050548145,-0.889394284476628,0.704360767161247,0.00938201496931192,0.0413217094640706
476.366611825592,-0.302883791379625,0.127717844395158,0.00941995768028919,0.0414631195367537
101.831885506094,0.420296720469024,0.193164679986113,0.00942135421534004,0.0414631195367537
23.2022786288809,-0.718327257991807,0.448619744225276,0.00941958411601662,0.0414631195367537
1191.17212272025,0.219287158738896,0.0886275586357636,0.00942669259900234,0.0414760005142597
5356.59738368472,0.229237131877977,0.092055337942122,0.00943372609238925,0.0414963312181593
1125.51641501069,-0.278931262853275,0.115606587983236,0.00945241128800318,0.041567891010577
37.997457909633,-0.634470062795041,0.365760339163641,0.00947001538720525,0.0416346612077053
195.964213785309,0.37781505945463,0.167532021206474,0.00947435182755159,0.0416430812885407
174.492676304166,-0.374480917513346,0.166103611989003,0.00947955857265691,0.0416553213825054
4740.59419341179,-0.19460081859075,0.0783879746102879,0.00949696509074149,0.0417211500882919
1968.0159071436,0.255376427572052,0.105311503513531,0.00952894444550599,0.041850948804458
5496.24798808908,-0.205748146741199,0.0823029674141259,0.00953682116511003,0.0418748499409567
18.0411264061302,-0.796233964363129,0.579221644368831,0.00955627271803641,0.0419388452353938
177.195147441146,-0.346285892482934,0.150465293629175,0.00955418293250365,0.0419388452353938
322.655329182319,-0.345249407156601,0.15028076589434,0.00956868850754103,0.0419719137059929
141.797392211333,-0.396962858914553,0.179774558643077,0.00956758741712874,0.0419719137059929
13.4441024460941,0.833022555667073,0.604468859378752,0.00958827140761209,0.0420470882048751
1135.2706546636,0.286885143575698,0.119823455342977,0.0095977190965411,0.042067066957546
335.41316714398,-0.303140553409441,0.127338965346799,0.00959567241556187,0.042067066957546
66.5943706810929,-0.505413581987109,0.252909705454861,0.00960042919175694,0.0420682246290516
65.7446240940418,-0.537033824261401,0.280896987233598,0.00960492927653835,0.0420772232876167
89.9419210990046,-0.453857881324194,0.217329751680098,0.00961773308165884,0.0421225849940032
15883.608351124,-0.294827551829869,0.123811971929783,0.00962658958657161,0.0421363920660448
375.935901100222,-0.298825798531351,0.126108149408895,0.00962823541017246,0.0421363920660448
761.080783825528,-0.272429874446595,0.112922267519443,0.00962758344428666,0.0421363920660448
358.450393636614,0.315915015506473,0.134762176623899,0.0096506658030648,0.0422209513753428
56.0187019581369,-0.541950890279229,0.281600193258933,0.0096524670508662,0.0422209513753428
996.821666648916,0.234850043138485,0.096763417241981,0.00971267138940679,0.0424734897600833
1306.72636662827,0.218419822452791,0.0880904594147778,0.00972266324775527,0.0425063765119835
827.243021459652,0.241436804137688,0.0988266559510251,0.00972764712544528,0.0425065556175135
463.596027695357,0.279838126379223,0.116576661312308,0.00972607695233867,0.0425065556175135
16.6967639607192,-0.827805331811557,0.650501432585079,0.00976741785887122,0.0426694995566995
360.988734630656,-0.326231824441061,0.140508409811853,0.00977844370909771,0.0427068190332076
1355.29599688772,0.273497319685464,0.114015597478563,0.00978688301803017,0.042732825851003
88.5000634675305,-0.467778380316819,0.227611382618309,0.00979207373893979,0.0427446386385851
417.795121877379,0.274694539754352,0.114448804082349,0.00981348904555628,0.0428272514830049
2351.60892538434,-0.202805530299498,0.081913096703656,0.00984030141208804,0.0429264258927387
48.789875762489,-0.539444794466589,0.279739048591108,0.00984120572679043,0.0429264258927387
1095.77715777778,0.225198308637883,0.0914994241761654,0.0098560458919028,0.0429802569205974
2853.18372421142,-0.250300882501606,0.102884803394645,0.00986179078829698,0.0429944080527046
236.517950672326,0.311290674670016,0.13197331157258,0.0098796501245986,0.0430522245248942
1166.90102983933,0.272984930111072,0.113985964190322,0.00988005873595891,0.0430522245248942
5.65922894205435,-0.922257205077346,2.90825718669513,0.00989202098029003,0.0430825193314784
79.2030476502647,0.451762025876582,0.215760960813079,0.00988970763722474,0.0430825193314784
4148.51261033763,0.203439426970643,0.0818608570788118,0.00989623094874698,0.0430899433132909
121.428454793254,0.407169035416284,0.186389277955767,0.0099100919371981,0.0431393751525867
1268.73025419712,0.25212195231442,0.103813577050241,0.00993128895091712,0.0432165060873341
7440.80053194676,-0.215230151870923,0.0872810696645077,0.00993283612786974,0.0432165060873341
596.119257334692,0.261789113435676,0.108477785101771,0.00996732404499253,0.0433555908573158
131.189809066432,-0.377970479170672,0.169982958036159,0.00997986863516743,0.0433991809497458
69.8645657643439,-0.511114324135664,0.260785737233481,0.00999091190748935,0.0434362219152956
595.692820854205,0.241864284928823,0.0991575416997042,0.0100157387377319,0.0435331540435309
1093.87943832408,0.218866723851081,0.088571983622586,0.010031106507512,0.0435889340128092
1524.971557117,-0.223899116056985,0.0910861672993871,0.0100336784720284,0.0435890972569882
20.4589409870777,-0.719735846700405,0.459498919982064,0.0100498127957813,0.0436481642107684
4314.00940456602,0.227090545534853,0.0925654638654922,0.0100810331782651,0.0437727062946179
16.1402925982563,0.812308855719041,0.612175802487245,0.0101454708767283,0.0440413815267164
283.092204576713,0.291842750118246,0.124454541606515,0.0101836687238941,0.0441960429932513
9.79351293278276,-0.944112158974472,0.876705170582561,0.0101889794430776,0.0442079357824147
854.917090808065,-0.263818400828979,0.110023384389489,0.0102012614221664,0.0442500618410695
894.132557046979,0.229418333200174,0.093614941670941,0.0102072088250843,0.0442646960621849
1716.75072958393,-0.216916812937667,0.0882440871094023,0.0102250132178832,0.0443307290986572
325.596990584358,-0.350095972346612,0.155276115904934,0.0102298004334537,0.0443397448558673
7.00655419130598,1.0884658264627,1.69247839632169,0.0102322488128925,0.0443397448558673
1326.97660322345,-0.294600798063637,0.125699389122374,0.0102430869015936,0.044375529375443
52.4910775539537,-0.513265171478801,0.262025884078277,0.0102742529562396,0.0444965852031778
2919.3237253558,0.188423474078955,0.0760018166141851,0.0102762042227468,0.0444965852031778
610.658150501737,0.306066821614782,0.131953085028317,0.0102862291273313,0.044509430277707
195.295121030353,-0.348152290572872,0.153676029266008,0.0102870001363365,0.044509430277707
3628.35756145153,0.221960438297873,0.0906186103782557,0.0102895223434015,0.044509430277707
218.155294249336,-0.419039203429185,0.198522932588574,0.0102848890788535,0.044509430277707
1366.35608975726,-0.253895634738357,0.105551394580423,0.0103161192651447,0.0446132600556259
57.7807557014135,-0.571998213795055,0.320146680082602,0.0103250053638033,0.0446404643670321
9.38469790040551,0.945882695187809,0.956997802010789,0.0103373814753752,0.0446827403857698
177.936806937381,0.370318110791587,0.166567848911661,0.010350001968653,0.04472605122082
28.7146573578318,-0.634463763377792,0.36708613091652,0.010373442465138,0.044816085646297
268.533860034988,-0.301150824043994,0.128591813381234,0.010401319711392,0.0449252380000579
635.697605549532,-0.249686742355936,0.103036006372233,0.0104074149278293,0.0449402785196426
2127.16304388205,-0.197168515866127,0.0797093793978743,0.0104125799506322,0.0449488764746646
4385.38678820222,0.244486040621165,0.100852632571275,0.0104146329874724,0.0449488764746646
230.215803475719,-0.321599692608159,0.138794153396163,0.0104263512718264,0.0449881624496092
680.225198828027,0.245083508626572,0.101382571566126,0.0104363468773393,0.045019997477642
217.186335514944,-0.321623737054903,0.139508343745627,0.010461491761946,0.0451171506553936
4769.82809015548,-0.182334652081779,0.0733878098976041,0.0104927904757301,0.0452407880150619
86.6145205951873,-0.481812416401722,0.240112976992893,0.0105106219544403,0.0453063125299297
97.790678798002,0.449873397347211,0.217578458282651,0.0105321573692464,0.0453877661221921
22.8495113496209,0.699972734356842,0.455075025740964,0.0105472841394337,0.0454415681147595
174.363456375596,-0.357426488224491,0.159775807552518,0.0105589801532464,0.0454712895527481
62.6197581394508,0.492240607069854,0.24749325412296,0.0105594703455826,0.0454712895527481
384.869795346667,-0.273129353855177,0.114497980851942,0.0105948898336782,0.0456084105945658
6.96196593174412,-0.990145462372496,1.18403858289123,0.0105966165902602,0.0456084105945658
807.1306786529,0.223231768821807,0.0915805335901769,0.0106082389556029,0.0456470107073841
314.255934485836,0.290945872024968,0.125290671281413,0.0106153469943147,0.0456570556330466
48.0933484373689,-0.541190720134318,0.287486749570714,0.0106158826371622,0.0456570556330466
76.4264057342946,-0.495135605072523,0.252750518653922,0.0106248668188423,0.0456842711043174
1945.42495618156,0.264032098835171,0.110844828336632,0.0106320054157285,0.0457035394014285
271.299778541993,0.338683009824449,0.149354116596192,0.0106401320541607,0.0457270442777385
224.328308773174,-0.315270153911447,0.136096079729006,0.010673407709992,0.0458585908578946
4.73117231679484,-0.387542300406095,0.740422660179034,0.010690705373,0.0459103176460886
474.201545327124,0.334782916982822,0.148774818425642,0.0106907856371059,0.0459103176460886
8.36264765253438,0.836028955478226,1.37469834973762,0.0107069675153764,0.0459683310776232
423.705468785356,-0.275649002002014,0.117670086247969,0.0107101409769713,0.0459704803251634
228.726705229402,-0.346927094809449,0.154355561520446,0.0107207750256242,0.0460046431301673
3014.46691197747,0.203844782798999,0.0830614213555196,0.0107287245964967,0.0460272722212888
48.1190965890993,-0.579186119367607,0.328079269736159,0.0107350648049913,0.0460429874266946
587.275442655546,0.248551094281248,0.103207161019905,0.0107702695150044,0.0461750527894386
437.976790859182,0.343679485439415,0.153376625940196,0.0107720011888433,0.0461750527894386
1117.41628687389,0.259358749573394,0.10871934421319,0.0107739105089841,0.0461750527894386
122.023314563408,0.436190638558758,0.210659539663269,0.0107892499168067,0.046224416677564
1797.90013199855,0.227291142852331,0.0937200943027351,0.0107908037072167,0.046224416677564
421.002074942539,-0.301627070647878,0.129267228263071,0.0107961409897618,0.0462286765087208
582.791063863596,0.284931165520447,0.121019946229343,0.0107971738784541,0.0462286765087208
8.89364439405187,-0.895985117742424,1.5909479680406,0.0108295847841269,0.0463559056003482
569.052712552844,-0.244442982064353,0.101405424353046,0.0108336118825447,0.0463616050678992
204.367826355343,0.335090277523129,0.147813054803962,0.0108446650414987,0.0463973617036659
1267.42643978736,0.282735461547399,0.120422337088729,0.0108533748760216,0.0464230774664749
32.1750356557324,-0.602982507776497,0.343875490471159,0.0108613899778919,0.0464342645363566
68.5874552875752,-0.484249027830268,0.243909055845772,0.010859438454118,0.0464342645363566
53.699475519619,-0.504567756819093,0.258513351053188,0.0108741150486932,0.0464771134996207
731.185363627576,0.243993747886638,0.101402347891332,0.0108785310936738,0.0464844363428809
327.920718914791,-0.31303144501451,0.136095730704556,0.0108817088573896,0.0464864656329468
228.600950955266,0.472564651429538,0.241328640616739,0.0109208259897724,0.0466419881296487
3668.89452530728,-0.267388779709547,0.113353211109023,0.0109273363546117,0.0466582070414514
909.574767812414,-0.222604481410051,0.0917453992621665,0.0109307889612114,0.0466613649401526
2619.33476134839,0.289042086946647,0.123606075832103,0.0109384671081709,0.0466825547874518
16.8429488007383,-0.788978236439192,0.642141229723039,0.0109446570269519,0.0466973843231323
89.237603153905,-0.436386511679713,0.208087388772822,0.0109503390343353,0.0467100399433364
247.441049806556,-0.393764563048756,0.184072441344195,0.010981682995876,0.0468321264185648
5014.87676604786,-0.226784051514571,0.0938669570032283,0.0110262279014819,0.0470104347242407
44.2479559160162,0.632912007306443,0.377394787405986,0.0110292705436598,0.0470117531797781
99.032803753261,0.427263718219692,0.20407757923433,0.0110403443947499,0.0470472951549315
499.995644217234,-0.330724037930121,0.146694190094245,0.0110446616290476,0.0470540340247682
11083.9273370214,-0.180741730464615,0.0730558057109502,0.0110591805203062,0.047094070008277
343.884923877536,-0.300347134428111,0.128739269104355,0.0110595353662091,0.047094070008277
1027.96936889264,0.242889599610085,0.101343120776499,0.011066519369781,0.0470978952934684
603.242028215338,0.313647095427867,0.136951001925075,0.0110657286611883,0.0470978952934684
8763.49173075336,-0.209246797285432,0.085469304961977,0.0110686489200651,0.0470978952934684
12.5883773422042,0.735462462036063,1.0183535894375,0.0110863641220966,0.0471417224326475
14.4988468078331,0.799032675471753,0.657040430624028,0.0110871717681295,0.0471417224326475
130.21873465008,0.502073880374431,0.266855990926029,0.0110821297971709,0.0471417224326475
3258.93942196114,-0.291888823976483,0.126061229222713,0.0110937073012996,0.0471578526631368
1341.11945366215,0.243533284145147,0.101679306366285,0.0111106265859503,0.0472181039416258
10.8823656338321,0.861663277178324,0.771405335311987,0.0111184137780285,0.0472395253380218
440.370846006981,0.292375100654997,0.125997631046009,0.0111510904656933,0.0473666596491624
85.2698379632573,-0.480176158260602,0.242936137025305,0.011169309768829,0.047431987294522
744.497078409232,0.256438401193984,0.107743617018544,0.0111719856113791,0.047431987294522
246.999475408419,-0.394583978171291,0.185023403073832,0.0112189507915796,0.047619628495651
500.596009220543,-0.26021186764272,0.109749058480248,0.0112701234303402,0.047813234553138
1889.55807156404,0.216211300229398,0.0887657844301913,0.0112689204531504,0.047813234553138
155.787766308003,-0.364135070421801,0.16512490568265,0.0112831833039979,0.0478568359174995
45.352067805181,-0.541734505965208,0.292892007129182,0.0112948281665119,0.0478944155906898
2105.03316917337,0.193642595168175,0.0799780688717018,0.0113003693408746,0.0479056976700727
3301.05955003241,-0.271373087223926,0.115789884517153,0.0113085123188901,0.0479056976700727
1002.39890042295,0.233424263900544,0.0963399844347216,0.0113095379608831,0.0479056976700727
800.759080874899,0.324580525018986,0.143664330210245,0.0113142010544703,0.0479056976700727
960.736364283529,-0.289392267625457,0.124873873950484,0.0113082427825,0.0479056976700727
378.952923687292,-0.280799061495629,0.119602937041425,0.0113135938823307,0.0479056976700727
510.944042995084,0.268668352647864,0.113996344572002,0.0113364796823354,0.0479882141413946
1202.47331565522,-0.247720071542491,0.104117706466522,0.0113548975437794,0.0480543510963245
2029.47054163252,-0.276246660787985,0.11801984005877,0.0113761640867088,0.0481325082723995
209.476334315666,0.41137564450414,0.196006771878483,0.0113930399911439,0.0481920547977579
637.941080432569,0.253936058549389,0.106869325528144,0.0114028239122153,0.0482097267616007
6.61345821285859,-0.92791750486217,1.52568476152895,0.0114004411732084,0.0482097267616007
19.5143626808229,-0.765781224686529,0.616070253628282,0.011406724654889,0.0482143665125179
2967.9856630938,-0.188138821631872,0.0771181848015722,0.0114497460943905,0.0483843201664427
12.5874647557977,0.809729694994858,0.646531211738274,0.0114585363486722,0.0484095717663504
8898.57256269946,-0.17946001801396,0.0730129082054385,0.0114664735302428,0.0484312078208855
1216.49035260914,-0.292919599353539,0.126952085562988,0.0114724098381134,0.0484443841899613
156.050061384486,0.36243332093053,0.165064488837143,0.0114807429473111,0.048467672545607
195.301832997461,-0.324473957049774,0.14321740964557,0.0114962928172738,0.0485214086292743
10.6523727679493,-0.880088275730156,1.08686890260873,0.0115296939326173,0.0486504430684702
51.0058789601077,-0.609503255399915,0.366561741449767,0.0115342852858423,0.0486578789872951
72.4178596352573,0.457116694637979,0.226454222468448,0.0115567235301622,0.04874058067564
105.613629252355,-0.41460930515643,0.197577405416363,0.0115619702968181,0.0487507543846467
125.80084316341,0.399201089059311,0.187981999690849,0.0115775906821951,0.0488046524860475
548.606906360733,-0.275566433734297,0.118076750637959,0.0115818920156656,0.0488108210677366
2900.19335641931,0.280317280671698,0.121682945690098,0.0116007266407141,0.048878220846066
476.64691866986,0.252573952160538,0.106512634609335,0.011631937355731,0.0489881748798255
205.49380274017,-0.317763873419438,0.139951353623698,0.0116325196935408,0.0489881748798255
749.286861882793,0.313243126904727,0.13757083967666,0.0116442407097765,0.0490255314485791
611.023095303219,-0.268639830090622,0.114974565354688,0.0116479291289816,0.0490290585142816
174.904246701197,-0.334984190180587,0.149380930195868,0.0116530327815255,0.0490385394689155
239.247019070169,0.327428682288448,0.143996288624205,0.0116565973589061,0.0490411701273037
539.906707767795,0.269508535979483,0.114969840164317,0.0116593606983281,0.0490411701273037
648.650721016825,0.236775523824723,0.0990962335969687,0.0116926961488746,0.0491693596734706
18.9164787073481,-0.717804249015821,0.493045404563446,0.0117028502317366,0.0492000296102755
969.399121369788,0.237180077000875,0.0987000700564105,0.0117353333628888,0.0493245353148398
1559.40724007241,0.21024128020118,0.0870570857543011,0.011764933189858,0.0494368643861146
145.089427066657,-0.376538911439753,0.174235574155579,0.0117713300039911,0.0494516621247297
900.196168536399,-0.237429292934145,0.0997465156752689,0.0117827666253341,0.0494876198264034
1767.36829892139,0.21114523011213,0.0882581965567547,0.0118023196307705,0.0495576404613335
1962.46885946632,-0.248796008283488,0.105621675106214,0.0118134609482459,0.049592315071731
113.949848042858,-0.390487222190769,0.183008113043071,0.0118391720929387,0.0496881212363234
871.864788746378,0.225418051853456,0.0955675425798743,0.0118599809930684,0.0497633113197813
616.766049458053,-0.302941557519532,0.133262119922561,0.0119035976972007,0.0499341406815014
