Population	PopNum	Sex	GOL	NOL	BNL	BBH	XCB	XFB	AUB	ASB	BPL	NPH	NLH	OBH	OBB	JUB	NLB	MAB	ZMB	SSS	FMB	NAS	EKB	DKB	WMH	FRC	FRS	PAC	PAS	OCC	OCS
NORSE	1	M	189	185	100	135	143	120	119	112	96	66	50	31	42	118	26	63	83	20	100	19	100	22	24	118	25	119	26	98	30
NORSE	1	M	182	178	102	139	145	120	125	113	108	64	48	28	39	118	25	72	101	27	95	17	96	21	23	116	28	113	24	93	27
NORSE	1	M	191	187	102	123	140	114	125	112	102	67	53	33	41	112	23	65	90	24	98	19	97	20	24	107	25	118	23	88	30
NORSE	1	M	191	188	100	127	141	123	127	113	95	76	53	35	40	114	26	62	94	23	98	16	99	23	22	109	26	116	24	94	34
NORSE	1	M	178	177	97	128	138	117	121	111	90	67	51	32	39	115	24	64	91	21	96	18	97	21	27	102	22	113	26	94	32
NORSE	1	M	194	191	106	132	139	118	128	112	102	69	50	33	40	117	25	65	91	22	101	20	98	22	23	107	23	115	26	103	34
NORSE	1	M	186	183	95	122	143	122	119	108	95	66	49	32	39	114	24	61	95	22	97	20	95	25	26	113	26	115	24	93	32
NORSE	1	M	186	184	103	130	141	121	121	109	100	64	49	35	38	118	25	62	100	17	99	19	100	27	27	112	24	117	26	94	25
NORSE	1	M	186	182	96	134	141	123	123	111	87	72	51	33	39	115	24	61	90	22	95	20	97	20	28	118	28	111	25	101	31
NORSE	1	M	189	189	101	131	144	115	125	108	95	63	50	33	40	115	25	61	93	20	96	17	96	19	25	118	28	106	25	107	36
NORSE	1	M	186	183	107	138	143	116	129	113	96	70	55	32	41	118	25	57	94	22	101	17	101	20	22	115	23	111	22	96	25
NORSE	1	M	182	182	99	124	136	113	120	111	98	69	53	36	40	114	25	63	93	26	96	19	94	20	24	108	22	114	26	95	33
NORSE	1	M	193	191	101	134	142	118	125	115	96	70	53	35	38	117	24	60	94	22	98	16	97	22	25	116	25	112	20	101	35
NORSE	1	M	195	194	105	127	137	110	125	112	98	73	59	35	39	116	24	67	90	24	99	19	98	24	24	114	25	110	24	96	33
NORSE	1	M	187	183	103	131	141	117	125	111	96	67	48	33	39	116	25	67	93	23	99	19	98	21	25	114	27	116	27	100	31
NORSE	1	M	189	187	97	129	144	129	121	109	95	64	49	31	39	119	25	63	94	20	99	18	100	27	23	111	27	115	25	99	35
NORSE	1	M	179	174	101	132	147	121	129	110	98	65	49	31	40	123	28	68	100	24	102	23	102	25	25	114	26	112	23	90	23
NORSE	1	M	175	174	100	132	135	113	114	107	93	65	47	35	40	115	26	59	87	18	100	19	100	23	23	109	22	106	23	98	26
NORSE	1	M	191	189	109	128	135	110	127	114	114	76	58	34	42	127	28	72	109	29	102	20	104	22	28	112	18	110	24	98	28
NORSE	1	M	192	191	100	127	142	115	126	114	97	72	57	35	42	118	24	63	96	25	99	22	97	22	27	123	27	110	24	103	33
NORSE	1	M	194	192	104	139	145	122	125	112	96	67	52	33	39	117	24	59	100	21	94	18	95	22	21	117	26	123	24	103	29
NORSE	1	M	195	191	100	128	137	109	125	116	102	69	49	36	41	119	26	63	100	26	99	21	100	22	23	119	21	117	26	95	27
NORSE	1	M	184	182	102	137	142	120	122	112	96	68	52	35	40	113	23	62	94	23	95	16	94	18	25	109	23	116	28	96	29
NORSE	1	M	186	185	109	133	137	117	125	108	109	64	50	32	40	124	26	65	96	22	99	18	100	21	27	113	24	112	25	93	28
NORSE	1	M	195	193	102	141	147	127	131	116	92	74	56	32	38	114	25	67	107	28	98	21	100	27	27	123	26	122	27	103	35
NORSE	1	M	189	187	102	134	139	118	122	107	95	67	52	34	42	118	25	59	90	23	102	20	102	24	26	114	24	117	26	98	31
NORSE	1	M	188	185	101	133	134	116	121	106	94	68	50	35	40	114	24	65	87	17	99	19	96	22	23	108	26	116	24	103	33
NORSE	1	M	182	180	104	123	131	108	119	107	102	62	48	33	39	116	26	64	92	22	97	21	97	24	24	103	19	104	24	97	29
NORSE	1	M	188	185	100	133	141	114	123	109	97	67	53	34	40	115	25	60	95	25	98	16	97	21	23	114	27	112	24	98	31
NORSE	1	M	186	183	104	134	138	125	125	108	103	69	51	27	39	124	25	66	100	21	102	16	103	27	27	111	26	110	26	96	32
NORSE	1	M	186	184	96	134	145	128	126	112	91	72	51	35	42	121	25	67	98	26	103	20	100	24	27	113	25	119	28	98	33
NORSE	1	M	201	198	107	133	147	121	132	111	102	70	50	30	41	122	27	63	97	23	100	18	103	24	27	115	24	126	29	101	34
NORSE	1	M	189	186	97	140	152	122	131	111	91	69	52	34	40	120	24	60	97	20	96	13	98	21	22	117	27	120	26	104	34
NORSE	1	M	192	187	99	126	144	117	128	119	94	69	51	32	41	117	26	62	92	23	100	18	102	24	24	111	26	111	21	97	34
NORSE	1	M	190	186	106	139	147	125	126	117	101	69	52	36	42	116	26	62	91	23	102	18	100	21	20	114	27	117	22	102	29
NORSE	1	M	189	187	104	139	143	124	127	115	99	70	54	35	42	124	26	67	102	25	106	19	106	24	24	113	21	120	32	98	27
NORSE	1	M	181	180	98	136	138	121	125	111	93	66	50	34	39	117	26	61	90	25	97	19	96	21	24	117	28	114	23	96	28
NORSE	1	M	194	192	105	123	145	123	129	116	98	75	55	35	41	119	24	63	97	22	105	19	103	25	26	104	24	119	26	96	30
NORSE	1	M	187	185	98	126	139	120	118	109	94	75	52	35	43	120	26	65	95	18	102	23	100	21	23	117	29	113	23	90	32
NORSE	1	M	187	184	105	128	146	117	127	115	103	73	52	36	42	119	25	66	87	24	99	18	97	18	21	114	27	101	19	95	33
NORSE	1	M	192	190	102	131	143	115	123	107	97	65	49	32	39	112	26	63	93	25	100	22	97	24	23	113	26	120	28	100	27
NORSE	1	M	179	178	103	131	136	110	125	108	98	67	50	32	40	115	25	64	94	26	97	21	95	21	23	109	24	113	28	89	24
NORSE	1	M	188	184	105	122	134	108	115	109	101	67	54	30	38	112	27	64	89	25	94	17	94	22	26	105	21	109	23	94	28
NORSE	1	M	179	178	101	131	139	118	121	112	91	66	51	35	40	112	24	59	88	22	99	19	98	20	22	103	22	107	21	98	31
NORSE	1	M	190	189	99	126	150	135	127	114	92	71	55	36	42	119	27	69	95	22	103	18	104	25	25	117	31	109	21	96	37
NORSE	1	M	190	189	101	131	143	114	124	113	89	70	55	38	44	115	25	61	89	20	97	18	100	17	21	114	24	115	27	95	29
NORSE	1	M	195	193	101	136	151	126	130	123	95	70	53	35	41	115	30	60	93	25	101	21	100	24	25	113	26	128	31	93	30
NORSE	1	M	200	198	112	140	145	127	127	113	106	74	56	35	42	123	28	66	98	26	105	23	103	25	26	120	31	121	23	97	34
NORSE	1	M	190	190	101	133	138	118	127	108	95	70	51	38	39	114	24	60	91	24	99	20	98	24	23	112	25	109	20	97	37
NORSE	1	M	187	186	98	128	142	121	123	113	92	71	54	34	40	116	26	65	94	22	100	18	103	28	26	112	24	115	24	100	30
NORSE	1	M	190	189	99	131	137	123	122	109	97	70	52	36	40	112	25	68	92	27	96	17	96	22	22	112	26	122	31	96	34
NORSE	1	M	188	187	98	130	146	121	126	113	91	69	51	36	42	111	26	62	87	25	95	18	96	19	22	120	28	108	20	94	31
NORSE	1	M	193	189	104	139	145	121	122	116	98	70	54	34	42	116	30	66	99	22	96	17	99	21	24	115	26	118	24	100	32
NORSE	1	M	192	191	102	137	150	124	130	113	92	71	54	37	43	121	25	66	96	25	104	23	102	21	21	117	24	118	24	102	30
NORSE	1	M	189	185	106	137	150	122	134	121	96	72	55	33	41	121	25	65	88	19	97	14	99	19	23	118	26	114	23	98	30
NORSE	1	F	182	182	97	119	138	108	117	106	103	68	48	32	39	110	25	60	91	22	93	20	95	20	25	108	21	109	24	94	34
NORSE	1	F	170	169	91	123	132	107	113	101	90	65	48	34	39	110	24	59	92	21	95	15	95	20	21	104	23	104	25	94	27
NORSE	1	F	180	179	98	128	134	114	118	108	96	59	45	33	36	110	26	58	87	23	90	18	91	21	22	106	23	109	24	97	30
NORSE	1	F	177	177	92	120	137	116	112	106	86	57	45	32	38	106	23	55	82	18	90	17	90	20	22	107	25	104	21	100	30
NORSE	1	F	180	179	99	126	138	121	115	107	95	63	47	33	41	113	22	60	90	23	97	17	96	19	25	107	24	106	24	96	30
NORSE	1	F	180	178	99	126	134	116	121	112	96	62	47	34	39	113	25	60	90	20	96	19	96	19	19	104	25	115	23	92	26
NORSE	1	F	176	175	92	128	142	114	123	103	90	62	46	34	39	110	23	62	93	25	94	17	95	20	24	114	31	103	21	100	34
NORSE	1	F	172	172	94	131	127	108	114	110	90	70	51	36	39	109	25	59	86	22	94	17	92	19	22	112	22	105	22	98	27
NORSE	1	F	180	180	95	123	128	117	108	96	93	61	46	30	38	106	24	59	89	22	92	17	92	20	19	109	25	118	26	91	26
NORSE	1	F	171	168	88	127	136	113	117	98	86	58	44	32	37	105	23	58	85	22	90	13	89	17	22	104	25	111	26	96	28
NORSE	1	F	181	180	102	134	137	117	116	114	99	67	49	33	40	112	26	60	92	22	95	19	97	22	21	107	24	109	21	102	28
NORSE	1	F	182	180	96	127	135	116	114	100	93	57	44	30	37	106	21	58	79	18	89	14	89	18	24	108	26	119	26	94	29
NORSE	1	F	181	180	101	128	142	118	117	110	93	61	46	34	40	107	23	56	91	23	96	19	95	22	19	112	28	104	19	99	32
NORSE	1	F	179	178	96	130	137	113	113	103	91	65	51	34	37	103	23	58	87	25	86	15	88	19	23	117	26	99	19	107	33
NORSE	1	F	175	174	101	127	136	113	113	108	100	57	45	30	38	110	26	60	86	20	93	13	95	21	22	100	20	104	21	101	27
NORSE	1	F	184	182	97	129	141	114	119	107	93	67	50	31	40	111	26	60	92	25	97	21	96	23	26	109	28	106	20	103	35
NORSE	1	F	179	178	97	123	135	111	120	104	102	60	47	31	40	114	25	60	95	23	94	18	95	19	22	108	23	110	22	96	28
NORSE	1	F	176	175	99	130	139	112	121	106	89	71	53	36	40	114	25	62	92	16	95	17	97	22	23	111	25	104	23	96	28
NORSE	1	F	180	177	95	126	139	113	121	107	99	69	51	36	41	112	23	58	91	20	97	14	97	20	23	107	26	114	24	95	30
NORSE	1	F	174	172	91	125	147	124	123	112	91	65	52	34	41	116	23	64	94	23	100	15	100	21	19	107	26	113	26	91	30
NORSE	1	F	177	176	92	125	137	113	115	110	91	69	49	32	40	106	23	61	89	24	93	16	95	19	22	110	27	116	27	86	31
NORSE	1	F	182	181	97	122	135	109	118	104	96	63	49	32	42	113	21	59	89	23	99	22	98	21	20	108	24	115	22	93	32
NORSE	1	F	177	173	99	121	133	112	115	107	96	59	46	30	37	111	26	60	94	19	94	19	95	24	26	99	27	107	28	89	26
NORSE	1	F	186	183	101	129	133	115	113	111	93	67	55	36	38	108	24	61	88	24	94	19	95	22	19	109	26	121	26	91	28
NORSE	1	F	176	176	97	128	129	106	117	102	95	68	53	31	38	108	25	63	90	23	90	15	91	22	21	108	24	114	25	92	27
NORSE	1	F	181	181	98	127	137	113	119	110	94	60	49	31	37	108	26	61	83	20	92	17	91	22	22	110	26	113	26	102	28
NORSE	1	F	176	175	101	127	138	119	122	105	94	61	50	33	40	112	25	61	95	21	98	18	97	21	21	108	27	104	23	88	27
NORSE	1	F	183	181	94	123	128	109	113	106	93	68	51	33	38	114	25	56	91	22	100	17	99	25	24	103	23	108	21	101	32
NORSE	1	F	174	172	98	123	131	116	119	101	94	63	50	35	41	115	23	60	92	25	100	20	100	25	22	101	28	104	19	87	27
NORSE	1	F	184	184	101	127	135	116	117	109	102	69	52	38	40	112	27	61	96	22	101	18	100	24	24	105	21	107	24	102	32
NORSE	1	F	188	187	99	126	141	116	120	111	98	60	46	33	38	111	28	62	100	19	91	15	93	20	26	117	28	118	27	96	30
NORSE	1	F	178	177	99	130	137	113	122	107	98	68	50	33	38	104	21	65	93	25	90	18	91	20	25	112	26	110	24	94	29
NORSE	1	F	189	187	94	125	143	123	124	112	91	59	45	32	41	114	24	63	92	19	100	19	100	22	22	115	28	112	20	101	36
NORSE	1	F	180	179	96	124	137	116	119	104	98	69	52	33	38	108	25	59	91	24	93	16	93	20	23	110	26	108	22	88	30
NORSE	1	F	187	186	102	123	131	109	117	106	101	68	48	33	40	110	25	64	90	22	96	19	94	20	24	105	24	107	19	95	36
NORSE	1	F	178	176	95	125	135	109	114	104	95	68	50	32	37	106	21	58	90	24	89	15	90	19	22	110	26	114	27	91	27
NORSE	1	F	178	176	101	133	135	120	121	111	100	64	49	32	41	118	25	65	100	22	101	17	101	23	24	103	24	112	24	99	28
NORSE	1	F	180	179	94	123	133	111	115	103	86	65	50	31	39	107	25	57	86	22	95	20	93	20	22	106	26	111	24	98	29
NORSE	1	F	177	177	104	135	136	113	122	109	93	69	51	34	41	109	24	58	94	19	91	15	93	18	25	112	23	102	21	100	27
NORSE	1	F	189	188	97	119	140	118	118	112	102	66	50	33	38	108	26	60	97	25	95	18	95	23	22	111	26	111	23	94	35
NORSE	1	F	184	182	101	132	134	118	119	104	92	62	51	35	42	112	22	58	95	21	96	18	97	19	22	110	28	112	22	97	29
NORSE	1	F	182	181	100	124	135	114	113	105	93	61	50	35	42	117	28	64	102	26	102	23	104	25	22	109	25	104	20	95	31
NORSE	1	F	181	181	97	129	136	115	118	109	90	66	50	35	41	110	27	62	89	27	97	21	97	21	20	112	28	108	22	96	32
NORSE	1	F	176	174	98	129	129	103	113	96	90	60	48	33	37	108	19	58	88	23	89	19	89	17	21	105	25	108	23	89	29
NORSE	1	F	179	177	97	127	140	114	118	103	92	70	50	33	41	107	21	63	85	23	93	18	93	16	22	107	25	110	22	98	31
NORSE	1	F	187	185	99	127	142	112	120	108	90	62	50	33	40	108	22	58	93	25	93	19	93	17	22	110	26	111	25	99	33
NORSE	1	F	180	179	105	134	139	122	121	107	95	63	48	34	39	110	24	60	85	21	97	17	97	21	21	111	29	110	24	89	23
NORSE	1	F	180	179	92	121	138	113	118	106	90	68	50	38	40	108	23	60	86	21	96	18	96	19	18	107	28	114	24	90	29
NORSE	1	F	180	179	93	123	135	114	119	109	90	71	56	37	39	109	25	62	82	22	93	16	94	18	22	107	31	112	22	92	32
NORSE	1	F	193	190	100	126	136	118	121	109	94	65	49	32	38	111	23	60	88	18	99	21	98	26	21	106	27	119	25	96	34
NORSE	1	F	178	178	98	117	135	114	115	109	87	65	49	34	39	109	25	59	89	21	92	18	92	20	21	108	27	108	22	95	29
NORSE	1	F	188	187	102	126	148	124	130	112	98	69	54	35	42	119	25	61	89	22	99	19	100	20	26	108	25	119	27	91	29
NORSE	1	F	179	178	93	119	137	114	117	107	90	65	51	36	39	106	24	59	86	22	92	18	93	20	25	106	26	105	23	98	31
NORSE	1	F	176	174	98	130	133	113	116	112	94	60	49	28	37	106	27	61	88	21	93	19	93	22	23	108	23	103	22	99	27
NORSE	1	F	177	175	100	119	141	118	118	111	101	60	49	33	39	112	25	61	89	23	97	17	97	22	21	102	26	101	20	90	33
ZALAVAR	2	M	186	184	100	133	146	118	125	120	90	69	53	33	39	111	25	63	92	21	96	19	97	24	23	120	27	111	20	96	32
ZALAVAR	2	M	186	181	102	138	137	115	122	107	96	67	47	33	41	115	24	63	94	21	98	19	98	20	22	115	28	118	27	98	31
ZALAVAR	2	M	186	183	104	132	147	126	129	115	97	72	56	35	40	118	26	67	98	25	101	18	99	21	25	111	29	118	24	86	29
ZALAVAR	2	M	181	178	92	127	142	121	124	114	94	75	56	36	40	116	25	65	99	20	96	14	97	18	26	112	29	115	27	91	29
ZALAVAR	2	M	178	177	97	133	142	122	123	105	91	68	51	34	42	116	22	63	93	22	100	20	99	17	20	111	24	119	27	94	31
ZALAVAR	2	M	180	178	105	129	135	117	116	110	96	60	46	28	39	113	26	59	93	24	96	21	96	21	21	105	23	115	26	94	26
ZALAVAR	2	M	183	177	97	138	139	117	123	110	90	69	51	33	41	117	24	69	91	24	98	18	97	19	22	114	29	118	24	92	30
ZALAVAR	2	M	178	176	98	127	134	112	119	108	96	67	53	32	40	112	27	64	92	24	93	17	94	19	24	110	28	109	22	90	28
ZALAVAR	2	M	184	182	97	141	142	123	122	110	85	73	52	35	40	110	22	59	91	21	95	17	95	17	20	117	27	114	28	104	33
ZALAVAR	2	M	192	188	103	127	143	120	125	112	102	64	50	36	41	115	27	66	102	27	98	18	98	21	22	115	28	111	22	100	33
ZALAVAR	2	M	190	186	99	142	139	123	125	114	102	70	52	32	41	121	27	70	102	27	99	14	101	19	25	113	23	121	26	105	30
ZALAVAR	2	M	194	191	107	138	144	118	125	117	103	66	49	34	40	115	25	66	95	26	102	20	100	24	24	120	26	121	29	96	27
ZALAVAR	2	M	181	179	98	137	145	118	124	111	99	76	51	33	39	115	26	63	94	22	98	20	95	22	25	116	30	119	25	95	29
ZALAVAR	2	M	180	178	103	139	141	116	126	113	100	68	50	34	39	112	25	64	94	24	95	16	95	20	20	106	24	122	27	101	24
ZALAVAR	2	M	175	174	103	132	138	114	123	107	93	67	49	32	41	114	28	62	95	25	101	23	100	24	21	113	27	103	22	94	30
ZALAVAR	2	M	176	174	94	125	138	121	120	103	97	60	45	29	39	110	25	58	88	20	96	15	96	20	23	107	24	111	24	95	27
ZALAVAR	2	M	192	189	109	140	133	110	117	104	101	65	50	34	40	114	25	63	95	25	92	18	93	16	23	113	26	117	27	98	30
ZALAVAR	2	M	181	178	103	135	142	126	124	111	99	72	55	32	41	115	26	64	89	23	96	17	95	18	21	115	27	108	23	94	25
ZALAVAR	2	M	187	184	106	138	143	121	129	111	101	79	56	35	40	112	25	65	92	26	96	21	95	19	27	114	28	115	22	92	27
ZALAVAR	2	M	181	177	99	138	138	124	119	109	94	67	50	32	40	115	25	64	91	27	98	17	98	20	17	113	30	115	28	94	30
ZALAVAR	2	M	179	178	102	133	141	120	123	107	102	68	55	31	39	114	23	63	92	29	97	19	95	21	23	109	24	111	24	98	29
ZALAVAR	2	M	192	190	107	142	146	122	128	115	104	76	53	35	40	114	27	66	95	23	96	19	97	20	26	112	25	112	24	105	35
ZALAVAR	2	M	188	186	109	139	137	121	124	107	100	74	55	35	40	121	26	65	93	23	102	24	103	25	25	114	25	115	24	89	30
ZALAVAR	2	M	196	194	107	139	144	116	129	112	107	67	53	33	43	122	29	69	105	27	103	18	105	22	23	120	31	114	20	108	33
ZALAVAR	2	M	185	182	98	133	141	123	124	109	94	70	53	36	39	118	23	62	93	18	98	18	98	21	24	115	31	116	23	90	30
ZALAVAR	2	M	195	192	109	132	149	129	133	120	106	67	53	33	40	120	27	69	100	20	97	17	99	23	25	115	28	121	25	96	28
ZALAVAR	2	M	189	187	100	135	144	112	117	108	98	71	52	35	39	112	25	71	98	25	95	18	96	21	24	111	26	116	26	102	33
ZALAVAR	2	M	189	185	97	128	140	116	124	116	99	68	50	30	37	117	27	66	97	24	95	15	97	22	25	108	23	110	21	101	36
ZALAVAR	2	M	188	185	97	129	142	118	125	114	94	66	52	32	42	117	26	66	95	22	99	19	98	21	23	120	32	109	25	95	35
ZALAVAR	2	M	188	185	106	140	142	116	121	110	94	65	51	30	39	120	28	65	102	26	100	21	101	27	24	109	27	112	24	101	32
ZALAVAR	2	M	193	190	105	144	149	125	126	113	101	70	50	34	41	114	24	65	94	26	101	17	99	21	22	119	30	120	24	102	31
ZALAVAR	2	M	191	187	105	142	136	119	123	110	102	73	54	32	40	118	27	62	96	27	97	20	93	23	26	116	27	126	28	92	28
ZALAVAR	2	M	187	183	101	133	146	123	126	109	87	67	54	32	40	116	27	67	99	23	98	17	96	21	22	113	29	115	26	94	29
ZALAVAR	2	M	188	186	101	138	140	129	113	116	101	67	50	31	38	117	25	64	97	22	100	17	99	26	22	112	28	121	26	95	31
ZALAVAR	2	M	183	181	99	133	135	116	117	104	92	64	51	29	41	112	25	61	91	20	97	18	99	22	20	117	26	121	29	91	23
ZALAVAR	2	M	182	178	101	135	143	124	124	113	95	67	49	31	39	117	23	61	86	23	96	16	96	20	21	114	25	112	28	90	28
ZALAVAR	2	M	178	174	100	133	137	116	122	111	98	61	49	30	42	117	27	62	98	24	97	14	100	19	20	109	27	113	25	90	26
ZALAVAR	2	M	187	184	109	141	136	113	120	110	102	67	50	33	39	119	26	64	95	20	102	21	100	24	27	113	22	112	24	98	27
ZALAVAR	2	M	185	182	104	138	138	110	121	109	98	68	53	32	41	115	25	63	93	28	100	22	97	22	25	112	27	114	24	95	31
ZALAVAR	2	M	181	176	93	132	143	120	120	107	98	68	48	31	40	114	24	64	96	24	100	14	100	24	24	108	26	123	28	95	31
ZALAVAR	2	M	171	169	98	132	140	117	121	109	89	63	48	30	39	114	26	65	94	25	96	20	97	22	25	110	24	109	24	89	24
ZALAVAR	2	M	189	186	93	133	147	113	129	113	88	68	53	35	39	114	25	61	93	23	98	20	95	21	20	119	27	117	25	99	32
ZALAVAR	2	M	191	188	103	139	139	114	126	112	98	63	48	31	39	117	27	67	93	24	101	20	100	26	24	115	28	119	27	96	35
ZALAVAR	2	M	185	183	98	139	139	123	119	107	89	64	46	31	39	108	23	63	86	22	94	20	94	24	20	109	26	116	26	105	33
ZALAVAR	2	M	179	177	100	133	145	124	126	109	95	72	55	34	41	117	24	62	100	24	103	18	102	24	28	114	29	108	24	95	29
ZALAVAR	2	M	193	191	106	141	146	126	128	114	102	74	56	36	40	115	25	62	93	29	97	21	96	22	22	110	27	127	28	104	30
ZALAVAR	2	M	179	177	102	137	145	122	128	112	99	69	50	32	39	117	24	62	94	22	96	17	95	20	23	113	27	118	27	96	24
ZALAVAR	2	M	180	176	99	139	148	121	130	107	94	67	50	32	42	121	26	62	104	24	102	19	102	21	25	112	24	114	26	105	29
ZALAVAR	2	M	188	182	99	133	142	118	127	117	98	65	47	30	39	112	25	66	89	14	96	16	95	20	22	114	31	111	21	98	33
ZALAVAR	2	M	194	190	102	124	135	116	124	113	103	69	52	33	40	118	24	62	96	24	97	16	97	21	25	110	27	117	26	100	31
ZALAVAR	2	M	188	186	107	138	142	120	124	112	100	77	56	35	41	120	26	70	91	25	105	21	104	23	26	109	21	116	26	95	27
ZALAVAR	2	M	178	177	97	123	146	115	128	114	97	74	57	33	40	115	26	63	98	24	100	21	99	25	27	108	28	111	26	90	26
ZALAVAR	2	M	182	179	98	128	143	124	128	112	94	65	51	33	38	115	24	63	96	20	98	18	96	22	22	104	25	114	28	89	31
ZALAVAR	2	F	185	183	98	135	146	120	125	122	89	65	50	34	40	111	22	56	87	21	97	17	96	18	23	111	26	116	22	102	31
ZALAVAR	2	F	171	170	97	129	136	112	116	110	88	56	43	32	38	104	23	58	87	20	90	12	92	19	17	104	26	100	18	103	32
ZALAVAR	2	F	179	176	95	140	143	120	123	111	83	62	51	36	40	112	25	61	93	22	97	15	97	21	22	115	29	118	26	98	29
ZALAVAR	2	F	172	171	98	128	135	111	119	108	93	62	50	33	40	107	25	58	90	23	95	15	94	16	20	102	27	110	26	96	26
ZALAVAR	2	F	178	176	95	123	144	119	130	109	89	60	52	32	39	113	26	60	87	19	93	14	95	18	22	107	26	110	26	92	27
ZALAVAR	2	F	174	174	96	124	141	117	120	102	92	63	51	31	38	113	25	61	92	23	95	18	96	22	21	111	26	107	24	89	29
ZALAVAR	2	F	174	172	92	127	135	117	117	105	94	67	49	34	40	110	24	60	86	24	96	13	97	20	18	108	27	106	23	96	31
ZALAVAR	2	F	187	184	96	135	141	124	123	112	92	69	50	34	39	114	26	64	89	21	96	16	97	23	20	115	29	127	31	92	29
ZALAVAR	2	F	178	176	97	127	131	113	113	100	94	65	47	32	37	107	25	63	90	21	95	18	95	21	20	103	23	114	23	96	29
ZALAVAR	2	F	179	174	96	137	136	116	118	115	91	62	46	35	38	109	24	59	91	20	96	15	94	20	21	107	25	119	24	91	28
ZALAVAR	2	F	178	175	98	121	142	115	123	114	99	62	50	31	42	112	26	62	91	22	97	14	100	18	19	105	24	104	22	93	31
ZALAVAR	2	F	183	183	103	135	136	111	120	102	94	61	48	31	40	116	25	60	93	20	101	20	101	23	22	115	28	113	21	102	35
ZALAVAR	2	F	176	174	97	121	135	110	116	108	90	61	46	32	38	109	24	59	85	20	93	17	93	21	21	101	23	106	20	99	32
ZALAVAR	2	F	172	169	92	125	134	112	117	109	88	61	48	31	36	107	26	59	92	22	90	16	91	20	23	106	26	109	23	87	28
ZALAVAR	2	F	177	175	103	141	138	116	118	106	95	67	51	31	37	108	25	66	91	20	94	16	94	21	21	108	27	114	25	99	27
ZALAVAR	2	F	174	171	97	134	137	118	111	101	97	62	46	30	38	107	24	58	90	24	94	14	94	20	19	106	28	112	22	97	29
ZALAVAR	2	F	179	176	92	129	137	113	122	106	86	67	47	31	39	111	23	62	95	22	98	17	99	23	24	109	25	110	20	93	33
ZALAVAR	2	F	174	173	90	126	133	119	110	103	83	63	51	33	34	99	23	55	82	20	88	16	88	22	18	111	32	114	25	92	25
ZALAVAR	2	F	174	172	95	126	133	118	111	97	95	66	48	30	37	105	24	62	91	24	89	17	90	23	24	110	28	105	25	92	27
ZALAVAR	2	F	176	174	91	124	138	119	117	105	85	63	49	33	37	111	25	58	90	20	93	15	94	21	21	110	30	108	23	95	30
ZALAVAR	2	F	180	177	100	135	136	119	121	111	104	68	51	33	41	110	23	65	93	19	96	15	97	17	24	114	28	109	23	96	30
ZALAVAR	2	F	172	169	95	132	140	116	123	110	85	65	50	34	38	110	24	60	93	17	97	16	98	25	24	108	28	112	25	91	28
ZALAVAR	2	F	167	165	93	129	128	108	120	108	85	63	50	34	37	106	24	58	86	21	89	14	89	16	21	100	22	106	22	93	25
ZALAVAR	2	F	168	166	92	125	138	110	117	102	88	57	46	30	39	108	25	61	92	22	95	18	95	22	22	109	25	104	22	91	25
ZALAVAR	2	F	179	178	100	129	135	115	116	109	85	68	54	34	40	109	25	58	88	23	99	20	97	23	21	108	26	105	22	93	29
ZALAVAR	2	F	178	178	98	134	142	117	123	111	91	66	51	34	41	110	23	58	94	23	94	20	93	18	20	114	29	119	28	88	25
ZALAVAR	2	F	176	173	99	125	139	117	120	109	101	66	50	35	39	109	23	59	84	22	94	18	93	18	21	103	28	103	23	97	29
ZALAVAR	2	F	168	166	92	127	133	117	115	105	87	58	47	32	37	107	25	60	93	19	96	14	96	26	18	98	25	113	25	94	29
ZALAVAR	2	F	167	167	93	125	133	116	114	106	87	60	46	30	38	107	27	57	86	21	92	15	94	18	19	102	27	105	25	95	25
ZALAVAR	2	F	173	171	97	124	135	116	120	108	94	65	50	32	36	111	27	59	88	22	92	14	93	22	23	104	25	109	21	92	28
ZALAVAR	2	F	181	180	93	123	148	127	122	120	93	65	51	33	40	113	26	66	91	24	98	18	97	21	21	110	27	114	26	95	31
ZALAVAR	2	F	191	190	102	133	140	119	123	111	99	67	50	34	38	118	26	69	95	24	101	22	100	25	24	111	28	115	21	102	35
ZALAVAR	2	F	176	175	95	131	136	114	118	113	87	63	48	33	41	112	25	59	92	23	96	18	96	19	22	102	23	114	26	97	32
ZALAVAR	2	F	178	176	93	121	138	116	120	112	86	62	50	33	37	110	22	59	88	18	92	14	93	20	22	105	25	108	25	93	28
ZALAVAR	2	F	166	164	97	126	127	105	113	111	101	54	42	30	40	109	30	66	91	21	95	18	96	20	19	102	22	104	21	92	24
ZALAVAR	2	F	182	181	99	130	134	115	114	111	97	68	49	31	39	106	25	59	90	26	93	21	92	19	21	108	23	118	25	96	29
ZALAVAR	2	F	165	164	92	128	131	113	116	97	87	57	45	30	36	107	22	59	85	20	89	14	89	19	20	107	29	108	22	85	23
ZALAVAR	2	F	186	184	100	124	142	112	117	103	103	68	49	29	40	114	27	64	95	27	96	17	100	24	25	109	26	116	26	94	31
ZALAVAR	2	F	172	169	94	128	131	112	115	106	88	60	43	29	40	107	22	54	85	18	93	17	96	21	19	104	28	114	27	93	28
ZALAVAR	2	F	185	183	98	134	137	115	126	110	94	64	49	30	37	111	25	65	95	22	95	14	94	22	24	115	26	116	26	97	32
ZALAVAR	2	F	178	177	98	133	140	118	119	109	91	62	46	31	39	113	25	64	95	22	97	17	98	21	23	114	32	112	22	101	28
ZALAVAR	2	F	179	176	102	131	140	123	115	110	104	63	47	32	42	114	26	63	96	24	102	20	103	23	20	108	28	108	21	91	27
ZALAVAR	2	F	172	170	101	120	135	114	120	106	96	61	47	30	38	107	22	59	91	22	93	16	94	21	23	103	25	102	24	88	27
ZALAVAR	2	F	174	171	93	131	139	118	121	104	86	60	47	31	40	107	24	63	86	22	94	15	94	17	20	108	28	106	22	90	29
ZALAVAR	2	F	187	185	109	129	132	113	121	103	110	69	51	34	40	111	27	67	90	26	100	22	101	23	18	106	26	117	26	91	26
BERG	3	M	176	174	99	129	141	123	130	112	92	72	53	33	40	119	26	64	93	21	103	20	101	24	24	109	25	111	26	89	24
BERG	3	M	173	171	90	125	154	133	130	115	83	65	52	34	39	115	25	67	89	20	99	19	96	20	23	114	29	110	27	91	29
BERG	3	M	176	172	97	130	148	123	135	112	94	75	55	35	43	122	27	68	93	21	107	19	104	25	24	110	25	112	24	91	28
BERG	3	M	185	182	100	132	148	130	130	117	93	70	52	34	39	117	27	66	94	20	99	18	97	21	26	116	25	111	24	98	32
BERG	3	M	170	166	92	129	143	127	115	110	88	61	48	32	40	109	23	56	87	21	96	16	94	18	21	111	30	113	30	86	23
BERG	3	M	180	175	100	127	153	131	129	118	94	72	56	35	40	122	27	66	96	23	100	20	97	21	25	114	29	106	22	86	26
BERG	3	M	186	185	105	128	143	121	126	114	107	66	49	32	37	112	26	63	93	24	100	22	100	32	21	109	28	107	21	102	32
BERG	3	M	182	180	94	119	149	123	130	116	96	64	50	33	41	119	28	67	96	24	99	18	100	21	25	109	25	105	20	102	33
BERG	3	M	196	194	104	130	152	124	132	117	105	63	47	33	42	119	29	62	94	26	102	20	101	24	22	111	24	118	24	98	33
BERG	3	M	174	170	95	134	145	132	123	113	91	72	53	33	41	115	24	64	95	24	99	20	98	20	24	116	30	103	21	90	26
BERG	3	M	174	172	103	129	154	129	140	117	102	67	51	34	42	124	26	67	99	27	102	19	101	23	22	100	23	106	24	96	27
BERG	3	M	193	189	98	131	161	123	139	117	91	67	48	33	38	119	23	64	94	19	101	15	100	27	23	105	24	108	18	98	38
BERG	3	M	178	174	99	135	156	131	129	119	96	68	52	34	42	124	27	65	96	22	104	17	105	26	26	108	29	115	26	93	30
BERG	3	M	184	182	97	129	158	131	130	115	95	65	49	33	40	113	22	63	89	25	95	19	95	21	19	113	29	111	24	96	31
BERG	3	M	195	192	106	124	158	128	133	127	108	68	54	33	42	124	31	72	104	24	107	24	104	26	24	122	29	112	24	95	34
BERG	3	M	181	178	101	127	141	113	129	118	102	69	52	34	40	113	25	63	87	26	97	20	97	20	23	106	21	110	25	94	27
BERG	3	M	185	182	101	133	145	119	127	112	98	63	50	35	42	119	24	60	91	23	99	18	99	20	24	114	28	108	24	101	30
BERG	3	M	198	197	105	133	140	123	126	113	96	72	56	31	42	119	26	68	96	23	102	19	101	23	26	115	27	120	26	99	29
BERG	3	M	179	179	99	130	145	124	123	110	90	70	54	34	41	118	27	64	100	25	101	22	100	25	26	116	29	109	22	94	30
BERG	3	M	178	177	105	135	147	126	131	114	98	71	51	33	40	123	25	66	102	24	100	15	101	23	23	103	24	119	29	91	27
BERG	3	M	171	168	98	138	145	125	125	105	89	66	50	29	38	113	24	59	94	22	97	19	95	25	22	111	30	112	25	91	26
BERG	3	M	178	174	97	120	153	122	139	114	94	70	56	34	40	123	26	70	96	22	104	21	102	26	26	109	28	99	19	83	30
BERG	3	M	174	171	90	125	146	119	124	112	81	65	53	35	39	112	24	64	88	20	94	16	93	20	23	115	27	104	23	89	28
BERG	3	M	181	178	98	129	156	132	133	117	92	70	53	36	39	119	24	63	90	23	94	14	96	23	19	113	30	104	22	95	31
BERG	3	M	179	174	102	132	148	129	128	119	100	63	49	33	41	114	25	65	93	23	99	18	97	24	25	112	28	100	17	105	32
BERG	3	M	174	171	102	137	150	133	130	113	90	70	53	38	41	121	27	64	96	18	103	16	102	24	24	110	28	111	22	92	23
BERG	3	M	180	176	93	127	145	119	123	118	94	56	44	31	40	115	26	61	89	20	98	12	98	20	19	113	33	115	25	96	26
BERG	3	M	174	172	102	138	152	135	131	110	93	68	54	35	41	118	25	60	88	21	99	17	98	23	22	114	33	102	25	97	22
BERG	3	M	179	175	98	133	151	125	131	118	97	65	49	34	41	120	26	67	95	17	103	17	102	23	23	109	25	111	23	95	27
BERG	3	M	194	191	101	132	144	121	125	114	96	75	58	36	43	114	26	65	88	24	97	19	98	21	26	119	27	113	24	102	29
BERG	3	M	177	173	102	137	150	128	130	112	89	79	56	39	41	121	22	65	95	20	105	18	104	25	24	111	27	113	28	93	27
BERG	3	M	181	178	98	127	151	127	131	119	95	69	52	36	40	118	27	68	95	23	103	21	102	25	24	112	28	109	21	91	30
BERG	3	M	188	183	107	132	154	129	130	119	100	67	50	33	41	118	24	64	92	21	106	21	103	25	25	114	27	109	24	98	29
BERG	3	M	176	172	92	123	140	121	125	111	90	66	51	33	38	114	27	64	90	18	97	14	97	24	20	109	30	109	22	90	26
BERG	3	M	180	175	95	132	149	118	124	113	100	64	47	31	39	116	26	64	100	28	98	17	101	24	23	114	24	112	24	92	27
BERG	3	M	180	178	98	130	137	119	126	111	90	72	54	35	39	120	26	65	94	20	99	16	98	20	27	106	22	109	24	97	28
BERG	3	M	171	170	92	126	146	134	116	104	94	70	52	34	39	118	30	62	95	26	99	17	99	24	23	108	25	112	29	91	28
BERG	3	M	184	181	110	136	152	129	140	116	108	72	55	33	41	124	29	71	100	23	104	19	104	25	27	110	25	118	28	91	24
BERG	3	M	193	190	104	129	143	127	123	114	93	74	55	35	40	116	23	64	97	26	100	21	99	23	23	107	25	111	22	94	31
BERG	3	M	187	185	100	131	147	121	130	112	90	70	57	36	40	121	24	65	95	23	97	19	96	22	26	113	27	112	24	98	30
BERG	3	M	191	188	96	131	147	120	121	108	87	69	52	32	39	114	24	58	89	25	97	21	95	23	24	117	31	118	27	87	35
BERG	3	M	167	164	97	125	140	116	122	106	92	63	49	32	38	111	24	60	93	24	94	16	93	22	19	106	26	109	25	79	21
BERG	3	M	180	177	91	129	147	122	126	119	89	69	52	35	41	117	26	64	95	29	100	16	101	23	23	112	28	116	23	95	36
BERG	3	M	172	169	91	127	146	119	125	109	87	64	50	36	41	114	23	61	89	21	97	19	96	23	20	108	28	110	24	86	27
BERG	3	M	183	179	94	127	149	123	128	112	90	60	46	32	38	118	27	63	100	23	99	17	96	24	17	110	29	119	29	99	30
BERG	3	M	172	169	100	133	154	130	129	119	91	68	49	32	40	115	25	64	95	20	101	18	99	24	25	106	25	106	28	97	26
BERG	3	M	179	176	103	131	133	119	120	109	90	72	56	36	44	116	25	61	92	21	101	21	102	21	24	111	27	105	24	88	28
BERG	3	M	182	179	97	130	142	115	120	114	93	68	52	34	39	110	24	59	91	26	92	17	93	19	22	109	22	110	22	99	30
BERG	3	M	174	172	100	126	143	126	129	109	93	65	53	37	40	118	27	65	94	24	100	15	100	22	24	107	26	103	21	94	25
BERG	3	M	175	171	97	132	145	128	116	107	91	70	54	33	38	112	24	60	92	24	96	20	94	22	25	114	28	110	23	89	30
BERG	3	M	183	180	97	132	145	125	126	110	86	70	53	32	40	119	29	64	87	18	101	19	100	27	20	112	28	113	26	97	27
BERG	3	M	168	164	94	132	146	120	125	106	87	61	48	33	38	113	22	57	81	23	95	17	92	19	17	106	27	105	23	89	27
BERG	3	M	188	183	102	130	150	122	122	115	99	67	51	31	40	113	25	61	87	26	102	21	99	24	22	114	27	111	27	97	30
BERG	3	M	189	184	96	130	144	118	127	112	92	65	50	35	40	115	23	64	95	19	100	16	99	22	20	115	30	108	20	97	29
BERG	3	M	174	172	96	135	144	125	128	112	96	72	51	33	40	116	24	63	91	24	96	17	96	20	26	110	26	110	26	101	28
BERG	3	M	177	175	101	141	151	124	126	118	93	68	50	33	40	119	25	68	95	24	98	20	97	20	26	112	25	113	29	100	24
BERG	3	F	171	170	98	129	143	120	122	109	89	63	49	32	38	110	28	66	86	19	97	18	97	24	19	108	25	105	24	97	25
BERG	3	F	178	174	96	126	152	127	129	119	96	71	55	35	41	117	24	59	94	24	101	16	101	22	25	111	30	104	21	90	35
BERG	3	F	165	164	87	121	138	119	123	103	82	72	56	33	38	107	25	58	89	21	91	17	92	24	25	105	32	103	21	88	28
BERG	3	F	169	164	95	125	148	128	129	106	100	60	44	31	38	116	28	58	92	26	100	18	100	28	20	102	28	107	28	86	26
BERG	3	F	176	174	98	126	136	114	122	108	95	69	51	37	39	113	25	63	92	24	95	19	95	22	20	100	25	111	29	89	25
BERG	3	F	174	173	84	121	139	122	122	104	82	67	50	36	39	116	26	61	92	23	97	21	97	25	22	110	30	113	24	86	30
BERG	3	F	175	172	97	129	142	131	121	108	96	66	50	33	39	112	24	65	87	26	98	16	97	22	22	103	25	118	26	90	29
BERG	3	F	179	178	95	120	139	120	118	104	95	67	53	34	39	108	27	63	85	23	95	16	96	23	19	105	29	107	22	93	29
BERG	3	F	173	170	92	130	146	122	128	118	90	62	45	32	38	114	25	66	92	21	98	18	98	24	24	108	26	108	21	94	36
BERG	3	F	166	166	89	121	140	116	115	112	87	64	48	32	39	106	23	57	90	24	95	19	93	22	20	105	24	102	21	93	30
BERG	3	F	177	176	94	133	136	125	115	108	86	62	47	30	38	113	25	62	87	30	98	19	97	27	20	105	28	118	29	98	29
BERG	3	F	166	165	91	124	137	117	117	107	84	62	49	32	37	110	23	59	88	20	93	15	93	23	19	107	27	99	23	93	26
BERG	3	F	161	159	95	123	142	123	126	107	98	55	43	28	38	116	28	65	90	20	97	16	99	26	21	100	20	99	25	93	25
BERG	3	F	155	153	88	122	136	115	118	98	95	58	45	29	38	112	25	61	92	23	94	14	94	20	17	103	28	100	23	84	20
BERG	3	F	170	166	92	120	143	122	120	112	95	67	52	33	40	117	28	65	97	26	98	16	100	23	20	106	27	103	22	85	23
BERG	3	F	167	166	93	128	143	124	129	108	91	60	49	33	39	113	26	60	98	20	95	14	96	19	24	110	29	106	24	90	28
BERG	3	F	180	180	95	120	131	113	110	102	88	69	52	36	39	106	24	60	85	23	91	20	92	20	22	110	27	109	23	87	32
BERG	3	F	166	163	92	126	142	122	123	109	93	60	45	32	38	114	26	63	92	22	95	17	98	23	20	100	25	112	29	92	25
BERG	3	F	176	171	98	134	138	116	118	112	92	63	48	31	38	112	23	62	91	17	95	14	96	23	23	111	26	107	23	90	27
BERG	3	F	177	174	89	124	132	112	117	108	91	65	48	34	36	109	24	62	88	22	92	17	92	21	22	109	24	106	24	94	32
BERG	3	F	176	173	92	115	147	122	128	116	87	64	50	36	41	116	26	62	92	20	100	18	100	24	21	108	26	108	23	93	29
BERG	3	F	164	161	93	119	137	110	115	105	92	59	44	31	38	112	26	59	93	25	93	17	95	22	22	100	20	102	24	86	25
BERG	3	F	174	172	90	122	142	117	115	107	84	61	47	32	37	104	24	58	80	19	89	16	89	20	19	105	28	111	26	95	29
BERG	3	F	165	164	97	132	141	115	122	104	84	63	51	34	39	114	26	58	85	20	95	22	94	19	22	103	23	107	26	97	27
BERG	3	F	180	180	96	117	148	121	121	112	94	66	50	33	40	112	26	65	88	18	97	18	98	20	20	113	28	104	22	94	33
BERG	3	F	175	174	97	129	141	122	119	110	90	66	51	34	37	109	23	56	90	23	94	15	95	22	18	110	26	106	22	91	30
BERG	3	F	163	161	91	118	143	120	122	112	91	62	47	34	37	112	26	61	96	20	94	15	94	22	21	105	28	96	24	85	25
BERG	3	F	175	173	89	115	135	113	117	103	85	65	50	34	39	109	24	59	87	20	94	17	93	20	21	106	27	111	27	80	29
BERG	3	F	168	167	94	119	137	121	122	108	88	68	53	32	39	115	30	57	92	21	99	19	97	24	22	109	26	95	18	90	26
BERG	3	F	181	178	99	119	141	119	122	112	97	67	47	33	38	113	25	62	90	24	96	19	97	26	24	107	27	101	18	91	33
BERG	3	F	173	171	94	132	138	110	120	109	86	60	49	31	38	107	24	65	89	23	91	16	93	20	22	103	24	116	27	99	31
BERG	3	F	157	153	86	122	141	115	118	104	82	52	42	29	39	107	25	58	85	18	93	15	93	20	17	100	25	99	22	89	26
BERG	3	F	165	165	93	127	140	116	116	105	84	69	51	35	39	109	25	56	92	25	92	19	94	21	21	109	29	100	18	91	26
BERG	3	F	179	176	92	120	144	119	124	123	92	61	45	35	39	114	23	58	84	20	97	15	96	21	18	108	29	114	24	90	28
BERG	3	F	158	157	92	122	140	118	121	98	95	66	48	35	38	112	23	58	86	24	97	15	95	20	20	105	25	99	25	87	23
BERG	3	F	172	170	90	123	151	126	124	112	83	59	48	34	39	109	23	63	91	19	96	17	95	20	21	113	30	101	20	97	28
BERG	3	F	162	161	88	121	141	123	120	105	82	58	48	32	39	110	25	61	87	20	92	12	94	21	23	106	30	101	24	90	27
BERG	3	F	166	165	90	127	142	122	117	110	98	63	44	32	37	108	27	62	94	24	98	16	95	23	21	108	29	104	22	94	27
BERG	3	F	169	167	94	133	146	124	119	111	86	65	48	32	37	109	22	61	89	19	92	13	94	22	21	104	24	108	22	102	28
BERG	3	F	179	177	86	123	139	122	124	105	89	64	47	32	39	112	26	63	92	22	96	14	95	22	21	111	31	102	19	103	39
BERG	3	F	176	175	98	127	139	119	116	107	91	64	47	32	37	110	25	62	82	18	95	17	95	25	21	113	28	108	25	89	26
BERG	3	F	164	163	90	127	137	114	114	106	84	62	46	30	36	107	23	55	87	21	89	14	91	20	20	107	23	102	25	90	27
BERG	3	F	170	168	87	125	133	111	115	104	82	68	51	34	37	103	23	60	87	24	91	15	90	20	20	98	24	111	26	95	32
BERG	3	F	178	176	97	128	139	118	122	116	92	62	51	34	40	111	23	59	90	24	96	15	97	20	20	110	29	99	19	97	30
BERG	3	F	162	159	90	124	143	118	124	106	85	62	49	35	38	114	23	57	87	18	95	16	94	20	23	103	27	104	27	91	24
BERG	3	F	167	165	98	122	137	115	116	99	96	66	48	33	39	105	26	58	90	27	93	23	92	22	20	96	22	104	24	87	26
BERG	3	F	168	166	93	127	140	115	123	112	92	63	46	32	39	114	24	60	96	22	97	17	97	23	23	106	22	105	25	93	26
BERG	3	F	171	168	90	123	137	113	116	106	83	60	46	33	38	108	23	60	87	17	94	14	94	19	24	106	28	100	19	95	29
BERG	3	F	172	171	95	127	138	117	118	110	95	64	46	33	38	112	22	57	88	23	92	15	92	20	19	108	27	95	17	103	31
BERG	3	F	175	174	100	129	132	114	117	106	98	71	50	31	37	110	26	60	96	25	94	20	94	24	27	106	27	108	24	88	25
BERG	3	F	170	168	93	123	149	122	127	111	91	65	45	32	42	114	25	65	94	27	99	20	99	22	21	108	26	109	26	84	24
BERG	3	F	178	175	97	135	143	120	126	113	90	61	46	32	38	118	25	66	88	18	99	18	98	25	20	110	25	113	23	94	28
BERG	3	F	165	162	96	123	135	114	115	105	92	57	46	32	37	106	25	56	84	20	93	17	93	20	21	108	27	96	21	84	22
EGYPT	22	M	185	180	101	134	136	109	116	107	92	62	48	31	37	104	23	56	90	23	90	16	92	21	24	111	27	107	22	94	30
EGYPT	22	M	201	199	103	144	152	122	124	110	96	77	56	33	42	116	24	65	94	25	101	21	101	23	23	128	32	126	27	103	31
EGYPT	22	M	182	180	100	136	139	121	117	108	94	65	46	35	40	111	22	61	93	24	96	17	95	19	21	111	28	119	28	97	29
EGYPT	22	M	182	180	104	143	141	111	122	112	99	69	54	34	41	118	25	68	100	26	100	18	100	21	23	110	26	114	27	99	29
EGYPT	22	M	189	188	105	136	151	115	119	116	103	68	52	30	38	107	24	62	92	21	94	18	94	22	22	111	24	119	26	102	27
EGYPT	22	M	173	171	105	128	137	115	122	108	100	69	54	35	38	109	25	65	90	25	92	18	92	18	25	101	21	103	23	92	23
EGYPT	22	M	182	181	101	128	134	114	116	105	93	70	55	36	40	113	24	56	90	24	95	20	95	20	21	107	24	109	23	97	28
EGYPT	22	M	178	176	102	137	132	113	120	106	90	68	48	31	39	109	24	60	92	26	95	22	95	22	21	106	22	112	23	99	25
EGYPT	22	M	188	185	104	139	139	115	121	111	99	71	53	32	38	109	22	61	94	25	94	19	93	21	22	116	32	118	26	100	26
EGYPT	22	M	181	179	102	139	142	117	121	114	95	70	52	32	39	114	23	61	91	23	95	17	95	22	22	110	24	109	22	105	26
EGYPT	22	M	201	199	110	141	145	120	122	107	93	71	54	33	42	112	27	66	92	27	98	25	96	21	24	126	30	123	25	98	29
EGYPT	22	M	186	183	103	139	134	106	116	105	103	65	50	30	37	112	26	63	94	24	96	19	92	18	23	113	22	118	29	100	29
EGYPT	22	M	196	193	106	142	146	122	125	118	98	69	52	29	38	116	25	68	103	27	96	17	97	25	20	120	27	124	28	105	30
EGYPT	22	M	184	182	99	137	138	119	118	101	92	67	51	33	38	109	25	65	93	21	95	14	93	18	23	109	25	120	28	96	24
EGYPT	22	M	182	180	101	136	138	115	112	105	94	66	49	32	38	108	25	61	91	24	93	18	91	19	22	114	25	112	26	101	25
EGYPT	22	M	179	176	97	129	140	119	123	109	89	68	54	34	41	114	25	64	94	22	101	20	99	21	19	111	26	115	25	91	24
EGYPT	22	M	191	190	97	133	129	113	107	103	95	65	52	32	38	109	28	64	97	25	92	19	93	19	19	110	25	117	24	113	33
EGYPT	22	M	184	181	99	131	137	110	120	109	94	68	50	33	39	112	24	67	97	24	98	19	96	22	23	116	29	115	25	92	25
EGYPT	22	M	187	186	101	136	140	113	118	101	96	68	52	32	39	110	25	63	96	23	96	17	96	22	21	113	25	110	23	97	26
EGYPT	22	M	197	191	109	145	140	115	124	115	98	67	51	33	42	116	29	68	98	21	103	24	101	23	22	120	30	128	29	101	24
EGYPT	22	M	188	185	101	132	142	114	115	106	102	64	49	30	43	117	25	63	92	26	98	20	101	19	22	114	25	114	24	102	27
EGYPT	22	M	189	188	100	131	138	118	120	104	92	73	56	39	42	114	24	64	88	28	103	20	100	22	22	109	26	116	20	101	26
EGYPT	22	M	190	189	101	134	142	117	116	104	95	71	50	34	41	110	25	62	95	23	96	20	96	19	22	124	33	121	30	92	27
EGYPT	22	M	176	173	98	130	139	118	120	103	97	64	49	35	39	112	22	66	100	23	97	15	98	21	24	103	26	108	27	96	27
EGYPT	22	M	193	190	104	135	135	116	116	116	102	67	50	33	39	113	24	65	100	26	100	21	97	22	25	110	23	124	28	97	32
EGYPT	22	M	185	183	104	134	139	116	120	105	102	70	52	32	42	115	24	60	94	27	98	19	98	20	27	113	25	113	23	96	26
EGYPT	22	M	179	178	107	129	135	112	118	102	100	74	55	35	41	114	25	60	91	24	98	22	96	22	24	112	23	102	22	92	24
EGYPT	22	M	184	182	105	144	134	111	115	107	95	73	56	33	41	114	25	64	96	23	98	18	98	20	25	114	21	111	26	104	22
EGYPT	22	M	174	172	94	125	131	107	116	98	94	71	54	30	35	110	25	63	89	23	92	17	91	22	26	109	28	106	22	93	25
EGYPT	22	M	180	178	98	130	137	114	111	102	93	70	52	35	39	109	22	60	84	20	96	20	94	23	23	107	21	120	27	92	23
EGYPT	22	M	186	185	105	134	135	115	119	107	101	69	54	33	37	109	24	63	92	20	94	17	94	20	21	111	28	116	25	100	30
EGYPT	22	M	188	185	98	129	144	121	114	107	92	72	51	35	40	113	23	64	87	22	98	20	97	20	21	116	23	117	27	97	27
EGYPT	22	M	190	188	99	138	141	111	126	104	97	65	49	34	38	114	25	65	100	24	93	15	94	19	23	111	25	120	28	99	29
EGYPT	22	M	188	186	100	131	138	116	118	104	97	73	56	31	38	109	27	61	102	32	95	19	94	22	28	114	24	111	24	99	29
EGYPT	22	M	183	180	100	132	139	108	118	111	97	68	55	35	41	110	25	64	95	24	96	22	98	20	20	111	22	109	23	99	27
EGYPT	22	M	181	179	102	129	132	108	116	106	98	67	50	34	40	111	23	68	89	26	96	19	96	19	21	108	27	116	28	91	25
EGYPT	22	M	191	190	97	135	147	122	120	109	95	67	52	35	41	114	26	62	97	28	94	16	97	20	22	118	26	119	23	97	27
EGYPT	22	M	180	177	101	127	138	114	120	111	99	65	50	32	38	109	28	63	96	24	95	17	95	22	26	108	25	106	24	92	23
EGYPT	22	M	188	186	93	129	139	118	118	113	88	69	55	32	37	110	24	57	94	23	92	16	91	22	26	120	28	118	28	100	30
EGYPT	22	M	192	190	104	132	140	116	125	110	97	65	48	29	41	116	26	61	96	20	101	20	100	24	22	104	19	126	32	99	29
EGYPT	22	M	173	172	96	127	134	108	115	107	98	70	51	30	41	111	26	65	96	29	93	20	96	18	22	103	20	107	25	99	24
EGYPT	22	M	185	184	104	129	135	114	112	105	99	65	50	33	40	113	29	62	99	24	94	17	97	23	22	110	28	114	26	86	26
EGYPT	22	M	185	182	98	133	143	126	124	109	91	67	51	34	37	118	24	64	98	20	94	16	97	24	21	115	28	109	25	98	27
EGYPT	22	M	191	188	108	138	143	123	121	108	102	70	53	33	40	116	25	63	97	22	97	17	98	22	24	114	29	123	29	96	25
EGYPT	22	M	180	178	99	132	142	117	117	110	95	65	48	30	38	108	24	58	98	25	92	17	91	21	22	109	26	122	28	91	25
EGYPT	22	M	196	194	107	133	148	119	124	109	100	69	50	35	44	110	24	60	83	26	99	23	97	18	20	110	25	124	21	96	32
EGYPT	22	M	187	186	102	137	143	122	119	105	94	70	54	35	40	113	22	59	92	24	97	18	98	22	23	111	27	116	26	104	28
EGYPT	22	M	182	181	98	133	140	123	116	102	99	69	52	34	38	112	24	66	90	22	97	17	96	23	22	111	28	120	30	95	28
EGYPT	22	M	192	190	104	133	149	120	122	104	99	68	52	32	41	118	27	66	97	20	100	20	100	22	25	117	30	120	23	95	30
EGYPT	22	M	181	179	99	134	141	112	119	104	94	69	52	33	39	107	22	60	92	28	94	21	93	19	22	108	23	112	24	102	29
EGYPT	22	M	182	181	98	132	138	119	124	110	90	70	50	35	41	116	25	61	93	23	98	18	97	20	20	107	24	110	25	103	25
EGYPT	22	M	187	186	105	142	145	116	124	113	97	68	52	36	39	113	25	60	86	24	95	20	93	19	21	117	27	121	27	94	25
EGYPT	22	M	188	186	105	140	137	120	119	105	101	71	56	36	41	115	27	62	99	28	97	19	99	20	23	110	24	121	27	101	29
EGYPT	22	M	188	186	99	133	144	119	118	113	94	69	51	32	39	112	26	61	90	25	94	21	96	23	22	120	30	121	26	97	24
EGYPT	22	M	188	185	103	131	137	117	123	117	101	69	50	31	39	113	25	71	96	22	97	18	97	24	23	112	24	120	27	96	26
EGYPT	22	M	187	186	102	131	129	110	113	111	98	72	57	34	41	110	28	64	96	31	96	19	95	19	21	108	22	120	26	94	27
EGYPT	22	M	180	180	104	121	135	107	114	106	103	68	52	32	38	106	25	60	90	24	94	20	94	20	23	104	22	107	21	95	27
EGYPT	22	M	181	179	96	125	137	109	112	101	97	60	44	30	38	107	25	62	92	24	93	16	92	18	21	106	25	114	27	92	29
EGYPT	22	F	170	171	92	119	140	112	109	104	88	58	47	30	37	103	23	59	82	21	91	21	91	21	19	109	27	106	23	91	26
EGYPT	22	F	181	180	98	125	140	117	113	99	92	70	53	36	40	111	23	62	91	23	98	19	97	20	22	112	31	109	21	96	28
EGYPT	22	F	182	181	100	130	135	119	111	101	96	66	50	34	37	106	28	62	98	30	94	15	94	26	22	107	26	109	23	101	34
EGYPT	22	F	177	177	96	128	135	113	113	104	87	69	51	35	37	105	23	55	85	24	91	19	93	22	18	108	25	102	19	102	30
EGYPT	22	F	180	180	93	132	140	118	107	100	85	70	49	33	38	102	25	59	88	24	91	16	92	20	17	114	29	117	26	98	28
EGYPT	22	F	173	172	99	129	133	109	112	98	93	63	48	29	36	101	23	56	86	25	89	20	88	22	22	109	27	104	21	94	26
EGYPT	22	F	172	172	95	128	137	115	108	102	88	59	48	33	38	108	24	61	88	23	91	15	92	19	19	107	25	105	25	99	25
EGYPT	22	F	177	176	92	122	132	113	111	103	92	65	49	34	36	100	23	60	84	21	87	15	88	17	17	106	27	114	22	93	23
EGYPT	22	F	172	172	97	127	136	113	118	105	98	70	52	36	42	113	26	65	98	29	96	16	99	22	17	116	30	103	22	90	23
EGYPT	22	F	177	177	97	129	137	113	119	110	92	66	52	33	39	110	24	58	98	30	93	17	94	20	23	109	24	112	25	94	27
EGYPT	22	F	176	178	95	132	141	118	112	108	93	65	46	32	37	107	22	60	94	26	90	17	90	19	21	107	23	116	25	102	25
EGYPT	22	F	175	175	96	132	133	116	109	101	92	61	46	27	35	103	23	59	96	24	89	14	89	20	23	104	26	119	28	97	23
EGYPT	22	F	179	177	101	125	137	113	114	108	91	63	49	33	38	106	22	60	92	23	89	16	90	20	19	108	28	104	19	92	29
EGYPT	22	F	183	182	101	134	133	115	117	104	90	70	52	32	35	105	24	60	93	25	90	19	89	23	22	112	31	114	25	97	28
EGYPT	22	F	178	177	94	128	135	111	113	103	85	60	48	37	40	103	24	54	84	24	89	17	92	19	18	111	29	112	24	93	24
EGYPT	22	F	171	170	90	124	134	104	111	107	82	64	49	36	38	103	23	55	83	20	91	17	90	17	21	109	26	109	24	91	25
EGYPT	22	F	178	177	97	134	132	107	108	104	89	65	50	33	38	103	25	58	85	21	92	19	92	21	20	116	29	114	24	92	26
EGYPT	22	F	172	172	92	129	130	108	112	105	91	60	44	32	37	103	21	61	86	25	90	17	88	17	20	105	26	113	25	95	25
EGYPT	22	F	171	171	93	127	134	101	115	96	92	63	49	31	37	104	26	62	94	22	89	15	91	18	21	104	20	106	22	97	25
EGYPT	22	F	165	166	95	126	129	104	116	102	91	57	47	33	38	104	24	57	88	22	90	16	91	17	18	105	24	104	21	96	20
EGYPT	22	F	172	171	95	128	135	107	104	102	92	59	46	33	39	101	23	59	80	24	86	15	88	15	18	105	26	111	25	94	26
EGYPT	22	F	171	170	94	128	136	109	111	105	94	62	45	32	36	111	25	59	97	23	99	19	98	26	20	105	21	115	28	93	24
EGYPT	22	F	185	184	97	131	141	117	120	107	88	67	50	33	41	112	24	59	91	21	96	19	98	22	21	118	34	112	23	93	32
EGYPT	22	F	175	173	94	121	129	105	109	103	95	61	48	34	38	108	27	62	96	23	92	16	94	20	21	108	28	108	25	86	26
EGYPT	22	F	178	178	101	119	130	104	109	100	95	64	48	32	38	106	24	59	85	22	93	20	93	22	18	102	22	108	21	91	27
EGYPT	22	F	179	178	96	125	138	111	112	105	92	63	51	32	38	107	25	59	90	19	92	17	92	20	22	108	25	116	25	95	28
EGYPT	22	F	177	178	97	126	135	111	110	104	98	65	49	34	37	103	22	56	90	24	90	18	91	21	20	108	24	115	27	91	23
EGYPT	22	F	176	176	92	128	131	110	110	105	88	61	46	31	37	102	22	55	85	21	94	18	90	20	20	108	25	114	28	95	27
EGYPT	22	F	173	173	92	127	131	110	109	101	91	65	49	32	38	107	25	59	91	22	91	16	92	20	22	110	28	107	27	94	26
EGYPT	22	F	176	175	98	131	137	110	115	107	89	65	47	32	37	106	22	62	86	22	91	19	93	21	19	112	26	110	23	91	23
EGYPT	22	F	174	172	93	123	140	118	114	106	87	60	49	34	39	109	22	67	91	21	92	15	94	19	21	110	28	103	19	99	28
EGYPT	22	F	180	179	97	125	128	106	112	98	91	65	49	33	39	105	25	58	88	21	93	18	93	21	21	103	23	114	23	91	31
EGYPT	22	F	178	177	95	128	142	115	120	115	92	62	49	33	39	113	25	61	94	26	99	19	96	22	21	110	27	112	21	95	28
EGYPT	22	F	180	180	96	126	136	112	106	103	91	65	53	31	37	102	26	55	82	20	90	17	90	21	17	106	25	113	26	99	30
EGYPT	22	F	172	171	91	118	134	106	115	98	91	65	48	33	40	108	24	58	87	23	92	17	93	18	17	98	20	106	28	92	29
EGYPT	22	F	176	176	95	128	141	111	122	111	92	66	50	33	39	112	27	66	91	22	95	18	94	19	22	107	22	109	23	100	28
EGYPT	22	F	177	176	100	131	139	111	114	109	87	65	51	35	39	109	24	59	87	21	90	15	92	18	22	105	24	111	26	90	28
EGYPT	22	F	179	179	105	131	144	119	113	116	96	66	51	34	38	111	24	62	93	21	96	19	94	22	20	115	29	104	23	90	27
EGYPT	22	F	176	175	91	126	141	118	110	106	90	63	48	30	36	104	23	62	90	24	91	16	91	22	20	111	27	106	20	100	26
EGYPT	22	F	170	171	97	125	127	105	107	98	91	68	55	35	40	107	24	60	89	25	95	16	96	18	19	108	25	103	21	88	23
EGYPT	22	F	172	173	92	130	136	111	112	99	92	65	50	33	38	105	23	61	87	25	89	17	92	19	17	109	25	116	26	93	25
EGYPT	22	F	186	185	103	130	133	110	113	103	98	64	49	33	39	106	22	61	89	25	93	21	92	17	21	112	28	112	22	100	30
EGYPT	22	F	168	167	94	124	134	109	110	102	97	64	49	34	39	103	26	62	90	26	91	17	92	18	19	106	26	105	21	97	28
EGYPT	22	F	171	169	95	131	129	110	109	107	86	68	50	32	37	102	23	59	85	20	89	16	88	18	19	100	24	118	29	88	23
EGYPT	22	F	177	176	102	123	129	105	112	100	96	64	49	32	37	106	22	63	91	22	92	20	91	20	20	100	22	107	23	96	28
EGYPT	22	F	176	176	95	127	137	111	105	103	92	64	49	35	35	111	23	58	87	21	90	17	90	22	16	110	29	112	23	92	27
EGYPT	22	F	170	168	92	127	132	107	116	114	90	58	43	32	38	104	24	55	80	20	89	16	89	19	14	107	25	117	29	90	22
EGYPT	22	F	172	171	97	134	143	116	114	102	95	67	49	33	36	109	27	63	98	22	88	14	90	20	24	109	27	112	26	95	24
EGYPT	22	F	172	171	95	131	137	113	119	103	85	67	49	32	38	106	23	62	87	20	91	17	91	19	21	115	28	113	26	97	23
EGYPT	22	F	169	169	95	130	140	113	120	113	89	63	49	32	35	107	26	63	94	21	88	14	89	21	23	104	23	110	24	91	26
EGYPT	22	F	176	174	95	129	141	118	115	113	89	57	46	31	36	106	25	58	87	19	91	16	90	20	17	107	28	111	21	101	26
EGYPT	22	F	181	181	99	119	143	113	116	105	94	65	52	35	40	108	25	57	89	24	96	19	97	20	20	105	24	113	21	96	28
EGYPT	22	F	183	182	99	133	133	113	114	107	96	68	50	31	41	109	25	61	97	23	96	20	97	22	20	112	26	121	25	99	29
TEITA	4	M	189	187	98	134	131	110	115	105	102	60	49	31	38	113	27	58	100	25	100	19	98	26	23	108	27	130	26	100	30
TEITA	4	M	178	177	99	118	133	114	109	106	108	66	50	32	39	113	28	66	101	18	94	12	97	22	23	99	25	100	17	95	36
TEITA	4	M	187	185	107	134	124	104	120	106	105	64	49	33	41	121	28	58	96	20	104	20	103	24	23	107	23	116	25	93	31
TEITA	4	M	192	190	111	138	129	112	117	105	111	65	53	33	39	119	31	70	100	23	104	22	102	29	24	111	25	112	20	106	39
TEITA	4	M	191	189	97	129	138	114	121	115	101	69	50	33	39	114	27	64	93	23	95	19	95	22	21	118	29	120	26	92	33
TEITA	4	M	186	185	106	129	129	110	118	97	113	64	51	33	40	124	27	67	102	25	103	20	101	25	24	108	25	118	24	98	28
TEITA	4	M	187	184	103	137	129	112	118	106	98	66	52	32	37	113	29	62	100	23	97	18	94	23	24	105	26	129	31	95	28
TEITA	4	M	190	186	102	129	132	110	118	112	105	65	48	31	41	120	28	66	99	17	101	14	102	23	23	111	25	120	28	92	32
TEITA	4	M	198	195	107	129	137	118	123	111	110	74	58	35	42	123	30	70	103	19	104	18	104	24	27	114	27	117	24	99	36
TEITA	4	M	179	178	106	130	128	105	116	104	105	67	48	29	42	120	32	63	110	23	107	21	107	25	26	106	25	104	20	90	24
TEITA	4	M	180	177	103	129	119	102	113	104	101	62	48	33	42	115	25	60	94	22	98	21	99	19	23	106	24	112	24	89	26
TEITA	4	M	180	179	104	127	128	105	120	108	107	72	52	32	39	120	30	67	98	24	101	18	101	26	24	106	26	111	23	87	27
TEITA	4	M	184	183	110	130	130	108	119	106	104	73	55	35	40	119	26	63	100	21	98	20	98	25	23	113	28	110	20	91	25
TEITA	4	M	182	180	101	136	129	115	118	106	95	63	50	34	38	114	25	58	95	25	95	15	95	23	18	109	30	119	24	93	29
TEITA	4	M	180	178	104	125	129	111	118	100	114	68	48	29	40	121	26	68	98	19	103	16	104	27	25	104	24	112	21	93	25
TEITA	4	M	186	184	104	131	127	110	119	111	97	71	54	33	38	116	26	62	94	19	101	19	98	26	20	106	27	111	21	96	31
TEITA	4	M	182	182	101	123	135	112	118	101	102	70	53	36	39	111	26	61	100	22	96	16	98	23	24	110	25	106	22	94	32
TEITA	4	M	182	180	102	129	126	103	112	104	97	63	52	34	39	114	29	60	93	23	96	19	97	24	19	113	29	108	24	90	28
TEITA	4	M	178	177	100	124	132	111	117	102	97	63	49	32	39	118	29	58	94	25	98	20	100	27	22	106	24	109	22	88	28
TEITA	4	M	183	182	98	128	131	108	118	105	95	65	48	34	40	114	27	59	104	21	97	20	97	23	21	116	31	111	21	91	28
TEITA	4	M	188	186	103	133	129	113	115	106	100	60	43	32	40	112	26	61	100	21	98	20	97	22	18	110	30	107	19	109	36
TEITA	4	M	173	173	98	129	129	118	120	100	99	73	51	34	40	120	28	67	110	23	103	21	103	25	19	109	28	112	22	88	22
TEITA	4	M	186	186	100	132	130	118	120	104	99	62	46	32	41	122	28	61	104	18	103	16	104	25	22	114	29	116	25	95	27
TEITA	4	M	187	185	105	131	138	123	122	109	109	72	48	35	40	125	27	67	108	26	107	20	107	19	27	112	30	121	25	93	26
TEITA	4	M	184	181	102	124	129	109	119	98	101	66	49	34	38	118	30	62	105	25	101	17	101	27	23	104	27	113	26	88	25
TEITA	4	M	178	176	106	127	120	107	111	100	106	65	48	36	42	118	27	63	106	26	105	24	105	27	23	108	28	112	22	85	26
TEITA	4	M	181	180	97	132	129	114	114	100	97	67	52	31	38	116	29	63	98	29	103	19	100	26	19	104	28	118	24	96	25
TEITA	4	M	180	179	101	125	128	114	115	103	95	64	51	35	40	118	28	57	95	19	98	20	97	23	18	108	27	106	21	94	27
TEITA	4	M	184	183	100	131	129	115	119	101	102	65	49	35	40	119	26	60	94	24	99	20	99	23	22	110	27	120	26	91	26
TEITA	4	M	190	188	103	131	137	119	124	111	102	67	50	36	40	118	28	65	106	22	100	20	100	27	26	114	25	119	26	98	30
TEITA	4	M	184	183	100	131	128	117	117	102	107	64	51	34	40	120	30	64	100	20	100	17	103	25	22	112	27	120	23	94	26
TEITA	4	M	178	179	96	115	128	102	112	95	99	62	51	33	37	112	26	59	93	23	97	19	95	23	20	100	23	109	19	96	31
TEITA	4	M	185	185	99	129	134	111	120	106	98	68	51	35	37	108	29	62	88	20	94	17	93	22	19	111	25	123	30	93	27
TEITA	4	F	180	177	103	128	131	111	122	101	101	59	46	36	43	120	31	61	97	22	102	22	105	29	20	104	26	106	24	88	31
TEITA	4	F	173	169	93	127	129	108	115	105	97	54	40	29	39	116	24	60	91	21	95	14	95	21	20	103	25	114	26	93	26
TEITA	4	F	182	182	97	119	133	112	118	108	107	67	49	31	39	117	29	62	101	20	100	14	102	24	21	108	27	112	25	88	26
TEITA	4	F	174	173	92	124	124	112	112	100	89	62	47	35	37	112	26	59	88	22	97	17	97	25	17	106	31	109	19	90	29
TEITA	4	F	185	182	95	134	139	121	117	103	95	61	50	32	34	118	30	61	99	23	96	16	96	29	21	115	33	124	29	95	29
TEITA	4	F	175	175	101	129	132	110	120	104	105	60	47	30	37	114	29	63	97	25	96	12	94	22	18	107	26	109	23	92	23
TEITA	4	F	174	174	97	129	127	101	116	108	100	69	53	32	39	115	29	61	92	24	97	19	98	24	23	103	25	113	27	95	26
TEITA	4	F	163	161	95	128	131	110	115	104	91	55	44	30	40	114	28	65	96	15	102	12	100	23	21	103	23	108	23	82	23
TEITA	4	F	175	173	97	131	123	103	110	99	97	60	44	33	37	112	24	59	89	18	93	16	93	23	22	113	32	115	25	85	22
TEITA	4	F	184	182	98	129	127	107	113	102	100	62	46	33	38	110	28	57	88	18	95	20	95	24	20	107	26	111	23	101	31
TEITA	4	F	181	181	101	129	129	113	115	105	96	64	52	37	39	113	27	62	88	21	97	20	96	22	20	113	28	110	23	96	28
TEITA	4	F	176	175	97	130	129	115	111	101	98	62	48	32	36	110	25	57	91	19	90	15	92	24	20	111	28	113	24	94	27
TEITA	4	F	182	181	100	126	129	111	113	107	99	64	51	32	38	116	29	61	100	20	99	15	101	24	21	109	29	115	25	89	26
TEITA	4	F	171	168	90	126	126	110	118	106	86	62	48	33	36	112	27	59	89	20	93	14	95	23	18	108	30	111	25	89	24
TEITA	4	F	171	171	101	122	127	115	110	98	99	64	51	32	36	116	29	64	94	16	99	18	99	24	23	102	24	106	24	81	24
TEITA	4	F	177	176	97	128	133	112	114	102	96	61	45	32	39	116	30	57	91	16	100	19	98	24	19	106	26	108	23	90	25
TEITA	4	F	177	177	97	128	126	106	113	104	93	63	50	30	41	119	29	59	96	18	96	18	100	27	19	106	27	114	23	94	27
TEITA	4	F	176	174	98	128	131	113	109	97	96	65	49	30	36	110	27	58	99	21	93	15	95	23	20	105	27	119	28	83	25
TEITA	4	F	185	184	100	129	130	113	112	103	97	67	49	32	37	113	27	61	98	26	95	19	96	25	22	110	27	114	27	94	31
TEITA	4	F	175	174	95	127	129	105	112	105	96	57	43	33	38	117	26	57	94	25	95	20	94	24	18	104	25	121	29	86	24
TEITA	4	F	172	171	90	117	122	106	109	99	97	68	47	34	38	112	28	62	92	24	99	16	98	25	20	103	26	111	25	83	23
TEITA	4	F	169	167	92	122	123	102	107	96	95	56	40	33	37	113	25	56	88	18	94	14	95	22	19	101	26	104	19	91	28
TEITA	4	F	177	174	92	125	130	108	114	102	91	60	46	32	39	109	25	59	89	17	95	19	94	21	21	106	26	112	24	92	27
TEITA	4	F	172	171	95	123	126	107	113	98	95	52	42	33	40	111	26	57	91	22	98	20	96	23	17	106	27	104	19	94	31
TEITA	4	F	166	165	95	122	123	102	113	103	91	55	41	31	36	110	26	56	94	16	93	15	96	26	19	93	22	109	23	83	22
TEITA	4	F	172	172	98	124	116	105	105	99	89	61	52	33	38	106	28	59	93	22	95	20	95	24	23	108	28	105	21	82	27
TEITA	4	F	179	177	93	124	133	117	115	106	91	60	48	32	37	117	31	60	101	19	100	19	99	32	20	110	32	108	24	91	27
TEITA	4	F	176	174	97	123	125	108	111	103	96	61	47	34	37	111	27	59	98	20	96	18	96	24	22	104	26	105	23	91	31
TEITA	4	F	177	173	94	111	129	116	118	98	92	58	44	34	37	110	23	57	86	17	91	14	91	20	18	100	29	109	26	86	29
TEITA	4	F	178	178	97	123	122	101	108	100	95	59	47	34	38	109	27	56	85	16	90	18	92	21	18	105	25	109	20	89	29
TEITA	4	F	176	174	98	130	124	103	115	102	99	61	44	33	39	113	27	62	96	18	96	17	98	23	22	108	28	110	23	91	27
TEITA	4	F	172	172	96	124	125	102	112	100	100	72	48	35	39	113	26	61	91	24	95	17	97	21	21	104	26	102	20	87	28
TEITA	4	F	178	178	100	127	123	112	113	101	103	66	48	33	38	113	25	63	97	21	97	19	98	24	21	108	30	115	25	89	24
TEITA	4	F	163	163	90	118	121	100	110	96	94	63	46	34	35	108	27	56	94	20	90	15	92	22	23	98	24	100	23	85	24
TEITA	4	F	168	165	92	123	129	109	110	95	93	57	42	29	38	107	26	57	92	18	93	14	93	20	23	105	29	111	29	82	24
TEITA	4	F	166	166	93	123	125	104	107	100	91	54	45	30	38	108	26	56	90	19	93	14	94	23	19	100	26	107	25	92	26
TEITA	4	F	172	172	97	124	123	106	111	97	98	58	43	30	39	112	27	57	93	24	94	17	95	23	21	107	27	103	26	94	22
TEITA	4	F	179	179	100	127	125	106	113	99	99	63	47	33	40	113	26	59	99	19	96	20	97	22	22	113	29	114	24	90	26
TEITA	4	F	177	177	101	127	127	107	118	100	96	65	52	34	38	117	29	64	103	20	97	17	97	27	21	104	25	113	24	94	29
TEITA	4	F	171	171	100	121	120	106	109	99	105	58	41	33	37	114	31	59	96	21	99	19	100	29	19	101	23	109	25	90	25
TEITA	4	F	169	168	97	123	119	104	110	96	96	54	44	30	38	113	26	57	93	19	93	19	93	25	20	103	27	101	22	86	26
TEITA	4	F	171	170	95	129	129	113	109	101	93	59	46	30	37	110	29	61	94	21	95	20	94	25	20	107	25	112	23	95	25
TEITA	4	F	175	174	99	124	126	101	113	106	99	58	46	32	38	116	29	60	95	19	97	20	97	24	18	104	24	112	24	90	24
TEITA	4	F	176	174	95	129	120	101	108	91	94	61	45	32	35	101	25	54	82	24	85	16	86	23	19	112	33	107	21	90	26
TEITA	4	F	177	177	100	123	122	106	108	99	93	63	50	30	36	116	29	57	91	22	99	20	98	28	21	107	27	104	22	93	24
TEITA	4	F	176	175	96	124	132	117	113	104	98	67	47	36	40	112	26	60	96	17	96	15	97	19	20	113	30	104	16	99	29
TEITA	4	F	180	179	102	129	125	107	114	99	100	57	44	29	39	114	29	58	98	23	99	21	98	25	21	111	29	110	23	93	26
TEITA	4	F	174	173	94	119	125	108	109	97	92	61	46	32	36	109	25	57	89	23	93	18	94	27	18	95	24	112	25	91	27
TEITA	4	F	169	168	94	123	125	107	110	96	97	61	44	33	39	112	26	60	102	24	97	19	98	24	19	102	28	101	25	89	25
TEITA	4	F	173	171	95	124	124	104	111	100	104	61	47	31	38	111	29	62	95	22	93	16	94	23	21	105	24	109	23	88	26
DOGON	5	M	175	173	100	134	140	113	116	101	104	71	50	36	39	116	30	63	96	21	99	17	100	25	25	109	26	112	28	91	22
DOGON	5	M	182	178	100	129	136	117	112	103	96	64	49	32	41	113	30	63	89	18	100	20	100	23	20	115	28	119	28	91	23
DOGON	5	M	169	169	101	128	130	110	119	106	100	65	49	34	41	118	28	65	95	25	100	19	100	24	22	103	22	101	22	87	19
DOGON	5	M	177	174	96	134	144	113	113	110	100	67	48	34	40	116	31	68	97	20	101	11	98	22	20	118	31	99	21	102	32
DOGON	5	M	194	188	102	135	134	117	119	109	107	68	47	31	39	117	28	69	96	25	100	19	99	23	21	117	30	116	22	100	26
DOGON	5	M	172	171	99	130	131	110	113	94	101	69	48	34	38	114	27	63	101	26	100	21	99	28	23	110	25	104	18	87	23
DOGON	5	M	177	176	99	131	130	114	117	99	99	62	47	35	41	119	30	64	95	22	101	17	103	24	20	104	23	108	21	101	31
DOGON	5	M	180	177	97	136	138	110	115	115	95	58	43	34	40	116	27	63	94	18	100	17	99	21	23	110	25	113	22	105	29
DOGON	5	M	180	179	106	152	139	125	117	106	98	66	49	34	40	124	28	65	96	22	107	19	107	27	20	117	32	125	28	95	16
DOGON	5	M	172	170	96	126	142	110	113	104	103	66	46	29	39	115	26	58	99	26	97	18	96	22	22	105	27	111	22	89	23
DOGON	5	M	175	172	100	133	135	108	108	95	106	69	44	32	38	106	26	63	85	27	93	16	93	19	18	108	26	106	27	91	18
DOGON	5	M	174	172	95	132	139	118	109	105	98	64	46	33	39	108	29	62	90	18	96	15	95	22	21	110	29	111	23	92	21
DOGON	5	M	175	171	98	133	130	110	114	100	108	69	48	35	40	118	28	70	103	24	101	13	103	23	24	107	27	107	24	97	24
DOGON	5	M	172	169	98	130	132	114	116	107	104	69	50	34	40	116	27	67	100	21	100	16	100	23	24	108	27	111	21	90	25
DOGON	5	M	176	173	94	131	144	122	113	106	96	63	47	31	36	112	27	67	94	20	95	14	95	26	19	112	32	110	21	97	25
DOGON	5	M	184	184	97	137	138	103	114	103	101	67	46	34	38	109	27	64	98	25	93	17	94	21	20	118	29	118	21	106	24
DOGON	5	M	177	177	102	135	145	116	123	103	102	62	42	34	40	116	29	67	95	22	100	18	99	23	22	112	26	107	20	92	26
DOGON	5	M	175	172	98	139	137	114	113	109	97	62	46	33	37	109	30	60	97	24	94	13	94	21	18	113	31	114	27	95	24
DOGON	5	M	182	180	102	138	142	114	115	107	104	71	48	35	39	114	28	64	93	24	98	19	98	26	21	112	28	118	26	90	25
DOGON	5	M	177	176	96	135	143	120	114	99	92	63	49	35	38	113	28	57	90	19	101	16	99	24	18	112	23	113	23	98	22
DOGON	5	M	179	175	95	132	135	110	115	102	100	56	45	30	38	111	31	62	91	23	94	14	95	20	18	109	25	116	23	94	23
DOGON	5	M	178	176	98	127	137	117	118	98	98	60	49	34	39	115	29	65	99	24	98	17	98	23	18	107	27	120	30	80	19
DOGON	5	M	178	176	96	128	138	115	113	105	97	66	47	31	39	110	26	64	98	20	97	15	99	24	21	110	30	106	19	98	28
DOGON	5	M	189	185	100	129	136	109	122	111	102	62	47	30	41	119	31	66	101	20	102	12	103	25	22	109	28	128	27	91	27
DOGON	5	M	188	186	101	132	142	120	118	102	108	65	49	35	43	123	30	70	96	23	105	17	107	26	24	116	30	113	25	100	26
DOGON	5	M	178	175	100	127	132	112	117	102	104	66	49	34	39	120	28	66	105	21	102	15	100	26	22	109	25	112	22	89	27
DOGON	5	M	175	173	94	133	142	113	115	102	94	65	49	36	38	116	30	68	100	20	97	17	96	23	20	111	23	112	23	95	23
DOGON	5	M	177	174	100	124	128	112	113	101	104	65	49	35	38	110	26	64	91	22	96	16	96	22	21	103	27	105	19	93	25
DOGON	5	M	182	181	95	135	143	117	116	101	95	66	49	36	40	115	26	64	97	20	98	17	98	21	22	115	28	117	25	99	28
DOGON	5	M	181	178	99	130	138	113	112	102	103	69	49	34	41	115	29	64	99	20	101	19	103	24	23	109	26	110	23	95	26
DOGON	5	M	180	178	102	130	138	121	120	103	98	69	52	37	43	120	27	63	96	19	104	16	105	23	21	116	29	116	23	91	22
DOGON	5	M	180	180	96	138	148	126	120	111	100	69	48	35	43	120	27	66	98	16	104	17	105	23	23	117	30	126	28	95	23
DOGON	5	M	187	185	105	134	140	118	123	111	101	66	50	35	40	125	28	68	100	19	104	19	104	27	24	111	25	113	24	96	29
DOGON	5	M	177	176	101	136	135	109	113	98	99	59	44	33	41	117	28	66	95	22	101	20	99	23	21	114	27	111	20	96	19
DOGON	5	M	180	177	105	133	138	122	114	105	101	65	47	37	43	121	29	70	101	19	106	20	106	28	21	104	21	110	22	103	23
DOGON	5	M	176	174	98	129	137	116	117	108	105	70	52	35	41	117	32	63	100	24	101	12	102	24	21	103	26	115	22	93	24
DOGON	5	M	168	170	91	130	136	115	112	107	96	55	41	32	40	118	30	62	97	21	99	13	100	23	21	112	27	108	25	93	19
DOGON	5	M	179	176	98	125	135	112	112	103	101	62	44	34	40	113	25	62	97	19	99	16	99	23	21	104	24	111	20	93	23
DOGON	5	M	179	179	100	129	139	113	118	106	99	65	50	34	39	115	30	60	91	22	97	17	96	21	25	109	24	118	28	96	22
DOGON	5	M	171	168	95	134	141	116	117	99	93	60	48	34	41	115	29	60	90	19	99	16	97	20	19	107	26	113	26	92	21
DOGON	5	M	182	182	100	132	137	110	120	98	99	69	51	37	39	112	27	64	95	25	99	18	98	25	20	110	22	104	23	96	24
DOGON	5	M	177	175	95	133	132	108	105	98	99	62	46	32	39	115	30	65	97	21	98	16	98	23	21	113	29	115	25	94	22
DOGON	5	M	172	170	99	135	140	117	112	100	93	68	50	33	38	114	26	65	92	11	100	15	100	25	23	112	27	111	25	93	21
DOGON	5	M	173	169	96	130	132	111	117	99	102	60	47	31	38	114	31	63	96	19	96	11	97	23	22	109	29	113	23	91	24
DOGON	5	M	173	173	99	131	136	112	114	100	99	66	53	36	39	121	31	68	102	23	101	16	101	24	22	106	24	107	25	95	23
DOGON	5	M	178	177	102	134	139	123	120	103	102	68	54	36	41	120	28	71	99	25	104	17	102	25	19	107	27	113	23	93	19
DOGON	5	F	165	164	92	121	126	106	109	100	92	58	46	30	37	110	30	60	92	17	90	15	92	23	21	100	26	104	19	90	21
DOGON	5	F	161	159	92	129	128	103	107	95	90	52	42	32	37	104	27	56	87	24	91	17	91	21	14	98	24	110	25	91	23
DOGON	5	F	164	162	89	126	128	108	111	99	87	62	46	32	38	109	27	60	95	15	96	14	96	23	20	104	24	112	24	88	23
DOGON	5	F	169	169	97	130	137	101	107	100	99	69	51	32	39	110	29	62	96	29	95	13	98	21	21	98	20	112	28	96	22
DOGON	5	F	164	164	97	132	132	110	112	97	93	63	49	34	39	110	29	58	90	22	96	18	95	21	19	109	24	104	24	92	22
DOGON	5	F	177	174	92	127	136	109	109	103	92	58	47	34	36	108	29	67	97	25	93	15	93	22	21	107	28	121	26	88	27
DOGON	5	F	163	163	96	129	135	111	115	101	97	63	46	33	42	115	26	65	92	21	95	15	98	19	20	106	28	103	23	88	19
DOGON	5	F	167	167	88	124	135	107	108	102	85	61	44	33	36	103	26	59	89	19	88	12	89	19	20	107	27	104	24	95	17
DOGON	5	F	178	178	96	137	136	107	107	102	102	64	48	31	38	117	30	66	105	21	99	17	100	28	24	114	26	119	26	96	20
DOGON	5	F	167	166	97	126	132	106	111	99	95	60	46	30	40	111	29	63	97	21	94	14	96	20	19	104	25	107	23	93	22
DOGON	5	F	174	174	99	130	140	116	113	107	101	72	52	36	39	110	28	66	89	19	97	16	96	24	20	105	25	104	19	106	27
DOGON	5	F	179	178	96	128	135	106	108	102	102	66	46	32	39	105	27	61	90	25	94	17	95	21	20	106	26	113	23	100	29
DOGON	5	F	163	163	88	123	130	105	108	95	89	59	47	34	36	103	25	57	90	21	91	13	89	18	17	98	22	111	24	90	26
DOGON	5	F	178	174	102	130	126	111	107	105	100	67	48	33	39	108	26	59	94	22	94	16	96	21	18	104	26	115	24	91	26
DOGON	5	F	177	176	99	128	139	111	116	106	97	61	46	33	39	109	28	61	92	20	96	18	99	24	21	106	27	106	18	97	27
DOGON	5	F	174	174	95	126	136	115	112	110	94	62	44	34	38	108	25	60	91	18	94	16	95	23	18	103	24	110	20	101	26
DOGON	5	F	168	169	95	122	125	103	105	100	99	60	45	31	37	106	27	60	88	20	94	18	92	23	16	100	23	105	19	95	29
DOGON	5	F	172	170	100	129	138	111	109	101	101	65	49	32	39	108	29	57	92	20	94	16	94	22	20	107	23	108	20	92	26
DOGON	5	F	160	160	93	126	129	107	108	97	99	64	48	33	37	112	26	64	94	21	93	12	95	21	24	100	23	98	21	98	22
DOGON	5	F	178	177	102	133	137	117	112	106	96	63	49	35	40	113	27	62	92	20	101	18	99	23	19	107	29	113	29	98	23
DOGON	5	F	173	171	96	125	135	107	111	107	100	63	46	33	42	113	27	62	92	19	97	13	93	17	19	105	26	105	21	97	26
DOGON	5	F	177	176	97	129	132	119	111	100	98	61	45	33	37	112	28	60	94	21	94	13	95	26	19	104	23	112	20	99	24
DOGON	5	F	163	163	92	129	134	114	110	100	90	66	48	33	36	108	27	64	91	23	91	18	92	23	18	103	26	105	21	91	21
DOGON	5	M	170	171	93	122	138	109	114	99	96	54	42	31	35	109	28	58	94	19	91	15	92	24	21	106	24	105	18	101	27
DOGON	5	F	184	181	98	134	129	103	109	102	102	63	47	34	41	111	31	64	94	21	96	17	98	21	21	109	27	119	20	101	31
DOGON	5	F	160	160	91	124	131	109	107	95	94	56	43	32	36	106	27	59	88	22	89	17	91	22	15	103	25	104	24	91	16
DOGON	5	F	168	165	91	125	135	111	108	98	94	58	46	31	37	108	27	62	92	25	96	16	96	25	17	109	30	108	23	88	22
DOGON	5	F	170	170	91	130	132	111	110	100	89	61	43	34	37	110	28	58	91	21	93	16	95	22	17	109	28	105	19	95	23
DOGON	5	F	183	182	99	133	140	116	115	104	99	63	46	31	37	110	32	70	97	21	94	17	96	25	21	114	29	109	18	105	29
DOGON	5	F	165	166	94	124	130	107	106	107	98	61	47	34	39	111	31	62	94	22	97	16	97	23	19	104	22	103	19	91	21
DOGON	5	F	172	172	96	123	130	111	111	96	103	62	46	33	39	112	28	62	95	23	96	19	95	22	21	104	24	110	24	96	22
DOGON	5	F	176	174	96	135	140	114	109	102	98	65	46	34	36	111	28	61	93	19	98	16	98	28	22	114	30	110	20	94	24
DOGON	5	F	169	170	90	123	134	111	111	95	92	62	47	33	39	109	26	60	97	20	95	16	95	21	22	107	26	101	22	95	25
DOGON	5	F	165	164	86	120	126	109	98	94	88	56	42	33	38	100	26	57	85	16	91	14	94	21	20	103	27	99	22	92	23
DOGON	5	F	166	167	93	127	133	116	110	98	100	59	43	37	39	111	29	57	95	23	99	16	99	23	20	103	25	97	17	103	26
DOGON	5	F	162	162	94	134	132	101	104	101	99	63	45	29	37	106	26	64	93	21	91	13	93	22	22	107	25	106	20	98	22
DOGON	5	F	165	166	99	129	128	104	108	101	97	65	48	35	42	111	28	60	90	22	97	18	97	19	18	103	20	107	22	94	16
DOGON	5	F	174	173	96	127	134	111	113	97	101	65	43	32	38	112	28	62	94	21	94	14	96	22	23	110	26	108	22	93	15
DOGON	5	F	177	176	97	135	130	110	107	101	98	61	47	34	39	110	29	65	96	19	93	12	98	22	23	114	31	114	25	98	23
DOGON	5	F	179	177	93	129	126	109	106	109	97	59	44	34	38	111	27	62	98	20	98	14	96	21	21	105	27	117	24	100	30
DOGON	5	F	168	168	98	131	124	112	111	103	100	64	47	30	40	112	29	69	95	20	99	14	99	22	22	112	26	106	20	90	17
DOGON	5	F	157	156	88	123	125	105	103	89	84	54	43	32	37	104	25	58	89	20	90	14	88	20	19	102	27	108	26	80	16
DOGON	5	F	170	169	97	134	121	101	108	92	101	66	49	33	40	110	28	65	98	23	95	15	96	20	25	107	26	112	27	92	22
DOGON	5	F	174	175	94	130	139	110	110	100	95	60	47	32	38	107	29	60	91	26	93	17	94	23	19	113	28	105	22	100	26
DOGON	5	F	172	171	96	129	135	113	115	101	98	56	44	34	37	112	29	61	101	22	96	17	95	28	20	107	27	104	17	97	27
DOGON	5	F	170	169	95	137	134	116	109	102	96	62	44	34	36	114	27	60	102	17	99	14	99	27	25	110	28	118	26	92	16
DOGON	5	F	168	168	92	123	132	108	106	98	97	60	46	31	36	107	26	54	99	25	87	14	92	23	19	103	25	104	21	94	20
DOGON	5	F	165	162	93	128	132	110	109	97	97	58	42	33	39	112	26	61	92	18	97	15	98	20	19	102	24	108	25	91	18
DOGON	5	F	168	167	95	127	131	108	108	102	93	60	49	34	38	111	27	56	89	20	96	16	96	20	20	106	27	105	22	93	23
DOGON	5	F	164	164	98	132	134	107	112	102	98	60	45	31	37	110	26	62	84	21	93	16	93	21	22	107	22	104	24	94	20
DOGON	5	F	169	167	94	127	131	107	108	99	91	61	47	34	36	108	27	60	87	23	90	17	91	22	20	108	25	106	22	94	25
DOGON	5	F	169	168	92	118	132	105	113	99	99	58	46	29	38	113	29	60	95	17	93	12	96	23	19	102	29	98	18	87	26
DOGON	5	F	171	169	107	131	128	107	120	110	100	65	51	35	39	120	29	62	100	23	97	18	99	25	18	102	24	106	25	79	21
ZULU	6	M	189	187	96	135	137	114	116	108	100	68	48	31	38	119	30	67	102	24	104	22	101	28	27	120	29	125	28	94	28
ZULU	6	M	176	173	102	140	137	116	118	100	100	67	48	33	38	114	26	65	91	20	95	15	94	21	21	108	28	109	20	98	25
ZULU	6	M	182	180	99	132	140	127	112	109	97	66	48	34	44	115	30	71	95	21	105	16	105	24	19	107	30	116	25	102	23
ZULU	6	M	192	190	109	131	135	114	117	110	113	64	47	32	40	118	28	66	93	24	101	17	101	25	22	110	24	117	23	97	30
ZULU	6	M	189	186	100	128	135	115	116	105	103	67	48	36	41	115	28	61	94	25	105	21	102	27	19	113	30	112	23	89	29
ZULU	6	M	191	189	104	140	134	117	119	109	97	66	48	33	42	120	30	62	95	24	102	20	102	23	19	115	28	125	25	96	26
ZULU	6	M	176	174	100	129	129	113	110	98	105	65	47	32	40	119	26	61	93	23	101	20	99	24	21	106	23	109	24	90	24
ZULU	6	M	182	181	99	126	125	112	112	108	105	66	48	36	42	116	29	65	96	26	102	21	101	24	17	109	31	116	23	90	24
ZULU	6	M	190	190	103	138	134	117	113	100	103	74	53	33	40	111	29	61	90	22	98	17	98	22	23	113	28	124	26	103	28
ZULU	6	M	194	192	110	144	139	114	120	108	101	72	51	34	39	118	28	65	98	24	105	20	101	25	21	118	30	120	22	97	33
ZULU	6	M	182	180	99	130	132	111	118	106	105	67	49	31	40	114	30	69	96	27	100	19	96	21	22	102	20	110	21	105	34
ZULU	6	M	186	184	99	127	129	112	114	103	102	65	50	33	40	116	28	65	96	24	101	20	101	24	22	112	30	120	25	86	30
ZULU	6	M	195	193	114	135	139	118	115	115	116	72	48	34	41	115	26	68	93	27	102	19	100	23	23	111	28	120	23	109	36
ZULU	6	M	185	183	97	129	129	111	113	104	100	61	47	33	40	114	30	59	89	26	102	19	100	25	18	110	27	117	25	95	27
ZULU	6	M	180	178	99	132	132	116	116	102	96	68	51	35	38	113	25	63	91	22	101	17	97	23	19	112	28	113	25	96	25
ZULU	6	M	186	183	104	137	137	115	118	107	102	69	50	31	39	118	31	69	108	27	103	20	103	28	22	114	28	105	21	100	30
ZULU	6	M	184	182	101	133	128	110	120	101	98	68	51	36	40	116	27	62	100	24	102	16	101	24	22	109	30	118	23	86	25
ZULU	6	M	172	172	103	131	127	108	115	105	106	70	54	34	39	114	29	66	99	31	98	18	97	21	19	102	23	106	20	88	26
ZULU	6	M	190	188	99	133	145	133	119	104	93	76	55	39	45	124	30	66	102	22	108	18	109	26	22	115	29	120	29	98	25
ZULU	6	M	187	185	105	139	141	119	119	101	107	68	54	36	42	123	31	67	96	22	109	19	108	27	22	120	30	115	22	97	24
ZULU	6	M	194	193	105	145	133	116	121	111	106	75	54	37	43	128	29	74	105	27	107	17	105	24	21	116	30	127	26	108	25
ZULU	6	M	196	194	111	138	149	125	123	112	114	69	52	31	42	121	30	67	101	27	104	19	102	21	23	113	23	119	23	108	31
ZULU	6	M	179	177	96	135	141	121	110	103	91	64	47	33	37	109	27	61	89	19	97	15	96	24	20	114	29	114	26	96	21
ZULU	6	M	191	190	110	131	138	125	118	107	116	66	49	36	39	118	30	68	99	31	103	17	102	25	21	111	34	120	25	94	29
ZULU	6	M	188	187	96	144	143	124	116	100	90	67	50	33	41	116	25	63	93	24	101	16	101	22	20	120	30	118	22	108	29
ZULU	6	M	189	186	104	130	135	112	113	108	106	66	51	35	40	118	29	67	94	23	104	15	102	24	20	114	30	114	22	95	29
ZULU	6	M	180	178	97	123	130	109	116	101	103	59	48	31	39	116	30	64	88	20	100	17	99	23	20	104	21	113	23	93	27
ZULU	6	M	185	184	110	146	134	119	115	104	108	67	50	33	40	120	27	65	95	23	104	19	102	26	23	114	27	124	29	95	19
ZULU	6	M	191	189	103	133	134	125	120	108	101	62	48	33	44	123	28	67	99	18	107	15	106	21	22	117	33	118	28	102	24
ZULU	6	M	183	182	99	137	138	118	118	105	100	66	52	32	37	119	31	66	98	22	101	15	100	28	22	115	25	112	24	98	24
ZULU	6	M	187	185	103	129	132	111	118	96	102	63	49	33	41	116	30	63	95	26	106	21	102	25	18	117	30	112	22	88	25
ZULU	6	M	176	174	96	127	129	110	118	102	96	68	52	35	39	116	31	70	94	23	101	15	98	19	20	108	25	106	25	95	23
ZULU	6	M	180	179	94	122	133	119	117	100	97	66	50	34	41	118	30	64	91	23	100	17	101	23	16	102	28	114	25	94	27
ZULU	6	M	184	183	97	127	136	109	115	100	95	65	48	33	38	108	25	61	90	21	92	16	93	20	22	110	28	103	16	103	38
ZULU	6	M	182	180	107	130	127	105	113	104	112	59	43	30	40	117	26	66	98	26	99	21	98	23	19	107	26	117	24	87	23
ZULU	6	M	186	183	108	133	135	121	120	112	106	63	48	35	43	119	29	67	103	23	103	18	104	22	21	110	28	115	23	90	25
ZULU	6	M	180	178	104	133	134	114	115	107	107	69	52	35	39	119	29	62	98	23	101	17	99	24	22	106	26	115	25	90	24
ZULU	6	M	194	192	107	143	139	116	119	111	100	71	52	33	42	119	32	67	100	21	101	18	104	23	20	122	30	120	26	97	25
ZULU	6	M	188	186	101	134	135	113	116	96	103	71	49	34	39	114	26	64	90	21	98	15	98	22	22	118	27	111	23	99	33
ZULU	6	M	179	178	91	132	127	113	113	105	96	64	50	33	41	114	29	64	91	25	98	19	99	22	17	113	31	119	25	93	33
ZULU	6	M	190	189	107	134	126	112	113	104	108	66	48	34	41	116	31	69	104	29	102	21	100	23	22	115	27	116	21	100	28
ZULU	6	M	180	178	98	127	127	112	111	102	109	70	49	34	40	111	30	64	92	23	97	13	97	18	17	105	26	107	29	100	26
ZULU	6	M	174	173	95	124	131	110	119	108	96	62	47	33	42	112	26	65	88	24	99	16	99	18	19	105	27	106	20	93	25
ZULU	6	M	178	177	96	136	133	121	116	108	101	68	51	33	40	118	26	63	94	24	102	16	101	26	21	113	28	117	30	100	26
ZULU	6	M	182	181	103	137	137	118	117	113	100	73	53	33	41	119	29	66	94	21	106	18	104	24	22	104	26	118	24	97	27
ZULU	6	M	190	188	108	140	135	123	124	104	106	76	57	36	44	123	32	69	103	27	110	19	108	23	24	120	30	113	23	96	24
ZULU	6	M	180	179	103	135	125	115	113	102	100	68	50	34	40	119	25	63	93	23	103	20	101	24	21	109	28	110	23	89	23
ZULU	6	M	182	180	97	135	137	112	115	109	95	66	51	35	40	118	29	65	97	23	102	18	102	23	22	116	28	108	23	100	26
ZULU	6	M	182	181	102	125	128	115	111	98	94	61	49	33	35	109	29	64	94	23	97	18	96	28	18	108	26	120	29	93	24
ZULU	6	M	192	190	101	130	136	113	114	105	98	66	52	33	40	112	28	62	90	24	99	18	98	22	19	117	29	115	23	98	31
ZULU	6	M	183	181	103	142	138	117	117	109	103	76	51	37	42	116	28	69	100	29	102	19	101	21	21	113	24	117	24	102	24
ZULU	6	M	181	178	101	130	136	117	116	104	104	68	47	36	40	116	27	65	94	20	104	17	102	25	22	103	28	114	25	93	29
ZULU	6	M	196	192	110	145	131	113	118	115	114	71	53	33	43	125	31	63	107	27	107	17	108	24	21	111	29	119	27	101	32
ZULU	6	M	182	181	99	131	133	119	114	108	98	62	49	33	41	115	30	68	96	24	104	19	104	25	21	111	23	119	27	93	20
ZULU	6	M	190	189	106	140	137	117	121	108	107	71	54	35	42	120	31	71	99	23	104	16	104	24	21	116	30	115	23	105	26
ZULU	6	F	179	176	100	125	137	110	117	107	101	64	47	32	39	108	28	64	86	22	95	16	93	20	19	107	26	109	22	94	31
ZULU	6	F	177	175	92	126	133	116	112	106	98	69	49	32	39	110	29	59	91	25	98	16	98	24	23	109	28	115	26	92	26
ZULU	6	F	190	189	104	133	137	116	115	100	104	74	54	34	38	111	26	71	102	32	97	22	94	23	25	114	27	122	25	96	30
ZULU	6	F	186	185	99	119	127	109	109	109	97	65	50	31	37	105	29	63	89	24	91	18	92	22	21	111	30	104	17	94	34
ZULU	6	F	185	183	96	135	131	117	114	107	99	61	45	31	40	116	28	63	93	15	98	15	97	20	21	111	32	123	26	102	31
ZULU	6	F	181	181	100	125	132	114	109	101	109	63	45	33	39	112	29	62	93	30	99	19	96	22	20	111	27	111	25	90	24
ZULU	6	F	182	180	103	132	131	121	112	105	103	67	52	34	40	116	31	68	96	21	99	18	101	23	22	112	28	115	24	94	24
ZULU	6	F	175	173	94	125	128	112	115	103	103	69	49	33	39	113	25	67	95	26	96	14	95	20	29	106	27	112	23	89	25
ZULU	6	F	178	176	98	133	133	115	114	104	94	62	46	28	38	108	27	72	92	25	95	17	96	22	20	111	27	116	26	96	28
ZULU	6	F	182	182	101	132	137	120	114	107	104	68	49	37	39	113	29	62	89	20	100	16	99	25	20	110	30	118	24	94	27
ZULU	6	F	185	182	107	136	129	109	109	101	101	65	51	34	43	114	30	61	99	24	104	18	105	24	18	111	29	119	26	93	28
ZULU	6	F	175	175	97	121	127	105	110	101	102	56	43	29	37	106	28	61	85	23	91	16	93	20	17	105	25	111	25	91	31
ZULU	6	F	176	175	90	120	126	113	109	102	94	57	41	28	38	109	26	65	88	18	97	17	96	22	24	107	27	107	21	94	25
ZULU	6	F	179	178	92	128	132	116	116	105	102	62	48	36	41	113	28	65	92	24	102	15	102	22	18	110	28	118	24	95	27
ZULU	6	F	176	175	93	136	133	114	109	102	98	63	46	31	39	106	27	62	84	22	93	14	93	19	19	115	30	109	22	99	25
ZULU	6	F	181	181	96	129	133	119	108	101	98	61	47	34	39	106	28	62	89	20	97	14	97	22	18	109	29	115	24	105	30
ZULU	6	F	189	187	102	135	130	113	120	97	105	69	49	33	39	116	30	67	96	27	99	17	98	23	22	122	34	117	24	86	28
ZULU	6	F	173	172	97	124	130	112	115	109	96	65	48	33	40	113	27	62	90	25	97	17	97	22	17	104	24	103	20	92	26
ZULU	6	F	178	178	97	131	131	113	112	102	98	65	48	36	41	114	30	65	98	26	100	19	100	22	16	111	28	103	19	104	28
ZULU	6	F	173	171	96	124	126	114	109	105	94	60	47	31	39	117	26	65	88	20	102	17	101	26	20	104	26	107	22	93	25
ZULU	6	F	181	180	101	131	127	101	113	100	104	66	46	32	40	112	27	65	93	23	95	19	97	20	22	111	23	107	23	93	25
ZULU	6	F	186	183	101	136	138	121	119	109	99	62	46	32	38	111	27	61	94	20	97	15	98	24	22	117	33	115	23	99	27
ZULU	6	F	186	185	99	127	136	114	116	104	98	68	51	32	39	111	29	60	91	19	98	17	96	22	23	112	28	108	21	98	33
ZULU	6	F	174	173	96	128	133	121	114	96	90	66	48	34	38	109	27	59	88	19	98	17	97	24	21	109	33	106	20	93	25
ZULU	6	F	176	175	98	126	125	106	111	104	102	60	45	31	39	115	29	66	88	23	100	18	99	24	18	105	26	104	22	95	30
ZULU	6	F	174	174	99	123	127	108	118	94	97	62	50	31	37	116	33	63	93	20	100	17	99	26	22	105	27	110	24	91	24
ZULU	6	F	177	176	100	131	134	117	111	103	96	56	48	32	38	111	30	61	89	19	98	19	99	24	19	112	31	106	24	96	22
ZULU	6	F	176	175	90	125	133	119	116	102	88	55	47	31	38	112	29	60	87	18	100	14	100	25	21	110	27	112	23	89	29
ZULU	6	F	185	184	104	134	137	117	111	102	104	65	47	34	40	120	30	63	90	20	98	18	99	22	19	111	25	114	27	105	27
ZULU	6	F	174	173	90	119	128	113	108	99	89	56	42	32	39	105	25	56	87	18	95	15	94	20	15	101	24	121	29	87	22
ZULU	6	F	184	182	97	132	146	122	120	111	98	64	45	33	40	114	26	67	90	21	101	13	100	22	20	119	34	109	22	100	26
ZULU	6	F	171	171	88	123	120	108	107	96	89	61	44	34	40	106	26	60	93	23	99	18	99	23	18	106	28	111	20	92	25
ZULU	6	F	181	179	93	125	126	102	113	103	94	60	45	34	43	107	25	60	84	24	97	16	98	17	18	104	22	116	22	93	31
ZULU	6	F	174	173	91	127	128	113	109	103	98	65	49	32	39	113	30	63	94	22	97	16	98	22	22	107	26	111	26	92	29
ZULU	6	F	183	182	98	135	134	111	112	107	98	63	47	32	39	109	27	61	90	24	97	20	98	24	20	113	28	118	25	96	28
ZULU	6	F	174	174	95	133	146	126	117	101	89	66	49	35	39	110	27	61	85	20	97	17	97	22	18	110	33	113	24	95	24
ZULU	6	F	172	171	94	129	132	113	109	100	97	60	44	32	38	115	25	58	85	20	94	14	94	20	16	108	28	111	22	94	25
ZULU	6	F	179	179	92	122	137	117	116	103	99	59	45	31	41	119	27	66	100	21	99	15	100	20	21	111	28	115	26	93	27
ZULU	6	F	175	174	106	141	127	110	113	102	107	65	48	33	39	114	27	63	90	21	96	16	97	21	19	106	26	112	23	100	25
ZULU	6	F	179	178	97	130	138	117	115	105	101	63	48	35	41	110	29	61	90	19	99	14	100	20	18	112	31	102	18	102	29
ZULU	6	F	177	180	105	134	132	117	110	106	105	65	50	35	37	111	27	59	91	25	97	18	97	25	20	105	25	116	21	96	22
ZULU	6	F	186	184	100	131	134	115	117	110	103	59	45	33	40	119	29	62	96	19	101	17	102	26	20	109	25	115	25	100	30
ZULU	6	F	173	172	96	124	129	111	108	101	98	65	46	35	40	108	27	61	84	21	96	16	95	18	18	104	25	107	23	96	28
ZULU	6	F	182	180	100	130	128	109	113	109	109	72	50	36	40	116	29	64	100	24	104	15	102	25	25	111	27	115	24	90	29
ZULU	6	F	181	181	97	134	133	117	114	107	97	67	47	36	39	111	30	59	94	19	99	16	98	22	22	114	25	122	27	94	27
ZULU	6	F	172	172	94	123	128	107	112	101	92	62	50	35	38	115	29	57	91	19	94	13	97	23	17	100	24	102	20	99	31
BUSHMAN	23	M	182	180	98	122	128	117	110	103	98	58	43	30	40	112	25	61	95	19	98	18	99	25	21	106	29	110	23	91	32
BUSHMAN	23	M	179	176	96	119	128	107	112	105	95	58	44	31	37	106	26	57	98	20	93	16	92	22	20	111	31	104	19	85	28
BUSHMAN	23	M	186	184	98	124	129	105	108	115	101	66	48	31	41	113	28	59	101	23	101	17	101	21	23	109	28	112	22	89	32
BUSHMAN	23	M	182	177	88	117	129	109	107	108	90	53	41	28	38	108	27	56	94	17	96	15	97	24	18	106	26	120	25	89	27
BUSHMAN	23	M	180	177	96	120	128	109	112	109	92	55	44	29	41	114	30	62	94	18	99	17	100	26	22	106	27	107	20	87	27
BUSHMAN	23	M	180	180	97	124	127	107	113	104	92	65	49	32	39	115	32	61	104	19	102	17	102	25	29	113	30	106	17	94	32
BUSHMAN	23	M	173	170	92	124	134	102	113	100	96	59	44	33	39	111	26	58	89	20	94	14	95	19	16	105	25	107	23	91	25
BUSHMAN	23	M	178	176	90	121	132	108	110	107	91	56	42	27	38	105	26	59	81	16	92	16	92	19	17	107	30	110	23	86	28
BUSHMAN	23	M	168	166	92	122	127	106	112	103	93	54	40	27	38	107	26	58	83	15	93	14	93	18	20	106	28	99	21	79	23
BUSHMAN	23	M	176	173	92	129	128	104	108	106	86	51	42	28	38	102	25	60	88	17	91	14	91	19	21	110	24	114	24	84	29
BUSHMAN	23	M	188	184	102	127	136	110	116	112	98	50	40	26	35	109	28	64	92	16	96	15	95	22	23	118	31	112	23	92	27
BUSHMAN	23	M	191	188	96	124	133	107	120	108	97	62	46	34	43	125	28	65	96	18	108	19	107	24	21	119	31	117	21	90	36
BUSHMAN	23	M	171	170	90	114	133	104	115	107	94	57	42	30	39	104	25	57	93	20	93	14	93	20	18	103	28	111	24	87	28
BUSHMAN	23	M	184	182	101	123	137	111	111	109	101	60	46	32	41	110	26	59	92	21	100	20	100	24	21	107	28	112	20	93	30
BUSHMAN	23	M	191	190	103	134	142	117	125	108	99	66	48	31	42	119	28	63	95	20	103	17	103	21	22	124	31	116	24	94	33
BUSHMAN	23	M	181	179	103	126	139	120	122	110	106	67	48	32	42	120	33	70	96	24	106	21	106	25	25	100	25	109	21	91	26
BUSHMAN	23	M	174	174	90	119	141	108	115	115	91	59	46	34	41	112	27	58	88	18	97	18	97	21	21	103	26	111	24	85	30
BUSHMAN	23	M	181	176	93	125	142	120	116	114	91	62	44	35	41	111	24	59	93	17	99	14	99	20	21	113	34	107	20	91	30
BUSHMAN	23	M	176	175	87	125	132	111	111	103	85	58	44	31	39	112	31	60	93	15	101	12	99	23	24	116	29	110	20	96	27
BUSHMAN	23	M	174	171	96	122	136	114	117	113	96	56	41	29	39	111	28	60	88	18	97	16	94	19	22	114	30	113	27	80	24
BUSHMAN	23	M	179	177	92	123	136	105	109	107	92	52	41	30	41	115	26	61	93	20	96	17	99	21	19	111	27	109	21	95	29
BUSHMAN	23	M	177	175	89	122	146	116	115	105	91	60	42	28	41	113	25	62	86	20	101	19	97	23	20	114	34	109	20	90	31
BUSHMAN	23	M	178	176	99	130	135	109	122	117	100	58	43	30	40	120	28	61	96	19	106	17	105	27	23	107	26	108	24	91	27
BUSHMAN	23	M	181	179	91	115	137	116	113	110	93	58	43	30	39	108	26	58	89	27	97	16	93	21	21	106	29	110	22	87	29
BUSHMAN	23	M	186	184	104	125	137	113	121	104	103	62	45	37	42	118	25	62	95	21	105	20	106	25	24	111	27	108	21	86	28
BUSHMAN	23	M	168	166	93	114	132	104	111	106	92	49	40	32	41	110	29	61	90	20	98	17	100	25	18	99	29	108	21	84	27
BUSHMAN	23	M	180	178	101	124	139	108	108	110	96	60	43	30	38	106	24	60	93	18	95	19	94	20	24	108	25	105	24	89	28
BUSHMAN	23	M	183	180	97	122	134	110	118	112	100	62	49	31	40	113	27	55	90	21	97	16	97	21	22	112	27	112	23	85	30
BUSHMAN	23	M	178	177	96	121	125	104	110	103	95	58	45	32	40	110	26	58	89	22	95	21	94	19	16	108	27	113	24	83	27
BUSHMAN	23	M	178	174	97	129	127	102	110	103	92	52	43	32	38	111	28	60	97	22	98	17	97	22	20	113	28	108	21	91	27
BUSHMAN	23	M	172	170	93	126	127	108	107	95	86	51	47	35	37	107	29	56	83	18	94	16	94	23	19	109	27	105	20	88	26
BUSHMAN	23	M	170	170	93	120	134	111	115	107	88	51	42	29	37	105	25	59	88	19	92	15	91	19	21	105	30	108	21	86	26
BUSHMAN	23	M	164	161	92	127	135	111	113	107	89	56	42	29	39	110	27	60	89	23	93	15	93	18	22	115	35	102	23	88	25
BUSHMAN	23	M	172	170	93	117	133	110	115	103	89	50	40	33	38	109	29	60	97	17	92	11	93	20	20	102	27	99	20	91	30
BUSHMAN	23	M	177	173	87	114	130	108	111	100	88	54	43	31	38	109	27	58	94	20	95	15	93	20	19	106	31	115	19	87	27
BUSHMAN	23	M	172	169	90	119	126	110	105	101	89	52	38	28	39	110	27	54	92	18	96	13	96	21	20	108	27	102	18	87	27
BUSHMAN	23	M	185	182	98	129	137	116	113	109	96	72	50	33	40	115	30	64	95	23	101	18	102	24	21	111	30	110	24	102	34
BUSHMAN	23	F	174	173	91	117	124	103	106	102	91	56	45	33	36	106	24	54	86	21	95	14	94	21	15	102	29	103	20	85	29
BUSHMAN	23	F	178	177	92	119	132	109	111	107	90	56	47	31	39	108	26	57	82	19	98	15	98	23	19	111	32	111	19	90	29
BUSHMAN	23	F	179	178	95	121	132	105	115	105	99	63	44	32	38	108	27	60	97	28	93	17	95	23	19	102	25	112	23	95	31
BUSHMAN	23	F	180	180	98	121	135	115	117	114	90	64	49	37	40	112	26	58	98	22	100	16	98	22	21	111	29	105	20	91	31
BUSHMAN	23	F	170	168	88	119	127	104	108	99	89	50	39	29	34	98	26	59	86	22	90	18	89	25	20	105	31	97	15	92	33
BUSHMAN	23	F	167	165	86	112	128	111	108	99	88	54	42	29	38	108	27	58	87	17	97	14	96	22	20	101	32	106	21	79	28
BUSHMAN	23	F	167	165	89	117	126	104	111	105	86	57	43	30	39	110	26	62	94	17	96	16	98	22	18	98	26	105	18	84	30
BUSHMAN	23	F	175	173	92	123	134	115	113	109	84	59	42	31	37	107	22	63	93	17	92	13	93	20	21	109	35	103	16	93	32
BUSHMAN	23	F	173	170	86	111	132	106	109	114	88	59	44	30	38	110	30	61	90	17	95	12	95	20	19	104	29	105	18	88	32
BUSHMAN	23	F	167	164	90	115	123	100	104	101	87	53	41	31	36	100	25	57	84	19	90	11	90	21	21	104	29	93	17	82	28
BUSHMAN	23	F	170	168	90	119	124	103	98	90	91	54	41	31	38	97	25	53	84	21	90	14	90	19	19	102	27	104	24	88	30
BUSHMAN	23	F	180	177	96	125	128	105	109	104	101	55	41	27	37	107	24	59	94	20	95	13	95	22	22	107	31	111	20	92	31
BUSHMAN	23	F	171	170	85	113	125	101	112	102	87	55	42	31	36	103	28	57	93	19	91	15	92	22	20	100	24	112	26	83	32
BUSHMAN	23	F	179	179	96	123	128	109	103	102	95	55	45	30	36	100	27	55	87	18	95	11	93	23	17	116	31	111	23	83	28
BUSHMAN	23	F	175	172	93	122	126	105	106	104	90	52	39	30	37	101	25	57	84	20	91	13	90	18	19	103	29	110	28	89	25
BUSHMAN	23	F	162	161	89	117	128	107	107	101	88	52	41	29	36	109	25	58	93	20	93	15	94	25	23	105	28	92	15	88	28
BUSHMAN	23	F	169	168	92	120	124	105	103	95	93	58	43	32	38	106	23	56	92	18	95	13	95	22	22	105	30	105	25	86	28
BUSHMAN	23	F	163	161	96	120	128	103	114	106	90	58	44	30	39	109	24	54	92	22	95	16	94	20	20	93	24	97	19	83	27
BUSHMAN	23	F	171	170	92	123	131	103	107	98	88	52	41	28	37	106	26	56	92	20	92	18	92	22	22	106	28	106	23	95	32
BUSHMAN	23	F	168	167	94	119	123	98	105	101	94	55	41	31	39	108	26	57	95	22	95	20	95	23	19	106	29	101	19	87	27
BUSHMAN	23	F	164	163	86	117	129	112	108	102	86	58	43	34	38	104	24	56	83	18	93	15	92	22	23	98	25	103	20	87	28
BUSHMAN	23	F	166	164	89	117	133	103	104	104	88	55	42	31	36	99	21	52	86	20	86	16	88	18	20	103	30	106	23	83	28
BUSHMAN	23	F	161	160	84	107	127	104	103	101	89	49	36	27	34	101	25	53	82	21	89	14	88	22	19	101	29	91	17	87	27
BUSHMAN	23	F	169	166	87	113	127	108	101	100	87	51	38	32	36	99	25	57	86	20	89	15	90	22	18	98	27	107	24	84	25
BUSHMAN	23	F	168	166	89	114	127	102	103	98	90	60	43	31	38	103	25	56	91	19	92	14	92	20	21	99	26	102	23	84	28
BUSHMAN	23	F	179	179	99	128	130	109	109	99	93	58	43	32	38	107	25	62	89	20	95	18	94	25	18	115	31	109	22	90	27
BUSHMAN	23	F	178	177	95	124	123	107	113	105	91	61	49	34	42	116	31	62	100	26	102	21	102	24	21	109	27	112	26	93	27
BUSHMAN	23	F	172	171	94	119	135	106	103	100	98	64	45	32	40	110	25	64	91	24	95	14	97	20	18	108	29	105	22	90	32
BUSHMAN	23	F	165	164	96	123	130	114	117	94	95	65	48	35	39	112	25	63	92	18	99	16	98	25	18	104	31	95	17	88	23
BUSHMAN	23	F	167	167	92	119	122	107	110	93	94	61	45	31	39	108	28	59	88	20	95	17	97	25	18	105	27	104	22	81	21
BUSHMAN	23	F	173	171	92	127	124	108	106	106	87	56	44	32	39	109	29	60	92	20	97	18	97	20	21	112	30	106	19	96	29
BUSHMAN	23	F	184	183	99	131	131	111	113	101	92	65	48	34	37	108	28	58	90	20	92	16	93	23	20	103	26	114	24	104	30
BUSHMAN	23	F	172	171	88	119	129	104	104	99	90	54	41	30	37	104	25	59	84	17	91	12	92	19	21	112	32	104	19	90	25
BUSHMAN	23	F	174	172	89	121	131	105	101	105	85	50	39	28	36	101	25	55	90	18	92	13	92	22	23	103	28	107	21	93	30
BUSHMAN	23	F	177	176	97	115	133	108	115	106	98	48	41	29	39	111	28	57	88	18	99	14	99	24	22	107	27	107	20	86	29
BUSHMAN	23	F	166	165	94	116	126	101	100	105	97	54	40	29	36	101	29	56	87	16	94	16	92	23	25	100	23	102	22	85	26
BUSHMAN	23	F	173	172	93	116	121	101	105	100	97	52	42	33	38	107	28	59	88	19	95	15	96	23	19	106	25	111	21	82	25
BUSHMAN	23	F	180	180	93	120	132	110	114	111	97	60	44	31	37	106	26	59	85	23	93	18	92	21	20	109	27	117	22	90	26
BUSHMAN	23	F	164	163	88	115	128	105	100	100	87	50	39	29	36	98	25	57	86	18	87	15	88	20	20	100	25	106	24	88	27
BUSHMAN	23	F	169	168	90	124	134	111	108	96	88	54	40	33	38	106	25	56	84	17	92	16	92	19	21	110	27	106	23	88	29
BUSHMAN	23	F	172	170	89	115	127	108	103	97	86	53	40	29	38	103	25	57	85	19	95	18	93	21	18	100	27	104	19	88	31
BUSHMAN	23	F	181	180	96	130	132	110	113	106	88	61	48	31	38	108	28	63	91	19	95	15	95	20	20	114	32	116	25	94	29
BUSHMAN	23	F	182	180	91	123	130	114	108	104	85	55	42	30	38	113	27	56	90	19	99	17	99	23	18	109	28	119	29	91	29
BUSHMAN	23	F	171	169	89	121	131	107	105	107	90	56	44	33	38	101	26	61	84	21	94	17	93	22	17	104	29	104	21	92	29
BUSHMAN	23	F	172	171	96	132	134	112	103	96	95	58	45	31	39	105	25	60	91	24	93	14	93	20	20	109	26	110	21	96	26
AUSTRALI	7	M	194	190	103	123	134	110	127	109	109	61	50	33	41	127	28	66	103	25	106	19	105	26	20	110	26	117	25	92	33
AUSTRALI	7	M	191	186	103	131	129	105	121	108	107	61	48	35	41	118	28	69	101	28	104	18	100	22	19	111	26	121	26	92	26
AUSTRALI	7	M	188	186	100	127	133	110	121	109	102	64	50	35	42	123	27	61	92	23	99	16	103	20	19	110	24	116	22	94	30
AUSTRALI	7	M	184	180	104	128	127	111	123	105	104	58	48	31	41	122	28	69	94	22	103	19	103	24	21	112	24	109	20	87	24
AUSTRALI	7	M	179	175	98	122	129	107	120	107	97	56	46	35	38	115	27	63	99	21	97	17	98	23	20	108	25	108	20	84	27
AUSTRALI	7	M	192	187	103	130	128	112	113	110	109	68	49	32	43	120	29	68	97	24	103	20	101	20	23	114	25	116	24	89	28
AUSTRALI	7	M	187	181	97	129	133	113	124	111	103	66	53	31	42	125	28	68	98	22	105	15	103	22	22	111	26	116	27	94	30
AUSTRALI	7	M	196	190	107	123	130	109	121	104	110	64	52	34	42	123	29	67	99	21	102	18	104	25	20	116	28	112	17	88	31
AUSTRALI	7	M	185	180	96	129	127	109	112	106	100	59	45	31	39	112	26	62	98	24	94	16	94	19	21	112	25	112	22	90	30
AUSTRALI	7	M	185	180	97	125	130	109	121	108	102	63	49	34	42	118	25	73	97	25	99	17	99	18	19	109	28	111	25	97	29
AUSTRALI	7	M	186	180	100	130	124	105	109	100	99	64	48	32	41	113	25	62	93	27	99	21	97	20	24	114	26	120	26	85	26
AUSTRALI	7	M	186	181	103	129	129	108	121	106	104	67	54	36	42	120	28	66	101	27	103	17	102	21	17	108	24	118	26	89	26
AUSTRALI	7	M	184	180	98	129	129	113	118	104	104	66	48	32	43	118	25	66	98	23	103	16	103	21	22	108	23	121	28	87	24
AUSTRALI	7	M	186	180	102	126	126	106	116	103	103	65	49	34	42	117	28	63	99	27	103	18	102	20	21	109	24	108	23	89	29
AUSTRALI	7	M	181	177	100	122	124	99	114	104	101	61	48	30	40	117	27	63	94	23	97	18	97	20	16	104	23	111	23	84	26
AUSTRALI	7	M	183	180	107	127	128	109	118	106	113	67	49	33	40	116	26	64	92	23	100	19	98	21	21	106	20	114	22	91	26
AUSTRALI	7	M	180	175	98	133	130	102	120	112	97	67	51	36	42	116	27	68	92	23	95	13	97	17	22	109	22	109	23	93	29
AUSTRALI	7	M	183	178	99	130	130	110	120	107	100	64	50	33	41	122	26	66	102	23	101	18	101	24	20	110	28	116	24	91	27
AUSTRALI	7	M	193	186	101	132	134	104	121	115	103	63	52	34	42	123	28	69	99	26	100	13	102	21	19	114	29	118	22	95	33
AUSTRALI	7	M	188	183	103	130	126	106	117	103	106	64	50	33	40	121	27	65	100	27	100	16	98	21	18	111	27	120	27	85	29
AUSTRALI	7	M	197	192	105	139	136	119	123	117	110	64	50	35	41	119	27	66	100	25	105	19	104	23	24	116	26	123	26	98	34
AUSTRALI	7	M	200	197	108	122	126	105	122	109	112	70	50	37	42	124	29	67	102	24	105	22	103	24	21	111	24	125	24	88	30
AUSTRALI	7	M	189	185	101	127	130	106	119	112	111	71	51	37	45	127	31	67	107	23	105	20	106	24	22	111	23	110	20	94	32
AUSTRALI	7	M	195	187	106	123	126	111	115	105	111	69	54	36	41	118	30	69	98	27	103	17	100	21	22	112	25	114	24	85	28
AUSTRALI	7	M	192	188	103	120	127	108	119	108	110	72	53	39	44	119	28	71	98	23	106	23	105	23	20	108	24	119	25	88	31
AUSTRALI	7	M	189	185	102	129	131	115	121	111	108	63	49	35	42	118	27	66	97	25	104	17	103	23	22	111	26	118	20	91	28
AUSTRALI	7	M	192	186	99	125	131	109	112	107	108	63	47	34	43	119	29	63	96	22	103	19	103	20	19	107	23	121	25	89	29
AUSTRALI	7	M	195	193	102	137	143	118	124	123	109	65	48	33	42	122	28	64	97	24	101	13	101	20	22	119	28	117	24	99	30
AUSTRALI	7	M	195	192	109	133	133	112	118	113	107	69	54	34	43	123	29	69	98	24	105	20	104	21	22	113	26	116	23	100	30
AUSTRALI	7	M	188	183	104	131	125	108	117	106	107	72	53	34	42	119	27	67	99	25	102	18	101	22	23	110	24	113	21	94	30
AUSTRALI	7	M	194	188	100	138	134	114	121	110	110	65	48	33	40	127	29	76	109	24	104	13	103	25	26	118	30	127	27	91	29
AUSTRALI	7	M	201	196	100	134	131	115	123	111	104	66	48	34	42	121	25	64	99	26	103	19	102	20	23	114	27	130	28	99	35
AUSTRALI	7	M	196	192	106	136	127	109	113	113	107	64	51	32	43	121	30	66	100	27	104	23	103	24	23	114	22	123	28	98	35
AUSTRALI	7	M	192	186	104	139	134	113	123	115	104	61	48	31	43	126	29	66	99	22	107	17	106	23	20	115	29	118	23	95	28
AUSTRALI	7	M	198	190	99	124	132	111	118	106	113	62	47	32	41	119	29	64	97	26	103	16	100	21	22	116	32	113	22	94	34
AUSTRALI	7	M	189	183	99	131	135	110	119	115	101	56	43	34	44	120	27	62	88	20	103	16	101	18	18	117	27	111	25	100	31
AUSTRALI	7	M	196	189	105	133	131	103	118	105	109	59	45	32	42	121	25	67	102	25	101	19	101	22	19	106	24	119	23	95	33
AUSTRALI	7	M	190	185	100	137	138	115	118	114	101	68	50	33	43	123	30	67	96	23	104	18	102	21	21	117	24	120	26	97	26
AUSTRALI	7	M	195	192	109	135	133	111	123	110	109	66	52	33	44	124	30	72	95	28	105	19	107	22	24	112	20	120	23	94	29
AUSTRALI	7	M	184	179	103	133	134	112	122	112	104	65	50	31	42	115	29	69	96	23	99	15	100	20	21	111	24	111	23	90	25
AUSTRALI	7	M	189	184	97	122	128	106	123	103	101	63	48	33	40	121	27	65	99	21	98	17	99	22	21	109	24	117	24	88	30
AUSTRALI	7	M	190	184	100	130	136	113	122	111	110	68	46	33	44	120	29	66	94	27	104	19	104	18	21	113	23	116	24	94	28
AUSTRALI	7	M	195	190	103	124	135	111	120	112	105	67	51	34	43	118	28	66	96	27	105	20	103	22	20	110	23	118	23	92	30
AUSTRALI	7	M	189	184	99	132	140	117	124	109	105	62	49	34	41	123	29	67	98	21	106	17	105	24	20	116	27	115	24	92	27
AUSTRALI	7	M	198	194	107	125	141	113	128	116	110	72	56	35	45	131	29	73	108	24	108	18	109	24	27	110	22	123	26	93	30
AUSTRALI	7	M	201	196	107	126	141	117	128	119	109	62	52	34	44	128	34	70	106	22	110	14	111	26	22	114	27	115	24	94	30
AUSTRALI	7	M	188	184	101	136	144	117	127	117	102	63	48	31	44	126	28	67	104	24	109	19	109	24	21	115	25	117	25	99	25
AUSTRALI	7	M	196	191	104	143	143	115	127	113	103	72	54	35	41	127	30	76	101	27	105	16	104	23	23	121	30	117	22	100	33
AUSTRALI	7	M	189	185	98	127	140	111	123	120	102	69	52	33	40	118	26	70	99	23	93	11	97	20	23	119	26	115	24	86	28
AUSTRALI	7	M	186	182	105	124	134	109	123	113	114	73	53	31	41	118	27	68	95	27	100	20	100	22	25	105	22	113	23	91	25
AUSTRALI	7	M	188	182	100	137	133	107	118	108	98	58	48	29	42	123	27	64	96	20	104	20	102	20	22	112	24	119	27	96	31
AUSTRALI	7	M	189	183	99	133	129	108	119	107	99	61	47	35	39	122	26	66	97	22	99	14	98	21	19	111	28	119	25	90	28
AUSTRALI	7	F	191	187	101	127	131	108	116	104	107	64	50	34	40	116	26	69	95	25	99	18	99	23	20	112	24	114	22	92	32
AUSTRALI	7	F	189	183	96	121	126	103	109	100	98	57	44	33	39	111	27	62	88	21	96	18	95	21	20	104	25	120	28	87	28
AUSTRALI	7	F	178	175	96	121	126	108	110	107	104	61	48	34	39	113	28	58	91	25	100	18	100	23	18	104	26	110	23	86	26
AUSTRALI	7	F	180	177	100	130	133	109	116	107	103	62	45	31	40	113	24	59	96	21	100	17	99	22	21	106	26	108	22	97	28
AUSTRALI	7	F	188	184	98	126	133	107	118	111	102	56	45	34	41	116	28	63	98	21	100	20	100	23	21	107	26	116	23	98	34
AUSTRALI	7	F	174	168	92	120	127	110	113	104	102	63	45	32	41	113	27	64	95	25	101	16	99	21	21	102	26	112	24	79	23
AUSTRALI	7	F	178	176	91	118	128	106	117	106	101	62	47	34	40	116	27	66	94	22	97	14	99	20	19	104	23	112	21	95	28
AUSTRALI	7	F	180	176	98	121	117	98	107	107	101	56	43	34	40	113	25	61	91	23	95	16	96	21	17	106	25	98	18	91	30
AUSTRALI	7	F	186	183	99	132	131	110	115	105	96	63	48	36	38	110	24	63	91	21	97	16	95	21	19	111	28	115	24	100	27
AUSTRALI	7	F	190	186	99	130	127	106	112	107	96	61	48	34	40	111	26	60	85	19	96	19	96	22	19	114	26	119	24	90	30
AUSTRALI	7	F	172	167	93	121	120	103	106	105	97	53	43	35	41	110	26	58	89	23	97	20	96	19	19	103	24	112	25	85	31
AUSTRALI	7	F	180	176	96	122	122	102	116	99	97	62	48	29	39	107	24	59	95	28	96	18	94	18	17	104	26	105	23	94	29
AUSTRALI	7	F	169	167	92	122	127	108	112	101	97	63	46	34	41	111	27	59	86	24	101	20	98	20	17	102	26	101	23	91	27
AUSTRALI	7	F	172	170	94	121	126	106	109	104	95	68	52	37	40	111	25	63	85	25	97	18	96	20	21	102	26	104	20	90	29
AUSTRALI	7	F	175	173	89	117	127	108	115	104	95	62	47	32	40	113	27	66	94	24	94	19	95	16	23	109	24	112	22	86	27
AUSTRALI	7	F	182	179	96	123	128	102	110	112	96	63	47	36	40	114	27	59	90	19	99	16	99	20	22	100	19	116	24	99	30
AUSTRALI	7	F	181	176	97	121	126	103	113	104	101	60	47	34	43	120	27	67	100	23	105	20	105	21	22	104	26	106	22	94	27
AUSTRALI	7	F	182	177	97	125	127	106	117	98	103	53	40	31	42	119	27	62	100	23	104	18	105	25	18	105	23	112	25	90	30
AUSTRALI	7	F	187	182	101	126	135	109	123	106	103	65	49	34	38	115	25	64	92	24	93	16	96	22	19	113	27	107	22	94	31
AUSTRALI	7	F	188	184	96	127	128	103	118	111	101	61	47	33	41	112	26	63	94	22	99	17	98	20	19	106	24	121	26	94	31
AUSTRALI	7	F	188	185	98	122	127	109	112	107	105	64	46	33	41	114	25	62	92	24	99	18	98	21	18	104	25	118	26	90	30
AUSTRALI	7	F	172	168	92	122	120	103	109	97	100	56	42	31	39	108	27	61	89	24	93	14	95	20	18	99	25	110	24	90	26
AUSTRALI	7	F	177	172	98	126	121	100	112	98	101	62	44	34	39	112	26	64	90	23	97	16	95	20	18	106	25	104	18	92	26
AUSTRALI	7	F	187	182	97	123	124	104	113	104	98	61	47	34	40	107	25	60	89	25	97	18	95	18	20	109	27	106	19	91	33
AUSTRALI	7	F	178	175	95	132	127	108	116	98	100	63	47	32	38	114	28	67	94	21	96	16	97	22	24	109	24	118	25	88	23
AUSTRALI	7	F	196	192	105	132	138	113	124	105	99	68	50	36	42	120	27	63	95	24	108	20	105	25	19	112	26	117	23	96	35
AUSTRALI	7	F	185	181	96	118	128	109	110	106	99	56	42	32	38	110	25	61	99	24	96	15	96	21	17	107	29	118	25	86	27
AUSTRALI	7	F	181	175	95	124	127	108	108	109	104	61	45	32	41	114	28	66	95	23	103	19	100	22	21	106	26	103	20	95	32
AUSTRALI	7	F	178	175	95	115	127	105	107	98	108	64	47	31	39	107	27	62	90	24	97	20	98	24	21	106	24	103	20	85	29
AUSTRALI	7	F	179	176	98	126	129	105	117	110	100	60	50	37	40	117	28	61	97	24	100	19	101	22	18	106	21	112	21	92	27
AUSTRALI	7	F	186	182	96	127	138	107	114	108	101	60	48	32	40	107	25	62	83	21	94	16	94	17	19	106	26	112	23	98	35
AUSTRALI	7	F	175	174	97	120	127	106	114	105	95	54	44	32	38	104	24	59	90	21	90	15	92	20	18	98	23	112	23	89	28
AUSTRALI	7	F	185	178	98	125	127	108	118	104	103	64	46	32	43	120	28	67	101	24	105	15	104	21	22	108	25	110	23	89	30
AUSTRALI	7	F	184	180	101	125	127	108	109	99	105	60	45	32	41	105	26	61	97	28	93	18	95	20	21	102	24	111	24	95	31
AUSTRALI	7	F	178	175	100	127	129	111	116	105	104	64	50	33	41	109	26	67	88	22	100	15	99	21	22	103	26	107	22	91	27
AUSTRALI	7	F	182	179	94	124	133	112	117	108	96	64	49	35	39	108	24	63	91	22	97	15	97	22	19	110	28	111	20	94	32
AUSTRALI	7	F	183	178	94	119	133	108	115	107	100	66	46	32	40	110	26	64	87	22	99	15	98	20	19	109	27	103	19	92	30
AUSTRALI	7	F	187	183	99	136	136	108	122	116	102	55	46	34	40	115	28	67	91	27	99	18	96	20	16	111	27	115	21	103	30
AUSTRALI	7	F	178	176	94	121	129	110	114	102	98	64	48	33	41	112	24	66	93	22	99	18	101	21	23	102	24	111	23	90	26
AUSTRALI	7	F	172	170	94	119	117	96	103	104	103	62	45	34	39	104	27	63	85	28	91	18	91	19	17	105	25	100	18	88	28
AUSTRALI	7	F	192	185	99	123	129	105	114	106	102	63	46	30	42	116	26	60	99	19	100	15	102	23	24	108	27	115	26	91	33
AUSTRALI	7	F	173	169	93	118	124	104	108	95	97	53	43	33	35	105	28	60	85	21	90	13	91	21	17	102	27	103	21	88	26
AUSTRALI	7	F	181	180	97	124	129	104	115	111	96	64	50	36	38	110	23	62	89	26	96	20	95	21	20	107	26	114	25	91	28
AUSTRALI	7	F	169	165	91	118	121	101	111	98	92	56	44	30	41	110	23	62	86	19	96	15	97	20	16	95	21	102	22	87	25
AUSTRALI	7	F	183	180	95	125	130	107	110	107	104	66	48	34	39	107	29	64	90	29	97	20	95	21	16	111	27	110	22	92	27
AUSTRALI	7	F	176	170	93	114	123	104	108	99	107	58	47	33	39	110	27	60	85	19	95	16	96	22	18	98	25	110	26	87	27
AUSTRALI	7	F	190	187	99	130	131	110	119	107	109	68	51	33	43	117	28	65	94	25	101	21	102	21	21	111	24	121	25	96	32
AUSTRALI	7	F	180	177	92	127	129	110	111	106	96	62	45	29	39	111	28	61	91	24	97	16	98	22	21	113	29	109	23	92	32
AUSTRALI	7	F	177	172	96	120	123	107	111	99	103	63	49	32	40	107	27	64	86	25	94	17	96	19	19	106	28	98	21	89	27
TASMANIA	8	M	185	180	97	126	136	111	122	116	104	65	49	34	40	117	29	68	92	28	100	18	99	22	22	110	26	109	24	96	33
TASMANIA	8	M	193	187	102	129	142	113	128	114	109	70	51	35	42	117	30	72	99	26	103	16	103	23	23	112	28	119	26	93	33
TASMANIA	8	M	194	184	97	131	141	119	125	109	109	57	45	26	40	116	29	68	95	29	103	15	101	22	23	116	29	128	28	93	30
TASMANIA	8	M	186	180	103	134	141	112	124	110	104	66	50	33	39	116	24	61	92	26	96	15	96	19	22	113	24	114	26	93	30
TASMANIA	8	M	184	177	93	128	146	115	124	110	99	55	44	28	39	111	27	65	88	28	97	17	96	20	21	112	28	117	24	92	30
TASMANIA	8	M	180	175	99	128	136	104	122	106	102	56	46	28	43	117	30	65	90	27	100	18	101	18	21	109	25	113	24	85	27
TASMANIA	8	M	185	181	99	135	145	112	120	105	97	63	49	29	40	116	28	67	93	31	99	19	96	19	23	114	28	113	23	95	27
TASMANIA	8	M	195	186	99	134	141	122	124	115	103	67	53	33	42	119	30	71	99	29	105	15	103	23	23	112	30	116	22	98	34
TASMANIA	8	M	186	182	105	137	142	113	125	112	98	63	51	30	41	120	30	72	98	26	101	20	102	22	21	110	22	116	27	94	31
TASMANIA	8	M	174	168	90	127	138	116	123	104	94	59	46	28	37	112	29	64	91	25	95	14	95	23	21	104	26	115	25	88	26
TASMANIA	8	M	179	175	97	126	130	108	120	106	98	57	48	33	42	122	29	65	94	28	101	20	99	20	20	110	23	112	25	85	23
TASMANIA	8	M	183	178	98	124	135	109	121	107	101	56	47	30	40	117	29	64	94	22	101	17	101	22	19	107	25	112	21	89	26
TASMANIA	8	M	189	183	101	132	138	121	123	114	109	63	52	33	40	120	32	66	90	21	103	15	103	24	20	117	28	114	25	90	27
TASMANIA	8	M	188	183	100	137	139	112	129	113	103	59	44	30	43	116	32	66	92	31	104	20	100	20	20	112	25	118	27	94	31
TASMANIA	8	M	190	182	102	137	137	111	126	111	105	65	53	30	40	116	30	67	93	33	102	17	99	23	21	112	25	117	24	91	30
TASMANIA	8	M	182	177	98	132	143	113	128	113	95	65	51	34	41	113	28	66	89	31	100	19	96	20	20	112	28	111	24	92	28
TASMANIA	8	M	203	198	104	134	142	107	128	110	112	70	52	32	44	128	29	72	94	29	108	19	105	20	24	116	24	122	23	103	35
TASMANIA	8	M	185	178	97	122	139	107	121	119	107	59	48	27	42	120	28	70	100	27	98	14	97	18	20	107	22	108	22	91	29
TASMANIA	8	M	181	177	102	135	137	116	122	108	96	62	50	36	43	120	28	68	93	17	106	18	104	23	21	109	26	114	20	93	24
TASMANIA	8	M	192	188	92	132	143	109	122	107	98	74	52	30	44	119	24	69	93	34	102	16	103	21	22	114	21	123	26	99	29
TASMANIA	8	M	184	180	104	146	139	116	130	113	108	68	55	35	42	120	27	65	103	27	104	19	103	23	23	112	25	120	27	102	25
TASMANIA	8	M	194	190	103	131	148	117	131	119	101	70	49	35	42	117	24	72	87	24	104	22	103	22	21	108	22	114	25	102	34
TASMANIA	8	M	191	187	100	135	141	119	128	113	109	62	47	27	38	117	30	70	96	27	102	14	103	28	21	116	28	124	29	91	30
TASMANIA	8	M	178	173	96	129	141	115	125	104	104	59	44	26	40	115	29	70	97	30	98	16	97	20	20	108	22	114	27	92	28
TASMANIA	8	M	181	177	100	131	133	114	128	110	109	63	51	34	45	129	33	68	104	24	112	16	112	25	25	104	19	113	23	98	31
TASMANIA	8	M	185	181	97	134	138	121	132	112	109	62	48	33	42	129	34	67	97	27	108	15	107	25	23	113	25	120	28	104	32
TASMANIA	8	M	182	177	99	132	139	118	132	107	107	66	48	35	41	128	27	66	103	24	109	17	107	26	24	100	19	125	31	97	29
TASMANIA	8	M	186	179	101	137	126	110	116	101	109	61	45	29	41	119	27	65	96	25	103	14	103	24	24	106	23	120	27	95	34
TASMANIA	8	M	190	183	108	142	135	112	122	118	115	69	47	30	43	118	26	63	95	29	105	18	106	23	24	108	20	123	27	96	31
TASMANIA	8	F	170	166	90	132	131	104	116	104	93	57	44	30	38	108	27	59	84	27	95	19	94	22	18	103	24	118	25	94	27
TASMANIA	8	F	176	172	91	125	133	115	117	104	94	57	46	32	41	111	31	60	91	23	102	13	100	20	17	106	29	112	21	91	31
TASMANIA	8	F	185	182	99	134	137	110	116	102	97	58	48	33	37	111	26	54	90	22	91	14	93	21	21	115	28	114	23	99	28
TASMANIA	8	F	179	176	92	123	139	108	114	110	100	60	48	29	40	109	26	63	91	29	96	18	96	18	21	105	27	108	22	91	29
TASMANIA	8	F	186	182	95	125	131	104	122	102	107	67	48	31	40	120	28	72	97	30	99	16	100	21	21	107	24	120	25	89	31
TASMANIA	8	F	182	176	98	123	127	103	114	104	105	60	48	31	41	114	28	65	96	28	99	20	99	21	21	107	25	109	23	85	25
TASMANIA	8	F	182	176	93	123	135	107	117	106	102	53	44	29	41	112	30	70	93	28	99	18	99	20	18	111	24	113	23	88	23
TASMANIA	8	M	183	178	98	132	144	121	124	110	96	60	49	31	40	117	30	64	94	24	102	17	101	24	19	107	27	119	29	91	26
TASMANIA	8	F	180	176	97	129	134	105	116	105	96	57	45	31	42	112	28	66	87	25	99	16	99	18	20	106	26	114	26	93	28
TASMANIA	8	F	172	168	94	125	135	105	119	111	97	55	43	35	40	110	30	65	84	23	102	16	100	22	16	99	23	109	25	94	27
TASMANIA	8	F	177	172	94	127	133	108	121	113	96	59	43	30	40	110	27	65	85	20	98	19	96	22	22	100	22	116	24	97	28
TASMANIA	8	F	185	180	96	136	140	115	121	111	98	59	45	31	41	114	30	66	91	28	100	19	99	23	19	114	31	121	28	100	28
TASMANIA	8	F	165	162	88	121	122	102	108	101	90	55	43	32	38	105	26	60	81	23	95	15	94	20	16	103	28	106	24	87	22
TASMANIA	8	F	181	177	104	128	128	107	111	104	104	58	46	32	42	108	27	64	88	28	100	23	97	21	21	102	21	114	24	95	27
TASMANIA	8	F	183	178	96	126	135	107	120	102	104	65	48	35	42	115	31	69	90	25	102	19	100	20	18	110	25	113	26	95	30
TASMANIA	8	F	175	171	95	131	127	109	113	104	98	63	45	31	40	110	26	67	93	28	98	17	96	22	20	108	25	106	23	95	29
TASMANIA	8	F	175	169	89	115	136	102	119	101	95	60	44	29	40	107	25	67	82	21	94	13	93	20	17	100	22	107	22	92	28
TASMANIA	8	F	178	175	93	114	131	112	114	111	87	56	46	30	39	106	27	58	90	18	93	15	95	20	18	100	26	108	24	90	29
TASMANIA	8	F	172	166	91	125	132	105	114	100	90	55	44	30	39	108	26	64	86	23	93	16	94	19	18	102	24	115	26	87	23
TASMANIA	8	F	180	175	94	134	133	111	117	105	98	65	47	29	40	114	27	68	90	29	98	15	98	22	21	112	28	119	25	84	27
TASMANIA	8	F	182	179	97	131	137	111	117	106	98	58	48	28	39	118	26	62	84	29	97	19	95	20	20	109	26	118	28	91	27
TASMANIA	8	F	183	177	101	138	137	112	118	101	100	59	46	30	38	112	28	66	90	30	95	15	95	22	19	115	27	116	23	90	26
TASMANIA	8	F	180	175	94	130	135	109	116	100	93	56	44	29	40	108	29	60	86	28	98	19	96	21	20	111	28	115	26	88	30
TASMANIA	8	F	170	166	91	127	118	95	103	104	97	56	40	31	38	99	24	57	83	23	90	16	91	19	20	102	26	104	23	88	29
TASMANIA	8	F	188	183	97	123	139	109	127	114	106	64	48	33	43	119	26	67	90	24	104	17	103	18	18	103	21	114	22	95	32
TASMANIA	8	F	172	170	99	130	137	105	117	104	98	64	51	35	37	107	25	59	88	23	89	15	91	20	22	106	23	95	16	106	35
TASMANIA	8	F	176	172	95	127	133	108	117	106	96	53	44	29	39	107	28	61	89	26	94	17	94	19	21	105	23	108	21	96	30
TASMANIA	8	F	188	184	96	126	146	111	114	107	100	50	42	30	38	106	25	62	85	24	95	21	94	22	19	110	27	119	26	95	32
TASMANIA	8	F	180	173	92	121	129	101	120	100	93	65	44	29	38	116	28	64	89	21	96	16	96	21	20	105	26	105	20	90	32
TASMANIA	8	F	174	168	98	131	134	111	120	100	102	58	42	30	41	112	27	63	94	32	101	20	99	21	18	104	23	106	21	94	26
TASMANIA	8	F	176	171	94	119	132	108	116	104	95	55	44	32	38	105	29	60	90	24	95	17	94	22	21	109	27	107	22	85	26
TASMANIA	8	F	179	175	94	125	139	109	116	106	98	61	48	31	38	108	27	61	83	25	93	16	93	21	20	107	25	113	23	95	29
TASMANIA	8	F	179	175	95	123	133	106	117	108	105	58	45	28	38	107	27	62	89	27	94	15	93	20	18	107	28	112	27	93	29
TASMANIA	8	F	164	162	95	126	123	102	115	107	106	59	46	31	39	112	30	66	91	27	93	13	96	20	21	94	20	111	29	88	24
TASMANIA	8	F	180	175	96	129	127	105	114	108	105	62	45	31	41	114	28	63	97	27	99	15	99	20	24	106	24	113	23	102	30
TOLAI	9	M	178	175	101	134	135	109	120	103	104	70	51	35	41	114	27	63	90	26	102	18	100	22	21	105	22	109	22	103	31
TOLAI	9	M	189	181	105	136	129	102	126	106	105	69	51	34	39	115	27	66	95	26	98	17	97	22	22	108	22	112	24	98	33
TOLAI	9	M	186	178	101	135	125	104	118	105	103	64	49	31	40	113	28	63	95	27	101	15	100	21	27	107	21	119	27	95	30
TOLAI	9	M	182	179	100	132	130	114	119	111	106	60	42	31	41	121	29	67	99	28	106	20	105	25	21	105	23	124	27	91	30
TOLAI	9	M	190	185	107	137	136	113	122	108	112	69	48	30	38	119	26	66	97	26	101	17	100	25	23	107	23	117	27	94	32
TOLAI	9	M	188	182	104	135	132	110	125	109	112	70	50	33	44	121	27	68	98	33	101	15	103	22	22	112	25	119	29	91	30
TOLAI	9	M	189	186	104	142	128	114	124	107	114	69	49	30	41	125	31	70	101	24	103	14	105	28	25	111	21	123	26	101	32
TOLAI	9	M	194	190	107	140	129	112	123	108	114	73	52	31	42	119	30	68	98	25	104	19	102	23	24	114	22	120	27	101	32
TOLAI	9	M	187	181	101	139	135	114	122	108	108	71	51	33	40	118	27	68	103	30	103	15	102	21	25	110	26	127	31	94	28
TOLAI	9	M	183	178	104	135	125	113	116	103	106	69	49	32	40	121	29	66	99	26	104	16	103	26	25	110	24	112	24	95	28
TOLAI	9	M	180	176	99	135	127	104	121	107	104	70	53	35	42	117	29	65	100	31	100	16	99	19	23	107	25	112	23	101	32
TOLAI	9	M	175	171	98	133	132	109	120	102	109	62	46	32	40	120	27	64	93	25	101	14	100	22	23	106	23	116	27	90	30
TOLAI	9	M	184	180	106	134	132	110	123	103	112	71	49	33	42	118	24	66	99	30	104	17	101	21	22	114	26	113	26	92	26
TOLAI	9	M	186	182	96	135	132	116	125	105	109	66	46	31	40	124	27	66	95	31	106	17	104	25	20	113	25	118	20	100	33
TOLAI	9	M	176	174	98	137	131	108	120	99	107	66	48	33	40	122	29	65	99	28	101	15	100	21	22	110	25	116	28	92	28
TOLAI	9	M	186	180	103	135	129	112	117	111	107	67	47	32	41	116	26	63	94	26	103	17	101	21	24	109	23	117	27	97	28
TOLAI	9	M	183	178	105	132	127	109	120	108	111	63	48	30	40	118	30	64	101	25	100	16	99	21	22	102	21	119	28	94	29
TOLAI	9	M	189	184	108	139	129	109	121	111	113	64	53	33	40	117	28	67	99	29	101	18	101	22	23	110	25	114	23	106	36
TOLAI	9	M	190	186	108	139	130	110	124	106	113	72	50	31	43	121	27	75	103	29	100	19	102	22	28	113	24	120	22	97	30
TOLAI	9	M	183	179	98	131	123	108	115	103	105	66	48	33	38	112	28	63	92	26	97	17	96	23	22	109	26	115	29	93	29
TOLAI	9	M	188	184	106	138	130	111	117	107	112	65	48	30	42	121	31	68	99	27	105	19	105	22	24	109	25	120	29	100	28
TOLAI	9	M	177	175	100	133	130	109	128	103	100	63	50	32	40	119	26	67	96	23	101	17	100	25	21	107	26	115	24	94	25
TOLAI	9	M	175	170	96	127	121	103	112	103	100	63	47	31	42	114	27	62	94	28	100	20	98	19	24	104	21	115	29	88	28
TOLAI	9	M	173	170	97	123	126	109	116	107	103	62	45	33	41	117	26	61	93	26	96	14	95	18	20	102	25	107	25	87	28
TOLAI	9	M	185	182	103	130	130	109	119	104	107	65	48	33	44	124	30	65	105	29	108	20	107	22	24	107	21	116	26	97	30
TOLAI	9	M	179	174	97	129	130	110	117	104	100	62	45	30	41	116	26	62	93	24	100	17	101	22	19	105	26	106	21	101	34
TOLAI	9	M	180	179	99	129	124	109	118	102	110	64	46	32	41	117	28	66	95	25	99	16	101	22	21	110	25	118	24	97	26
TOLAI	9	M	180	174	104	138	128	104	120	108	105	61	49	35	44	123	29	65	99	24	106	18	106	22	22	105	21	114	27	92	30
TOLAI	9	M	179	175	103	138	132	109	121	104	106	71	52	33	41	126	27	65	103	26	99	19	102	23	26	112	28	114	25	93	25
TOLAI	9	M	181	179	99	139	130	113	117	113	103	59	42	30	41	117	27	64	95	24	103	19	101	22	19	108	24	126	31	98	31
TOLAI	9	M	179	176	95	132	135	109	117	108	98	64	48	29	41	121	27	64	99	24	101	16	101	23	24	108	26	116	28	96	30
TOLAI	9	M	187	181	103	134	136	111	123	100	110	67	47	33	42	118	28	65	97	26	103	16	101	22	19	114	26	115	25	86	30
TOLAI	9	M	179	175	97	136	137	116	122	116	102	66	49	33	40	116	26	63	94	28	98	14	98	20	20	114	28	106	23	101	29
TOLAI	9	M	188	182	101	133	130	111	124	107	103	64	49	31	42	121	25	66	96	22	102	17	100	18	24	101	21	118	24	96	33
TOLAI	9	M	186	184	100	133	135	109	122	107	104	68	49	34	42	116	23	71	93	24	101	18	101	21	22	107	25	125	31	98	29
TOLAI	9	M	184	179	104	131	127	108	117	100	108	70	52	36	39	120	30	66	98	25	97	15	99	22	25	109	26	107	24	90	29
TOLAI	9	M	183	180	102	131	133	110	121	107	106	57	45	33	41	124	29	68	94	22	101	20	102	23	21	109	23	113	26	94	28
TOLAI	9	M	181	176	100	138	131	113	123	101	101	71	53	33	42	118	26	67	95	30	101	18	100	20	23	108	22	119	25	94	26
TOLAI	9	M	177	173	98	131	136	114	124	106	103	63	47	32	43	117	27	69	95	26	101	16	103	19	20	106	24	110	24	91	26
TOLAI	9	M	178	170	99	132	134	113	118	103	108	64	47	38	46	120	30	65	100	25	109	16	108	22	20	105	23	115	27	87	25
TOLAI	9	M	182	178	100	132	130	111	122	103	106	66	48	32	38	120	29	67	103	25	101	18	101	29	26	107	25	119	28	90	26
TOLAI	9	M	179	174	98	139	128	110	114	105	104	64	50	35	42	117	28	63	94	30	102	17	101	19	21	112	28	121	29	94	27
TOLAI	9	M	186	181	105	145	139	119	122	108	109	72	55	32	41	120	28	69	96	30	102	15	100	22	28	116	28	117	25	99	28
TOLAI	9	M	184	180	96	133	133	110	116	106	106	64	45	28	39	110	30	62	90	24	96	13	95	19	23	103	23	120	28	100	36
TOLAI	9	M	196	191	110	141	135	108	123	109	123	75	45	30	43	119	30	73	98	26	105	21	103	24	26	113	21	118	25	105	39
TOLAI	9	M	186	183	109	139	135	110	128	108	115	68	52	34	45	125	30	67	109	28	109	19	108	23	23	111	22	120	25	91	25
TOLAI	9	M	185	180	101	137	134	105	121	111	105	71	51	35	41	121	27	71	110	26	104	17	105	27	26	111	24	118	22	93	32
TOLAI	9	M	183	178	102	135	127	107	116	100	109	66	48	32	41	120	30	68	103	28	104	18	103	25	21	104	23	113	22	98	31
TOLAI	9	M	187	183	103	140	131	110	118	105	102	63	51	33	43	118	32	66	96	25	102	17	102	20	26	114	23	117	27	100	30
TOLAI	9	M	190	182	102	130	131	109	118	103	101	60	47	31	40	117	26	64	97	24	98	16	100	23	21	106	24	109	20	100	29
TOLAI	9	M	182	176	101	138	129	109	118	103	115	67	50	27	42	119	28	68	99	30	101	13	101	20	23	104	21	121	26	99	29
TOLAI	9	M	173	168	98	134	122	105	113	103	106	64	47	32	39	120	25	63	99	27	98	17	96	20	23	103	21	119	33	86	27
TOLAI	9	M	191	186	101	140	125	105	113	108	111	68	47	34	42	114	27	63	95	25	102	15	101	20	24	118	28	117	26	100	32
TOLAI	9	M	180	176	98	134	130	107	116	109	105	58	42	31	39	112	27	61	94	25	95	13	97	20	20	108	25	120	26	99	27
TOLAI	9	M	193	187	100	135	130	111	121	113	111	68	48	33	43	117	29	71	100	27	106	17	106	22	27	118	24	122	25	97	33
TOLAI	9	F	172	171	94	125	129	105	117	109	99	66	48	31	39	108	24	59	89	23	94	15	96	19	21	100	20	109	25	94	30
TOLAI	9	F	188	184	100	129	139	111	119	111	108	64	48	32	40	114	31	61	97	21	99	15	100	23	22	105	23	122	28	99	30
TOLAI	9	F	176	174	99	127	125	100	118	100	101	66	46	33	39	111	24	67	96	27	96	17	96	21	21	105	24	110	21	94	28
TOLAI	9	F	177	174	95	124	126	105	113	106	100	67	49	35	39	109	27	66	93	24	98	16	98	21	25	100	22	119	30	90	26
TOLAI	9	F	179	178	100	129	129	113	118	103	102	60	49	34	40	116	27	64	90	24	100	16	100	24	21	106	24	120	28	93	26
TOLAI	9	F	172	170	97	124	127	106	114	102	103	64	47	33	40	109	25	60	87	24	95	16	95	20	21	98	21	114	27	89	26
TOLAI	9	F	171	168	94	121	125	105	106	102	104	63	45	28	37	107	29	58	88	26	97	16	94	22	21	98	22	109	26	90	28
TOLAI	9	F	178	174	102	130	126	111	113	100	103	63	46	32	39	115	27	63	98	26	98	16	98	22	24	103	27	108	23	90	28
TOLAI	9	F	176	174	99	132	123	106	115	99	104	67	50	32	38	110	27	68	90	24	99	20	97	24	25	101	22	122	27	90	23
TOLAI	9	F	171	169	94	128	130	112	116	102	101	60	45	31	37	106	26	61	88	27	96	14	94	20	20	101	26	113	28	91	23
TOLAI	9	F	174	172	98	127	127	105	118	105	102	61	48	33	39	112	26	61	96	21	98	18	97	21	20	104	24	106	23	92	28
TOLAI	9	F	176	171	95	125	129	107	119	103	100	64	49	32	40	111	26	63	86	25	94	15	95	18	22	100	21	106	25	90	32
TOLAI	9	F	177	174	95	132	132	109	113	106	99	60	48	31	39	112	30	64	95	22	95	14	96	21	23	113	28	117	27	93	26
TOLAI	9	F	178	175	93	124	126	103	111	98	99	63	46	33	40	107	28	63	91	23	95	17	96	20	21	108	26	108	23	92	32
TOLAI	9	F	180	177	92	125	123	103	115	100	100	69	46	33	42	110	26	62	86	22	100	14	100	22	22	101	21	114	25	100	33
TOLAI	9	F	173	171	91	125	127	103	108	101	98	59	45	32	38	107	26	58	87	24	94	13	94	20	18	102	26	109	22	101	29
TOLAI	9	F	177	174	98	130	128	106	119	107	110	65	46	34	42	116	27	63	93	27	103	17	103	23	19	103	22	121	29	91	25
TOLAI	9	F	180	178	98	129	130	110	120	107	102	65	50	33	39	114	26	62	91	23	100	18	99	22	21	106	24	112	22	100	30
TOLAI	9	F	172	170	96	127	126	104	115	98	100	59	47	30	37	113	26	64	95	27	95	14	94	20	21	102	23	114	25	95	26
TOLAI	9	F	167	166	91	125	128	103	113	104	98	67	45	33	40	109	26	63	90	23	99	17	97	23	23	103	23	108	23	93	27
TOLAI	9	F	164	161	93	125	126	111	116	100	100	59	44	31	36	104	26	59	84	25	96	15	94	24	18	95	22	107	25	90	24
TOLAI	9	F	170	168	97	126	129	104	116	106	105	65	45	30	40	105	24	62	89	27	95	18	93	18	22	103	22	104	22	90	29
TOLAI	9	F	182	179	99	127	122	105	111	104	104	67	47	31	42	116	30	68	95	24	101	16	103	24	25	108	25	112	23	97	28
TOLAI	9	F	182	177	99	129	133	109	124	103	108	66	49	35	41	122	30	67	94	24	102	15	104	25	20	109	24	116	26	91	27
TOLAI	9	F	178	177	104	130	128	113	121	101	113	68	49	33	41	119	29	66	98	29	103	21	102	26	21	108	26	111	24	91	27
TOLAI	9	F	172	169	95	127	126	103	114	101	104	62	47	33	40	109	25	59	89	28	95	13	95	18	20	103	26	110	24	92	28
TOLAI	9	F	177	175	98	127	129	108	118	104	104	62	47	34	38	111	27	60	89	24	96	15	95	22	21	108	27	107	25	96	33
TOLAI	9	F	173	170	99	132	133	109	119	106	102	54	44	31	36	107	28	61	86	26	92	14	91	20	20	106	24	107	26	96	29
TOLAI	9	F	179	176	101	127	132	110	118	104	105	66	51	34	40	111	28	63	88	26	97	17	96	20	19	107	27	109	20	92	27
TOLAI	9	F	178	175	98	127	124	103	111	98	104	66	48	34	39	108	28	61	95	28	95	16	98	23	25	100	20	115	29	95	27
TOLAI	9	M	183	180	104	131	137	109	126	106	103	65	50	35	41	117	26	69	94	27	99	18	99	22	25	104	19	108	22	102	29
TOLAI	9	F	174	172	95	135	135	119	120	105	100	65	49	33	41	115	29	66	92	25	101	16	101	23	20	107	26	120	26	94	26
TOLAI	9	F	168	166	95	132	125	101	112	99	100	66	47	32	37	111	25	61	92	26	91	15	91	20	20	102	20	114	27	87	27
TOLAI	9	F	178	174	94	128	133	107	114	108	98	61	45	32	37	108	24	57	89	24	94	15	92	19	22	102	23	121	27	94	28
TOLAI	9	F	173	169	96	130	127	105	113	98	100	59	44	33	40	113	27	62	93	24	97	15	98	21	21	105	24	110	23	93	29
TOLAI	9	F	167	166	90	120	124	106	110	101	98	57	41	34	37	105	25	58	83	25	89	14	89	18	19	98	23	111	25	89	26
TOLAI	9	F	181	178	103	133	131	112	121	104	105	70	53	36	41	120	29	65	98	24	102	16	100	21	24	110	25	107	21	96	28
TOLAI	9	F	173	171	91	130	131	107	113	106	99	63	45	33	37	110	29	59	91	26	95	16	95	24	20	106	26	114	25	96	28
TOLAI	9	F	184	181	95	126	129	109	115	104	107	65	50	34	40	111	27	60	92	23	94	13	96	19	20	105	27	118	24	92	33
TOLAI	9	F	174	172	95	125	126	103	106	102	104	56	42	32	39	109	26	60	86	24	94	14	96	20	14	102	22	113	26	95	28
TOLAI	9	F	169	167	93	129	122	112	111	105	92	58	48	31	39	108	25	58	88	25	92	17	93	20	22	101	27	111	25	95	26
TOLAI	9	F	172	169	86	122	134	109	114	107	98	61	42	28	38	108	26	62	90	25	95	13	94	22	21	101	24	115	27	97	31
TOLAI	9	F	166	162	95	125	121	97	111	103	96	56	45	30	37	104	25	62	86	24	89	14	90	19	18	97	21	102	23	93	28
TOLAI	9	F	169	166	87	119	130	105	110	105	96	60	44	29	40	111	24	62	94	24	95	13	97	20	22	100	23	110	25	90	31
TOLAI	9	F	168	166	95	125	124	99	107	103	103	63	48	30	41	107	29	61	90	28	95	15	96	20	22	95	20	110	27	95	27
TOLAI	9	F	181	179	103	128	131	108	121	110	108	67	48	36	40	113	27	64	92	26	99	19	100	24	21	99	21	117	26	98	29
TOLAI	9	F	168	167	94	127	120	103	110	97	97	58	46	32	40	112	27	64	89	24	96	18	97	22	20	101	19	115	28	90	25
TOLAI	9	F	176	173	93	120	124	105	111	101	103	63	47	32	40	110	28	60	92	22	98	14	98	21	23	102	23	115	24	91	27
TOLAI	9	F	175	171	92	123	125	107	111	99	102	59	43	32	36	109	27	64	92	23	93	11	93	22	18	101	24	113	26	92	29
TOLAI	9	F	169	164	91	126	128	107	117	99	98	56	43	33	36	110	26	61	93	25	93	12	92	20	21	100	22	112	28	93	24
TOLAI	9	F	168	166	94	128	134	109	121	104	97	62	45	31	39	114	24	63	87	20	96	16	95	20	21	103	21	107	24	91	23
TOLAI	9	F	183	178	99	137	132	110	119	108	99	66	47	31	39	112	25	66	93	31	96	17	96	22	21	110	24	114	25	95	30
TOLAI	9	F	175	173	96	127	127	110	116	105	97	63	46	32	41	110	26	63	91	28	97	17	97	20	18	102	22	114	23	95	25
TOLAI	9	F	169	167	93	125	126	102	118	100	104	63	46	32	37	112	28	59	94	22	95	13	95	22	20	97	21	116	27	92	27
TOLAI	9	F	179	175	93	134	133	109	120	110	100	65	48	32	39	113	24	61	92	25	96	14	96	20	22	110	28	124	28	96	28
MOKAPU	10	M	181	178	104	147	146	115	129	110	102	66	49	34	39	116	26	63	96	24	96	14	95	19	23	113	24	114	24	105	28
MOKAPU	10	M	174	172	105	130	134	109	124	105	100	70	54	34	40	121	28	62	97	23	99	18	98	22	21	113	24	93	17	95	23
MOKAPU	10	M	185	183	101	147	150	125	131	110	104	71	55	36	40	122	25	71	100	27	100	12	100	23	26	120	26	112	23	105	25
MOKAPU	10	M	181	179	102	138	136	112	120	99	94	62	49	33	40	113	26	60	92	24	95	18	93	18	23	123	30	106	24	94	25
MOKAPU	10	M	181	179	109	148	146	121	133	105	106	71	57	34	38	122	25	66	101	23	98	15	99	24	28	120	23	112	24	96	20
MOKAPU	10	M	178	176	102	132	134	105	123	104	99	61	50	33	39	111	25	63	96	21	93	13	94	17	24	108	22	107	22	100	26
MOKAPU	10	M	187	183	113	148	140	114	130	106	111	68	52	37	42	119	27	64	99	23	100	14	101	21	22	116	25	111	23	98	29
MOKAPU	10	M	196	192	103	142	138	113	128	115	100	71	54	36	40	120	27	63	94	23	97	14	97	19	25	116	22	117	23	112	35
MOKAPU	10	M	181	178	112	147	141	119	130	110	107	72	50	36	41	124	27	64	97	22	103	16	103	20	24	115	21	106	23	105	30
MOKAPU	10	M	182	181	107	138	148	119	133	105	102	75	60	33	43	125	29	71	102	29	104	18	103	21	27	119	26	110	26	97	25
MOKAPU	10	M	186	183	104	145	140	118	129	111	103	66	53	34	41	124	35	63	96	26	102	14	102	22	24	118	26	119	25	102	25
MOKAPU	10	M	181	179	102	139	142	116	129	110	105	71	53	34	40	123	28	68	101	29	100	17	102	26	29	117	23	110	26	103	28
MOKAPU	10	M	183	179	103	143	149	122	131	111	103	65	51	34	40	116	26	61	97	24	99	14	98	20	23	113	25	113	25	99	27
MOKAPU	10	M	184	183	109	149	149	120	129	116	105	72	53	38	43	126	25	69	106	24	104	20	104	22	30	122	28	106	20	108	29
MOKAPU	10	M	174	170	103	141	139	112	123	100	96	67	54	36	40	117	27	61	92	21	97	13	97	19	25	109	23	108	29	97	24
MOKAPU	10	M	194	191	109	152	146	118	130	110	106	69	56	37	40	121	28	64	94	24	100	15	100	22	24	128	25	118	27	101	24
MOKAPU	10	M	192	190	109	150	149	122	133	110	110	72	55	36	42	125	27	68	107	23	102	14	103	22	26	123	29	123	28	102	30
MOKAPU	10	M	190	186	113	146	147	118	132	113	117	70	55	33	43	125	29	71	108	25	103	18	104	22	30	119	23	112	25	106	28
MOKAPU	10	M	188	184	102	137	135	113	122	112	103	62	51	34	40	121	27	62	98	22	99	13	99	22	26	114	26	115	21	102	28
MOKAPU	10	M	190	187	109	147	148	123	134	105	107	70	56	35	40	125	29	68	97	27	99	20	98	20	25	124	27	122	32	96	26
MOKAPU	10	M	193	189	115	154	148	122	128	116	110	73	57	35	41	119	28	67	99	23	100	13	100	21	27	121	25	116	29	107	24
MOKAPU	10	M	180	177	106	143	140	118	125	104	101	70	53	34	42	118	28	68	102	23	100	17	100	20	25	112	23	111	26	99	26
MOKAPU	10	M	197	196	109	143	151	121	136	112	115	77	58	40	41	125	30	70	107	25	102	14	102	23	29	125	29	123	27	104	29
MOKAPU	10	M	180	178	114	143	140	114	135	112	109	71	55	39	40	128	27	64	102	24	104	19	104	26	28	115	22	106	24	98	22
MOKAPU	10	M	190	188	104	147	145	114	123	109	97	72	54	37	40	116	25	61	91	22	97	16	98	20	24	118	22	126	28	103	26
MOKAPU	10	M	182	178	103	140	145	118	123	109	100	63	48	34	39	120	28	63	90	20	98	13	96	22	25	111	25	106	23	109	29
MOKAPU	10	M	184	181	109	151	142	120	124	112	108	67	52	33	41	117	30	65	100	27	100	17	100	21	25	119	27	119	28	98	20
MOKAPU	10	M	184	180	109	151	147	123	132	112	104	69	54	36	39	124	29	71	102	23	101	15	102	23	27	117	24	114	24	106	26
MOKAPU	10	M	188	185	110	141	145	116	120	106	104	70	54	35	38	114	29	63	97	26	95	18	94	22	28	116	28	113	23	96	28
MOKAPU	10	M	197	195	114	140	142	116	122	107	109	67	53	32	42	117	30	63	92	26	101	19	100	21	22	120	28	113	24	107	28
MOKAPU	10	M	185	181	109	142	138	110	123	106	106	66	52	35	42	118	27	69	97	26	99	17	101	21	23	113	22	112	26	98	26
MOKAPU	10	M	197	194	102	144	152	127	129	109	95	73	55	36	40	125	26	69	101	25	103	18	101	24	23	124	28	121	26	103	29
MOKAPU	10	M	185	180	103	143	141	116	126	110	105	64	51	36	39	115	27	67	96	27	98	13	97	22	24	115	22	113	28	98	27
MOKAPU	10	M	195	191	111	139	151	118	131	121	109	71	60	35	44	125	27	66	101	27	106	19	106	22	29	119	22	111	21	106	28
MOKAPU	10	M	190	186	102	143	148	118	127	110	103	68	50	35	40	120	27	67	100	26	103	16	102	22	25	117	25	110	21	107	32
MOKAPU	10	M	185	180	108	143	141	107	128	107	109	62	52	32	42	121	27	71	102	28	99	18	100	21	26	120	24	111	24	94	25
MOKAPU	10	M	196	188	110	144	134	113	118	104	110	63	48	35	40	115	25	66	95	26	101	14	100	21	23	120	29	120	27	100	29
MOKAPU	10	M	183	183	107	147	148	118	133	105	102	69	53	35	41	120	27	66	94	25	103	17	103	25	24	116	24	115	27	103	27
MOKAPU	10	M	186	181	108	144	139	115	125	104	100	67	49	33	40	123	29	64	101	23	100	16	101	23	26	115	26	117	26	100	25
MOKAPU	10	M	192	187	112	148	147	121	138	117	106	72	59	35	40	125	27	70	101	27	107	17	106	27	27	118	21	116	25	106	25
MOKAPU	10	M	184	183	106	141	148	117	129	110	98	63	54	36	40	118	26	64	104	23	100	18	99	22	26	118	24	106	24	106	26
MOKAPU	10	M	174	172	99	135	139	111	126	105	93	67	54	35	40	121	26	63	102	22	100	17	99	21	26	114	23	102	23	100	22
MOKAPU	10	M	190	188	105	146	144	116	130	109	106	68	55	36	43	121	29	64	106	27	102	14	103	21	25	123	27	113	23	108	27
MOKAPU	10	M	188	187	106	141	142	110	130	105	100	70	52	34	41	123	26	64	101	26	101	17	101	22	25	117	21	117	30	102	23
MOKAPU	10	M	197	193	115	155	139	118	131	113	113	72	54	37	42	122	28	76	111	32	108	20	104	24	26	117	23	124	27	110	29
MOKAPU	10	M	186	184	109	150	142	124	128	105	103	68	52	36	42	121	30	64	97	23	98	15	98	18	24	120	28	112	26	107	26
MOKAPU	10	M	194	190	110	152	155	127	137	116	116	75	53	36	41	128	28	72	104	27	106	18	106	27	27	122	25	112	23	112	27
MOKAPU	10	M	184	180	109	147	141	117	130	103	104	71	54	34	40	123	26	64	98	30	99	19	96	20	26	120	26	109	25	100	26
MOKAPU	10	M	178	176	105	138	145	119	126	109	108	69	53	37	43	122	27	64	100	28	99	14	100	18	27	114	20	106	24	104	23
MOKAPU	10	M	186	182	103	141	147	119	121	107	98	63	52	34	41	118	25	65	96	24	100	16	99	22	26	117	26	112	27	105	31
MOKAPU	10	M	184	182	104	144	147	121	126	116	101	68	52	34	40	121	27	63	94	25	99	18	98	21	24	120	26	107	23	106	28
MOKAPU	10	F	169	168	96	132	134	112	115	97	90	63	47	34	38	108	23	59	91	25	90	14	91	18	22	107	23	103	21	96	21
MOKAPU	10	F	173	171	103	136	145	111	119	103	102	68	52	35	40	110	25	63	88	24	92	14	93	18	25	111	23	103	22	94	24
MOKAPU	10	F	173	172	95	139	139	116	122	104	93	67	53	33	37	112	25	62	93	24	90	12	91	18	26	115	23	108	24	101	22
MOKAPU	10	F	171	170	102	136	141	119	117	96	103	66	51	33	39	116	27	63	96	19	97	15	97	22	26	110	24	101	21	103	27
MOKAPU	10	F	163	162	97	131	128	105	116	100	97	63	49	34	39	106	23	60	90	26	88	14	89	16	23	103	20	99	23	95	21
MOKAPU	10	F	181	179	101	143	140	118	118	109	100	66	52	33	39	115	25	67	96	27	93	17	93	21	26	118	27	117	28	100	25
MOKAPU	10	F	172	169	100	137	135	110	121	101	99	62	52	36	39	112	25	61	91	26	95	14	94	19	21	110	25	108	26	94	23
MOKAPU	10	F	173	172	97	135	139	114	115	106	99	64	48	32	38	114	28	64	95	23	95	11	97	22	25	116	26	108	24	101	25
MOKAPU	10	F	169	167	102	138	135	109	120	102	107	62	48	34	41	113	28	61	96	25	96	15	98	18	24	108	23	113	27	88	20
MOKAPU	10	F	178	176	105	140	139	109	119	104	105	71	52	36	41	113	27	65	90	24	97	16	97	19	22	113	22	102	24	104	21
MOKAPU	10	F	189	187	104	139	144	111	118	108	101	66	50	37	40	114	29	66	92	27	96	17	96	19	23	119	27	106	21	105	36
MOKAPU	10	F	181	179	106	139	146	110	130	111	108	65	49	33	41	122	28	67	101	21	100	12	101	20	26	114	24	105	21	105	30
MOKAPU	10	F	178	177	103	141	141	111	115	101	99	62	48	35	39	107	28	63	91	21	93	15	94	20	25	114	26	107	21	106	27
MOKAPU	10	F	180	179	100	141	140	111	122	101	97	67	52	35	41	114	26	69	88	28	96	15	97	20	22	118	29	107	22	106	29
MOKAPU	10	F	179	178	102	142	146	120	121	107	101	65	52	37	40	114	28	65	95	23	98	13	100	21	24	120	27	104	21	104	25
MOKAPU	10	F	177	175	107	139	141	114	118	106	105	64	49	36	40	110	26	66	91	27	95	14	95	18	22	108	25	111	24	101	25
MOKAPU	10	F	168	167	95	127	138	117	113	103	96	64	48	35	38	110	26	60	93	22	93	13	95	19	23	108	24	94	20	98	25
MOKAPU	10	F	176	175	97	138	153	117	126	104	96	71	53	36	40	119	27	64	96	16	98	13	99	20	26	113	26	107	21	104	23
MOKAPU	10	F	178	177	105	133	139	107	115	103	100	64	49	34	39	111	27	61	92	24	92	17	95	21	22	112	24	106	23	99	25
MOKAPU	10	F	179	178	103	137	132	108	121	105	105	62	50	33	39	114	28	62	95	25	95	14	96	19	25	105	23	111	24	103	27
MOKAPU	10	F	187	184	100	144	139	118	116	110	100	69	51	35	40	115	27	62	92	24	95	14	96	19	24	121	29	115	25	102	27
MOKAPU	10	F	179	178	107	135	132	112	112	99	102	63	47	34	39	115	26	59	94	20	96	17	96	22	24	109	23	108	21	94	27
MOKAPU	10	F	176	173	103	137	138	108	116	103	102	64	49	36	40	109	22	65	94	25	94	17	96	18	21	109	22	111	25	99	24
MOKAPU	10	F	165	163	94	125	128	109	109	98	93	57	46	30	35	107	24	57	86	22	86	12	88	20	24	104	24	103	23	89	24
MOKAPU	10	F	175	173	102	137	139	115	118	105	101	69	51	36	41	114	25	64	92	23	97	14	99	19	23	112	24	100	21	103	22
MOKAPU	10	F	171	171	103	139	138	111	126	108	101	64	51	33	39	109	27	63	90	27	93	16	94	21	25	109	25	92	17	112	28
MOKAPU	10	F	178	176	104	139	137	117	122	103	104	65	50	36	40	112	26	60	88	20	94	13	94	16	21	115	30	110	27	98	24
MOKAPU	10	F	186	184	108	147	139	111	122	105	102	67	49	33	39	115	26	58	92	22	96	16	95	21	25	114	24	104	16	113	32
MOKAPU	10	F	183	182	104	140	140	113	122	105	105	65	47	33	40	120	26	66	97	23	100	14	100	23	27	120	28	105	24	100	27
MOKAPU	10	F	174	172	100	129	137	108	118	99	98	68	50	35	41	108	25	60	89	23	94	14	96	18	21	108	23	109	24	98	22
MOKAPU	10	F	172	171	98	134	143	113	121	103	95	67	52	35	40	113	26	62	95	24	96	15	99	22	25	114	25	102	20	97	22
MOKAPU	10	F	184	183	105	140	135	102	114	102	103	61	50	33	41	111	25	59	85	22	96	16	95	18	24	115	26	113	24	100	29
MOKAPU	10	F	180	178	98	139	141	113	118	105	102	61	44	32	39	112	26	64	95	23	98	14	98	22	24	114	26	106	23	103	32
MOKAPU	10	F	176	173	98	137	137	110	113	94	97	59	46	32	37	103	23	57	88	21	88	12	89	18	22	109	25	112	25	101	28
MOKAPU	10	F	176	174	101	136	130	110	120	105	100	61	47	34	39	116	27	58	97	24	98	15	99	23	22	109	25	108	22	92	28
MOKAPU	10	F	172	170	104	133	134	106	119	101	100	60	48	35	41	112	28	58	93	21	94	15	96	17	21	106	24	102	22	100	27
MOKAPU	10	F	171	170	103	135	134	108	119	100	101	64	50	33	40	112	25	61	92	23	97	19	95	21	25	108	23	95	14	107	26
MOKAPU	10	F	178	175	103	132	144	115	126	104	105	57	45	33	41	117	26	64	97	24	101	17	99	20	22	110	25	101	21	104	29
MOKAPU	10	F	177	173	100	137	145	117	120	99	98	60	48	35	39	112	25	59	95	20	97	13	98	22	23	108	26	109	24	99	28
MOKAPU	10	F	173	172	107	138	133	111	117	101	106	60	47	34	39	116	27	60	93	21	100	18	100	25	21	107	20	105	23	98	23
MOKAPU	10	F	169	168	102	141	135	111	120	100	102	61	47	31	38	110	23	57	91	21	93	16	93	20	21	112	22	99	20	106	23
MOKAPU	10	F	184	180	105	138	143	115	126	104	107	67	50	34	40	118	28	60	100	26	104	20	102	24	28	116	27	111	25	96	26
MOKAPU	10	F	174	172	102	137	140	111	118	99	100	63	48	35	37	110	26	58	95	25	93	15	93	20	23	115	26	107	21	94	26
MOKAPU	10	F	169	169	100	140	139	111	113	97	97	64	53	34	39	107	25	60	93	26	93	17	92	18	23	114	25	105	25	96	19
MOKAPU	10	F	171	171	102	125	138	109	124	102	102	61	51	33	40	118	28	62	92	18	97	16	98	23	23	99	19	97	20	101	24
MOKAPU	10	F	175	174	97	131	140	107	118	102	96	69	54	37	39	112	26	62	91	25	92	13	92	16	24	105	21	111	23	101	24
MOKAPU	10	F	180	178	104	135	145	119	124	105	99	62	49	34	42	119	25	62	96	22	103	18	104	23	23	114	22	107	23	94	24
MOKAPU	10	F	172	170	103	135	141	116	123	103	99	60	51	34	41	115	28	62	91	24	97	15	98	22	22	108	23	101	20	100	20
MOKAPU	10	F	160	160	94	134	136	112	117	98	90	54	45	32	38	110	25	58	87	22	92	11	92	18	21	107	24	107	24	92	20
BURIAT	26	M	178	175	104	141	150	125	137	111	93	76	57	34	45	124	28	70	102	23	101	17	102	19	30	105	23	113	22	97	33
BURIAT	26	M	185	183	106	134	145	121	127	116	99	76	59	33	39	122	30	63	102	21	98	18	99	22	29	116	29	103	18	102	32
BURIAT	26	M	191	190	104	138	159	128	142	118	101	78	59	37	40	128	28	68	101	19	98	13	99	21	31	121	31	110	22	104	31
BURIAT	26	M	184	179	100	126	166	129	142	126	96	76	59	38	40	121	29	70	99	18	102	13	101	23	28	117	26	109	22	91	34
BURIAT	26	M	185	183	102	131	158	124	137	120	96	76	54	36	43	124	26	69	101	18	100	18	101	17	30	115	22	114	23	93	33
BURIAT	26	M	183	181	101	140	164	135	140	116	92	71	57	36	42	125	26	66	102	18	102	15	101	22	28	116	28	118	22	106	29
BURIAT	26	M	187	184	108	141	149	126	135	118	100	74	58	37	43	127	30	70	109	20	103	14	104	23	27	113	26	102	20	115	35
BURIAT	26	M	188	186	112	135	167	133	146	128	104	80	61	36	46	133	30	77	110	19	109	17	110	21	28	117	29	104	18	98	32
BURIAT	26	M	177	174	104	137	150	122	137	117	98	66	53	36	43	130	27	70	110	17	106	15	108	23	26	108	23	114	26	85	26
BURIAT	26	M	172	171	98	128	150	123	130	114	92	70	54	36	40	117	26	63	97	19	96	14	97	21	25	107	24	108	26	96	29
BURIAT	26	M	191	188	98	130	160	129	140	122	98	75	59	37	42	129	30	68	106	17	106	13	107	21	29	115	24	115	21	108	37
BURIAT	26	M	183	181	106	133	157	123	144	114	98	82	61	40	44	132	31	76	103	21	109	18	107	22	30	111	22	105	20	92	34
BURIAT	26	M	189	187	106	139	157	125	138	119	97	78	60	38	43	125	29	75	104	16	102	16	105	20	28	119	25	113	23	96	31
BURIAT	26	M	180	178	107	132	159	132	138	123	103	71	57	37	42	124	28	68	107	17	99	12	102	20	26	110	23	106	22	94	28
BURIAT	26	M	194	191	103	134	163	139	135	112	104	79	60	38	42	127	29	69	108	24	106	17	106	24	30	122	28	115	18	101	36
BURIAT	26	M	179	177	99	134	160	128	138	122	98	72	53	36	41	124	31	69	109	16	103	13	101	19	25	113	26	117	26	93	29
BURIAT	26	M	182	177	100	131	157	125	140	122	98	69	53	34	40	126	29	68	103	19	99	14	101	20	28	115	27	110	22	97	28
BURIAT	26	M	190	186	101	130	166	122	143	125	101	80	61	36	40	124	30	72	106	21	102	13	101	21	31	114	24	112	23	96	38
BURIAT	26	M	187	184	104	132	159	132	142	123	100	75	59	34	40	129	26	64	107	19	99	14	101	23	32	114	28	116	23	93	33
BURIAT	26	M	185	182	103	127	155	126	140	118	102	75	57	38	42	125	25	63	100	23	105	18	104	23	28	111	24	115	24	89	30
BURIAT	26	M	180	177	104	133	154	125	135	115	101	76	58	35	40	124	30	72	101	24	102	17	102	25	30	108	23	104	21	90	31
BURIAT	26	M	186	182	100	124	149	122	127	113	103	68	54	34	40	117	26	65	105	23	98	15	98	21	28	115	26	116	24	86	30
BURIAT	26	M	184	181	95	131	151	124	132	116	94	78	60	36	42	122	27	74	103	22	102	16	103	22	26	117	25	112	27	99	32
BURIAT	26	M	176	175	97	123	149	127	123	105	103	68	53	32	39	122	30	66	104	20	100	17	99	24	32	113	23	112	25	90	25
BURIAT	26	M	184	182	107	131	160	131	137	126	112	76	55	36	44	126	27	69	103	22	104	18	106	21	31	117	25	114	24	95	29
BURIAT	26	M	178	174	99	121	149	121	132	114	103	80	62	37	40	122	28	70	100	21	95	8	97	19	31	107	23	107	23	87	30
BURIAT	26	M	177	176	103	126	150	119	138	120	101	73	57	36	44	122	28	75	101	18	98	16	100	18	30	112	25	96	17	97	28
BURIAT	26	M	184	180	99	123	142	122	128	112	100	72	56	35	39	119	29	63	97	21	97	14	97	21	27	112	26	107	21	93	33
BURIAT	26	M	181	178	98	134	157	126	144	116	86	78	60	38	42	126	30	66	98	15	104	13	105	23	26	113	26	110	22	92	34
BURIAT	26	M	170	170	102	133	150	125	132	119	100	68	53	33	40	124	28	72	104	20	104	18	105	25	26	109	22	107	25	98	26
BURIAT	26	M	180	177	101	135	138	118	125	110	91	73	54	35	40	116	24	65	97	20	96	15	97	22	29	110	28	114	25	96	29
BURIAT	26	M	180	177	107	138	151	119	134	118	107	73	57	34	38	122	32	65	97	17	98	15	100	24	29	113	20	105	24	91	24
BURIAT	26	M	183	180	99	133	149	123	135	112	97	68	53	35	43	116	25	65	96	19	99	18	102	20	24	117	27	111	25	102	31
BURIAT	26	M	174	170	98	136	157	128	138	112	96	71	55	36	39	122	26	68	100	19	99	11	100	22	26	110	26	107	24	92	29
BURIAT	26	M	185	183	104	138	153	125	140	120	102	79	62	36	44	134	29	75	116	26	105	15	108	19	33	114	22	115	27	91	33
BURIAT	26	M	187	183	104	136	154	127	137	122	98	79	61	38	41	128	32	66	106	19	102	13	105	25	32	112	26	112	23	90	33
BURIAT	26	M	183	179	106	138	157	127	138	120	101	70	56	31	40	127	30	72	113	17	107	16	107	28	32	113	26	109	25	100	28
BURIAT	26	M	175	173	102	135	153	129	134	114	94	74	56	34	41	123	27	70	102	19	101	20	101	24	30	113	28	107	25	90	29
BURIAT	26	M	182	178	103	135	149	115	137	118	93	72	61	38	40	121	32	71	106	19	101	17	100	23	29	109	27	110	22	94	30
BURIAT	26	M	168	165	100	132	155	127	135	115	103	67	50	33	41	123	30	65	100	16	97	12	99	20	25	103	21	108	22	90	25
BURIAT	26	M	182	179	104	138	152	122	142	115	100	70	53	36	41	124	28	65	101	20	100	15	101	20	29	111	22	110	24	98	31
BURIAT	26	M	171	170	99	122	160	127	134	119	97	70	54	36	41	118	29	66	98	16	100	19	100	21	27	111	28	103	23	92	26
BURIAT	26	M	178	176	97	126	153	119	134	120	95	74	56	35	41	122	30	65	104	20	97	15	98	19	29	110	22	106	20	89	32
BURIAT	26	M	174	171	97	125	164	130	142	119	94	76	58	35	42	129	27	74	113	16	103	12	105	22	35	110	24	108	22	86	28
BURIAT	26	M	191	185	98	135	167	145	145	122	103	77	55	36	43	135	29	77	120	20	107	14	108	23	33	124	33	114	21	92	36
BURIAT	26	M	176	175	97	127	150	129	135	112	103	81	58	38	42	124	27	66	103	20	101	14	103	22	28	112	28	114	26	86	27
BURIAT	26	M	187	185	105	134	162	135	139	116	100	70	55	35	44	136	31	72	111	22	111	16	113	25	29	121	31	102	17	100	37
BURIAT	26	M	178	175	104	138	154	128	139	110	101	74	52	33	40	128	27	66	102	19	98	12	98	20	32	105	22	106	25	97	31
BURIAT	26	M	191	190	99	136	152	128	127	110	99	81	60	35	40	121	28	74	109	19	100	17	100	25	33	120	30	117	23	104	32
BURIAT	26	M	172	171	96	129	145	114	131	112	97	74	52	37	42	120	26	64	102	16	102	17	102	21	27	117	27	100	19	84	28
BURIAT	26	M	180	177	101	139	145	127	123	106	99	81	59	39	43	124	28	69	109	24	101	12	102	18	30	115	27	112	22	97	27
BURIAT	26	M	190	186	105	135	159	134	140	115	98	76	58	38	43	128	29	70	111	23	105	18	106	22	30	125	29	113	18	92	32
BURIAT	26	M	189	186	113	136	164	133	149	120	111	82	61	36	46	138	34	70	107	20	106	16	110	22	29	117	26	109	25	89	27
BURIAT	26	M	173	173	96	130	163	135	136	123	97	75	57	39	40	129	27	69	109	20	99	13	100	24	26	115	26	107	24	91	32
BURIAT	26	F	166	166	94	125	150	124	131	110	92	76	57	36	40	119	28	68	96	20	97	16	97	20	29	108	24	102	23	87	26
BURIAT	26	F	171	169	97	126	146	112	128	113	96	65	49	35	39	112	25	60	96	19	95	14	96	20	24	110	27	101	20	95	28
BURIAT	26	F	175	175	93	123	150	122	128	118	95	68	54	35	40	114	27	63	93	15	94	12	96	19	26	114	25	106	25	100	29
BURIAT	26	F	176	175	97	121	151	124	131	118	91	71	55	35	37	112	27	63	93	16	92	14	92	21	29	108	27	96	19	100	33
BURIAT	26	F	180	179	102	128	155	124	138	117	104	76	57	36	41	122	30	63	101	17	103	17	104	23	28	112	26	106	20	98	31
BURIAT	26	F	179	178	101	128	157	129	134	120	92	72	53	34	41	123	27	68	100	18	104	17	102	24	28	112	27	104	25	97	32
BURIAT	26	F	173	171	99	133	156	127	138	118	95	69	54	35	39	119	29	74	100	18	97	13	99	21	30	114	25	104	21	102	26
BURIAT	26	F	170	169	94	130	151	128	137	112	99	74	57	36	40	119	25	61	100	21	94	13	95	18	28	115	28	112	23	82	26
BURIAT	26	M	171	171	97	132	152	123	130	115	89	75	58	36	42	121	23	69	104	18	102	17	100	21	31	110	21	109	25	98	30
BURIAT	26	F	169	168	99	129	144	128	124	104	94	74	56	36	41	114	30	69	94	21	97	16	98	21	27	109	27	106	22	85	22
BURIAT	26	F	175	175	95	115	142	115	125	111	97	72	54	38	42	114	29	65	97	20	93	13	98	18	26	107	24	97	16	93	36
BURIAT	26	F	163	162	97	127	148	122	127	112	93	67	52	35	38	110	27	64	93	20	93	14	93	18	26	107	25	97	20	94	23
BURIAT	26	F	181	179	102	120	149	125	121	109	106	69	53	33	42	119	29	64	100	25	96	17	98	19	27	111	30	96	16	99	34
BURIAT	26	F	166	165	89	131	150	124	125	108	85	67	51	33	39	112	26	65	94	17	95	14	95	19	24	110	27	109	25	98	29
BURIAT	26	F	176	176	100	129	140	112	127	110	97	70	50	37	40	110	22	64	90	20	90	14	92	15	26	115	27	99	17	98	30
BURIAT	26	F	158	157	91	119	142	118	123	101	90	64	50	34	38	115	26	63	90	16	96	14	96	21	24	105	23	98	22	88	22
BURIAT	26	F	170	169	93	124	144	121	132	112	91	69	53	35	39	113	26	62	100	21	93	13	94	17	27	106	27	105	22	90	27
BURIAT	26	F	167	167	93	117	149	122	127	110	96	64	52	37	40	116	27	64	104	16	100	16	100	21	27	106	25	96	21	92	26
BURIAT	26	F	170	169	104	130	154	127	133	107	100	75	57	36	40	115	29	67	96	18	93	14	96	20	27	111	28	98	22	89	25
BURIAT	26	F	162	160	89	123	150	120	123	115	82	62	52	34	36	112	29	63	95	19	91	13	91	20	27	101	22	98	20	95	32
BURIAT	26	F	179	176	96	130	155	125	134	117	90	72	55	34	41	118	27	65	104	16	97	16	100	22	28	115	29	107	23	99	31
BURIAT	26	F	174	172	95	121	142	113	127	110	100	71	52	32	40	118	27	68	96	20	99	15	100	21	30	104	25	105	24	85	30
BURIAT	26	F	167	166	95	130	144	118	130	110	89	72	57	38	40	107	27	62	90	17	93	13	94	17	24	107	23	98	17	96	29
BURIAT	26	F	173	172	96	129	153	123	129	115	100	68	52	37	40	116	26	68	97	18	96	12	93	18	26	117	28	99	18	103	32
BURIAT	26	F	171	170	95	129	142	115	123	112	90	64	48	35	37	114	25	64	94	16	92	13	94	20	26	107	24	105	20	93	29
BURIAT	26	F	171	168	92	130	161	130	131	122	93	71	55	37	38	116	24	62	94	19	99	15	98	24	26	112	28	108	23	96	31
BURIAT	26	F	183	181	101	130	155	125	128	119	102	65	53	36	43	115	30	65	97	18	100	14	103	20	24	113	27	114	23	97	30
BURIAT	26	F	170	170	98	127	147	115	133	112	97	72	51	32	41	114	27	62	90	17	97	15	99	19	24	108	23	95	19	96	31
BURIAT	26	F	169	169	97	119	138	115	125	105	96	66	51	34	39	115	27	66	96	16	98	16	100	22	30	106	25	103	22	88	26
BURIAT	26	F	171	170	97	126	141	114	128	107	95	64	51	32	38	112	26	66	94	21	90	18	92	19	24	107	25	110	26	83	24
BURIAT	26	F	175	175	98	125	148	127	129	111	91	77	58	35	39	112	25	60	97	19	96	17	97	24	24	105	22	97	19	103	32
BURIAT	26	F	174	172	95	133	147	120	129	116	95	77	61	36	42	110	27	67	95	19	91	14	94	16	27	112	25	113	25	93	26
BURIAT	26	F	174	174	97	122	153	119	133	115	94	71	57	35	41	116	25	63	105	20	94	14	96	16	31	112	27	100	19	94	31
BURIAT	26	F	168	166	93	130	152	129	131	115	93	72	54	34	39	114	26	65	94	20	95	14	96	21	28	110	24	109	24	92	25
BURIAT	26	F	160	159	96	123	147	120	131	103	97	65	50	34	39	116	30	65	105	20	99	14	100	24	23	104	26	99	22	84	25
BURIAT	26	F	173	172	92	131	149	125	136	114	88	72	55	34	39	116	27	71	102	21	95	16	96	20	31	118	30	111	21	90	29
BURIAT	26	F	171	171	101	131	141	119	125	110	95	71	54	35	39	113	27	60	90	18	94	13	97	20	26	108	24	96	17	96	30
BURIAT	26	F	176	174	93	135	149	123	133	111	93	77	54	36	41	118	26	68	105	19	99	14	99	20	32	116	25	115	27	96	29
BURIAT	26	F	176	173	100	130	146	115	128	116	98	72	55	32	42	113	26	63	99	23	97	15	93	19	27	113	24	101	22	92	28
BURIAT	26	F	173	170	94	131	154	124	139	111	95	71	52	34	39	120	25	65	100	24	96	13	96	21	28	114	27	99	17	100	33
BURIAT	26	F	175	175	95	127	147	121	129	118	92	65	55	33	37	114	30	69	94	17	94	14	95	23	27	113	29	97	16	110	29
BURIAT	26	F	164	162	99	138	148	118	129	106	92	65	50	33	38	116	23	65	90	19	90	13	93	16	28	114	26	98	22	92	23
BURIAT	26	F	166	166	96	126	143	119	129	108	92	64	50	35	41	112	29	61	97	18	95	14	96	17	24	107	24	98	23	98	29
BURIAT	26	F	176	175	102	129	148	128	134	112	98	67	54	35	40	118	27	67	98	21	101	16	101	23	28	109	26	110	25	85	28
BURIAT	26	F	168	168	98	122	153	123	130	116	93	66	52	34	40	115	26	61	96	18	96	16	97	21	26	108	23	95	19	100	29
BURIAT	26	F	171	169	97	128	147	121	128	119	91	67	52	37	42	116	27	68	97	16	100	15	104	21	27	106	24	96	17	102	33
BURIAT	26	F	175	171	99	132	146	129	130	112	88	68	54	34	41	118	29	66	100	17	97	14	97	20	29	113	28	103	17	101	33
BURIAT	26	F	172	171	93	121	155	128	122	106	94	69	53	36	41	120	27	65	105	16	100	13	101	21	29	111	25	109	25	92	29
BURIAT	26	F	177	174	101	126	155	128	137	119	101	70	58	38	42	120	28	72	99	19	101	13	102	20	30	119	29	105	24	84	24
BURIAT	26	F	162	161	91	124	146	117	122	112	93	69	50	35	36	108	27	58	91	20	90	10	90	18	25	104	25	97	18	95	26
BURIAT	26	F	175	174	97	123	156	130	131	109	95	64	53	35	41	117	29	62	99	19	94	14	93	20	24	110	25	106	21	95	31
BURIAT	26	F	176	176	101	133	145	123	124	109	99	72	53	35	39	111	27	68	92	19	91	11	93	16	27	109	25	107	26	97	28
BURIAT	26	F	177	177	104	133	147	120	130	111	101	68	51	35	39	115	27	63	93	19	96	15	97	21	27	105	22	110	21	97	27
BURIAT	26	F	170	170	96	127	138	114	120	107	93	61	47	30	39	112	24	59	93	19	91	15	94	21	26	103	24	98	17	103	33
BURIAT	26	F	180	179	103	138	145	122	126	115	100	76	57	37	41	115	24	64	93	17	94	14	96	17	28	119	28	102	18	102	31
ESKIMO	27	M	193	189	102	138	136	109	122	106	102	75	52	38	42	113	25	65	89	17	97	13	99	17	23	115	31	116	25	99	31
ESKIMO	27	M	194	190	110	138	134	110	125	106	107	70	54	38	44	128	23	69	99	22	104	17	103	19	25	120	29	114	24	95	32
ESKIMO	27	M	179	175	101	129	141	114	130	111	104	73	53	37	43	127	25	68	105	18	103	14	104	20	23	107	24	110	27	86	27
ESKIMO	27	M	188	184	103	142	135	118	129	105	102	71	56	38	46	125	24	67	100	21	100	11	105	19	25	111	27	118	23	103	31
ESKIMO	27	M	195	192	110	140	130	112	125	108	107	79	58	35	41	123	23	65	106	22	100	20	100	20	30	109	25	119	24	104	29
ESKIMO	27	M	182	180	103	136	137	113	125	111	104	74	56	38	41	119	24	70	96	21	96	12	98	18	25	116	29	113	21	94	25
ESKIMO	27	M	188	184	105	136	133	115	131	111	103	70	54	35	39	121	20	68	103	17	94	13	96	19	27	118	30	106	20	107	34
ESKIMO	27	M	183	182	106	142	142	117	134	112	100	75	56	39	46	130	22	68	101	20	103	16	104	17	22	109	23	119	25	98	24
ESKIMO	27	M	197	194	110	141	137	116	131	117	104	68	55	37	40	113	23	64	95	18	96	16	95	18	26	116	28	114	21	106	35
ESKIMO	27	M	206	200	110	148	138	114	130	115	109	76	58	38	43	119	24	70	104	21	96	14	98	14	27	125	35	128	25	105	34
ESKIMO	27	M	191	188	108	136	139	115	128	113	108	64	50	37	41	115	25	64	98	20	97	16	96	16	26	122	30	111	22	102	31
ESKIMO	27	M	184	177	108	136	131	102	126	105	102	70	52	35	45	123	24	68	106	23	101	17	104	18	24	110	25	101	20	89	29
ESKIMO	27	M	185	182	99	132	141	107	129	112	99	67	53	35	42	122	23	64	102	22	100	16	101	19	26	113	25	109	22	90	34
ESKIMO	27	M	185	182	105	137	137	115	130	110	96	74	57	35	43	121	23	68	97	18	93	13	96	13	26	112	26	117	25	93	29
ESKIMO	27	M	185	182	106	139	123	108	121	104	101	65	53	35	41	124	23	65	110	22	99	17	101	19	27	110	24	110	21	96	31
ESKIMO	27	M	191	185	105	135	132	112	125	107	103	70	52	35	43	120	21	67	96	18	100	15	101	16	26	108	28	119	27	91	30
ESKIMO	27	M	187	183	110	140	134	110	125	112	105	71	56	37	40	117	23	66	96	21	96	11	96	20	23	112	27	112	23	96	32
ESKIMO	27	M	194	189	119	141	131	110	126	112	109	75	61	39	41	115	25	67	100	23	94	13	96	16	26	111	25	119	22	90	28
ESKIMO	27	M	184	181	104	136	136	113	126	111	100	70	55	38	41	115	24	66	92	19	98	14	97	18	26	107	26	111	24	105	28
ESKIMO	27	M	184	178	106	146	135	115	128	107	102	70	53	35	43	122	20	66	103	23	98	14	98	17	26	116	29	115	27	92	28
ESKIMO	27	M	194	190	112	147	134	116	122	115	107	69	53	36	42	122	25	64	100	20	100	17	102	20	26	114	28	116	24	100	28
ESKIMO	27	M	190	187	105	137	134	112	125	108	100	73	56	37	43	123	23	62	98	24	100	17	101	20	24	112	26	116	24	97	29
ESKIMO	27	M	181	176	109	135	127	105	125	105	98	67	52	37	40	117	22	65	102	24	94	14	95	16	24	108	27	107	23	89	23
ESKIMO	27	M	187	184	104	136	137	118	129	108	96	67	54	37	43	123	21	64	97	20	102	17	103	20	23	101	29	108	25	108	33
ESKIMO	27	M	190	187	109	149	135	119	127	111	99	72	54	37	42	127	20	67	107	15	105	16	104	21	28	114	26	117	22	98	32
ESKIMO	27	F	188	187	109	139	129	105	121	107	109	70	53	34	41	115	24	66	99	22	95	16	99	19	26	117	28	118	28	97	28
ESKIMO	27	M	183	178	103	134	130	111	123	115	99	68	55	33	41	119	24	65	95	16	98	15	98	18	28	103	24	115	25	90	30
ESKIMO	27	M	186	181	107	138	123	107	124	111	109	72	54	33	44	126	29	68	104	21	102	17	104	20	27	108	22	111	24	101	34
ESKIMO	27	M	191	187	109	135	137	113	135	116	107	67	54	39	46	134	27	71	103	23	105	15	111	20	23	114	24	113	23	103	28
ESKIMO	27	M	180	178	103	138	133	112	128	109	103	74	55	35	41	119	26	68	101	24	98	15	100	18	26	110	24	111	22	95	28
ESKIMO	27	M	184	179	107	145	133	113	122	111	99	72	54	38	41	116	23	60	97	21	97	11	99	18	23	119	28	107	21	100	28
ESKIMO	27	M	187	184	106	138	128	112	123	115	103	69	55	37	42	117	23	63	90	20	99	16	101	19	23	112	25	115	24	101	32
ESKIMO	27	M	198	189	108	150	142	113	135	111	108	73	49	34	43	128	27	65	108	24	102	17	102	20	26	118	26	121	24	108	36
ESKIMO	27	M	193	188	109	146	137	119	127	108	104	73	54	39	40	122	22	72	111	23	97	12	99	19	28	116	26	123	30	102	30
ESKIMO	27	M	181	178	103	139	141	113	130	101	100	67	53	37	40	119	22	62	97	20	94	15	96	17	25	117	26	108	22	92	24
ESKIMO	27	M	185	184	110	139	137	114	127	113	114	73	51	36	43	126	25	65	104	19	105	15	107	21	27	109	24	114	26	108	27
ESKIMO	27	M	182	179	104	135	134	106	132	109	103	68	51	35	44	128	24	73	106	19	103	13	107	19	24	108	22	115	25	95	27
ESKIMO	27	M	194	188	109	147	136	116	136	120	109	72	55	33	40	125	23	66	100	23	98	15	99	21	27	119	28	120	26	98	28
ESKIMO	27	M	182	179	107	140	130	107	123	115	109	66	52	35	41	120	24	61	97	20	98	14	98	17	28	108	22	116	25	99	29
ESKIMO	27	M	196	191	112	145	134	111	124	108	104	75	55	37	41	118	21	67	94	21	94	12	99	19	24	117	29	119	24	102	29
ESKIMO	27	M	192	189	108	140	141	111	122	102	108	73	54	36	42	120	25	64	105	20	100	11	102	18	26	110	26	125	23	92	30
ESKIMO	27	M	199	194	110	139	134	110	130	110	110	80	56	36	40	123	27	69	99	22	98	15	100	19	28	122	27	113	22	108	36
ESKIMO	27	M	179	178	104	129	132	109	119	104	103	69	52	36	40	119	26	63	95	20	97	16	99	20	29	101	20	118	26	92	24
ESKIMO	27	M	184	182	104	138	130	113	120	108	103	72	52	32	41	118	23	67	101	22	99	16	101	20	31	112	28	112	22	103	31
ESKIMO	27	M	196	191	107	143	125	112	123	105	101	78	55	37	41	115	23	63	96	24	99	16	98	16	26	115	27	126	27	102	31
ESKIMO	27	M	182	179	103	133	136	111	130	111	96	72	56	35	40	122	22	66	107	19	96	14	97	19	27	108	23	112	24	100	29
ESKIMO	27	M	191	185	109	133	125	111	118	104	103	74	57	37	43	122	23	66	97	21	101	19	103	21	25	114	30	121	26	90	27
ESKIMO	27	M	186	183	106	138	126	108	119	108	106	73	49	35	39	114	26	60	96	18	96	14	97	18	28	110	26	116	27	94	28
ESKIMO	27	M	187	184	103	134	135	112	129	105	98	80	61	34	41	121	22	68	97	19	96	16	98	20	31	114	25	116	27	95	26
ESKIMO	27	M	187	184	107	141	142	122	132	116	92	72	54	40	45	125	25	63	101	17	106	17	105	21	23	115	29	117	24	94	26
ESKIMO	27	M	187	186	106	133	132	110	125	107	108	72	53	36	44	123	25	67	99	21	102	18	105	23	23	120	30	108	20	100	27
ESKIMO	27	M	193	190	105	137	128	108	124	109	104	75	53	36	41	114	25	62	95	17	101	14	100	18	27	111	25	123	26	101	30
ESKIMO	27	M	186	182	100	143	139	117	122	109	100	71	50	35	42	122	23	67	98	21	98	10	100	18	25	114	27	113	23	108	32
ESKIMO	27	M	192	186	106	148	135	112	123	110	92	77	57	36	44	122	25	67	96	18	101	15	102	18	29	118	26	117	26	100	29
ESKIMO	27	F	177	178	100	133	136	118	123	105	99	67	49	35	41	117	24	63	91	17	97	13	98	16	21	113	28	103	18	100	28
ESKIMO	27	F	185	181	97	127	124	106	115	103	101	71	51	34	41	114	24	61	96	18	98	15	96	18	26	111	27	111	21	96	31
ESKIMO	27	F	197	194	104	138	136	111	121	103	108	78	55	36	40	116	22	63	92	24	97	13	98	16	23	116	27	123	24	105	35
ESKIMO	27	F	182	178	98	134	128	105	121	106	98	73	50	35	42	116	25	62	94	15	95	15	99	18	25	114	28	98	18	105	33
ESKIMO	27	F	180	178	101	133	125	106	119	103	99	66	52	37	39	109	23	62	94	18	94	18	95	20	23	110	27	110	23	95	27
ESKIMO	27	F	183	182	101	133	140	113	128	112	98	70	53	37	41	115	26	66	90	19	96	13	96	16	22	109	29	117	26	94	26
ESKIMO	27	F	181	178	100	131	135	113	124	112	93	64	52	39	42	112	22	61	89	17	98	13	98	15	22	106	25	114	24	91	26
ESKIMO	27	F	177	174	97	124	130	112	119	105	98	67	48	35	42	114	23	62	90	18	97	16	98	17	24	105	28	111	27	89	25
ESKIMO	27	F	177	176	95	134	133	112	125	111	98	72	51	35	39	113	23	69	95	21	93	12	95	19	24	112	29	111	24	97	26
ESKIMO	27	F	181	179	96	132	126	105	115	105	95	65	46	37	40	106	24	57	88	19	92	14	94	16	22	108	28	106	22	98	32
ESKIMO	27	F	185	180	101	133	135	115	126	107	105	69	54	38	40	122	21	64	91	22	96	12	100	19	21	106	26	109	20	95	29
ESKIMO	27	F	183	181	101	133	127	108	123	103	105	73	55	37	43	115	22	64	92	21	99	18	99	17	22	110	24	104	20	102	30
ESKIMO	27	F	178	177	100	134	133	104	123	109	101	68	53	37	42	110	24	64	92	20	93	14	96	14	19	110	24	112	20	98	27
ESKIMO	27	F	180	176	94	126	128	109	117	106	90	61	47	36	41	114	20	58	86	12	93	13	96	17	21	106	28	110	23	96	29
ESKIMO	27	F	176	175	103	132	120	101	118	100	106	68	51	36	41	118	21	62	90	23	94	19	94	19	23	107	26	103	20	82	19
ESKIMO	27	F	188	184	102	132	139	112	126	110	105	70	53	38	39	111	22	64	91	21	90	11	91	13	27	115	33	113	27	102	28
ESKIMO	27	F	187	183	109	137	130	107	123	102	108	69	50	32	39	109	23	62	93	21	98	17	96	19	27	110	27	122	26	93	26
ESKIMO	27	F	183	179	98	133	132	116	118	109	97	65	51	35	40	115	24	57	91	16	96	11	97	17	23	110	30	113	23	91	31
ESKIMO	27	F	192	188	109	142	133	106	121	109	103	69	51	35	44	106	25	62	90	19	94	15	96	16	23	115	26	121	26	95	28
ESKIMO	27	F	182	181	104	134	128	106	115	108	104	69	52	38	41	108	22	60	94	18	94	15	95	16	27	107	27	105	22	104	31
ESKIMO	27	F	182	179	96	131	138	113	123	100	92	68	48	37	42	113	23	60	97	17	97	13	97	16	26	114	31	115	24	96	28
ESKIMO	27	F	184	181	97	129	140	111	125	114	101	65	47	32	39	119	25	66	103	20	93	14	94	18	26	110	27	121	29	96	27
ESKIMO	27	F	179	177	102	133	134	106	123	106	99	68	53	36	40	111	22	62	90	21	95	13	96	16	26	110	29	111	25	88	24
ESKIMO	27	F	178	174	92	124	129	104	120	106	90	58	45	32	40	114	22	66	98	12	92	11	96	19	26	100	26	104	23	96	30
ESKIMO	27	F	178	175	98	134	135	112	123	107	92	66	51	36	38	110	24	60	89	14	93	11	95	19	24	105	24	109	22	101	30
ESKIMO	27	F	177	173	101	137	131	107	119	103	101	72	53	33	40	109	24	61	98	24	90	15	92	15	25	114	33	108	23	95	26
ESKIMO	27	F	178	174	99	134	135	112	124	103	98	67	51	35	41	118	24	62	101	20	99	13	102	21	25	111	30	109	23	94	26
ESKIMO	27	F	185	182	102	141	129	108	120	100	97	69	52	33	39	114	23	66	99	20	94	18	94	18	29	115	30	115	23	96	31
ESKIMO	27	F	174	172	97	127	128	104	115	101	93	65	48	35	39	110	24	59	91	16	92	14	95	16	21	105	27	108	24	96	26
ESKIMO	27	F	176	172	101	137	136	110	128	108	101	71	53	36	39	122	24	68	103	15	100	14	101	21	29	109	26	113	23	93	26
ESKIMO	27	F	182	179	104	137	130	109	118	107	101	64	50	34	39	115	24	59	92	18	96	15	97	19	25	113	27	112	28	90	28
ESKIMO	27	F	189	187	104	135	131	109	118	111	104	64	51	36	39	111	23	62	92	20	92	13	94	15	24	116	26	118	23	100	31
ESKIMO	27	F	173	172	97	126	127	107	116	107	97	61	50	35	40	110	21	60	87	25	91	14	94	14	20	94	21	112	26	98	30
ESKIMO	27	F	178	178	99	130	131	103	122	111	94	66	48	34	39	114	24	60	90	18	91	14	93	17	23	105	25	103	19	106	33
ESKIMO	27	F	179	177	94	126	135	112	127	111	94	63	47	35	42	115	22	58	94	18	98	13	99	19	21	107	24	117	25	97	28
ESKIMO	27	F	180	177	101	135	130	111	122	102	107	66	50	35	41	115	25	60	92	23	97	12	97	16	22	107	26	116	25	98	26
ESKIMO	27	F	173	171	101	136	131	111	119	102	99	63	46	30	41	116	23	61	93	20	99	15	100	19	24	107	26	101	27	93	24
ESKIMO	27	F	189	185	104	138	132	108	123	107	101	68	50	33	42	114	26	63	102	21	97	14	98	18	24	108	26	111	21	108	34
ESKIMO	27	F	176	173	101	138	129	106	122	100	97	68	52	35	39	117	25	61	93	20	95	14	98	18	25	113	27	109	24	95	24
ESKIMO	27	F	180	177	100	133	129	110	119	106	100	70	52	35	40	111	24	62	89	20	94	14	95	18	27	108	23	113	25	88	28
ESKIMO	27	F	183	181	102	137	132	112	118	100	104	64	48	36	40	113	22	65	92	20	96	12	98	19	22	113	28	109	25	105	28
ESKIMO	27	F	176	177	98	125	125	102	117	101	100	66	48	35	41	113	24	66	93	21	98	18	99	16	23	107	22	116	24	92	27
ESKIMO	27	F	178	177	99	129	132	109	119	102	101	61	48	36	42	116	22	58	89	20	98	15	100	18	23	107	27	108	24	100	29
ESKIMO	27	F	175	174	100	130	125	111	118	101	95	63	49	36	42	115	23	61	89	19	97	18	98	19	22	111	23	109	21	98	23
ESKIMO	27	F	179	178	102	134	134	113	120	111	105	66	50	31	39	112	24	60	87	18	95	15	96	20	23	108	26	106	27	92	22
ESKIMO	27	F	185	183	104	137	128	111	121	100	101	70	54	36	42	114	22	67	91	18	98	14	100	15	26	111	27	116	24	100	28
ESKIMO	27	F	183	181	99	140	133	111	118	107	90	73	56	37	43	112	24	59	89	18	97	15	99	15	25	113	25	124	27	96	25
ESKIMO	27	F	174	171	97	127	129	109	118	106	92	66	50	34	41	109	22	60	87	17	93	12	95	14	24	103	23	106	23	87	25
ESKIMO	27	F	185	183	102	134	131	109	120	106	100	66	48	35	39	108	22	61	90	20	92	14	93	16	25	114	26	107	21	100	31
ESKIMO	27	F	177	175	95	130	127	104	114	103	96	59	47	34	38	107	25	56	90	19	90	12	92	15	21	108	27	114	23	95	29
ESKIMO	27	F	182	181	105	135	129	102	118	104	104	67	49	32	41	115	24	58	96	18	94	16	97	18	28	110	24	115	24	90	26
ESKIMO	27	F	181	179	98	134	128	100	117	103	101	68	51	34	38	108	25	64	96	21	88	16	91	18	28	114	27	116	25	95	29
ESKIMO	27	F	178	176	102	138	134	117	117	106	99	69	52	38	42	116	23	60	92	18	98	17	99	18	24	112	25	117	26	93	21
ESKIMO	27	F	184	181	102	122	130	109	125	107	105	67	50	34	41	115	25	62	100	20	96	17	99	20	25	110	27	115	24	91	29
PERU	15	M	183	180	99	130	141	117	132	112	96	65	49	34	37	114	26	66	94	23	95	14	94	20	23	111	25	114	26	96	30
PERU	15	M	180	174	99	130	138	113	134	108	99	64	50	34	39	120	28	68	95	21	98	15	98	23	25	108	21	112	27	94	28
PERU	15	M	177	176	92	129	139	117	123	112	97	67	48	33	37	113	28	65	97	22	93	14	94	21	24	111	22	120	32	95	27
PERU	15	M	175	175	96	129	146	115	128	107	93	74	52	36	39	117	23	68	100	24	97	17	97	20	25	116	24	102	20	93	27
PERU	15	M	178	178	92	126	140	119	121	104	86	63	48	36	37	111	23	62	90	21	97	17	94	22	22	111	23	114	29	93	27
PERU	15	M	182	181	99	136	139	114	125	110	94	70	51	34	38	114	25	66	93	22	94	14	95	20	22	112	23	114	24	94	27
PERU	15	M	186	183	100	131	149	126	132	114	98	73	53	35	39	119	26	66	101	21	96	19	98	21	26	118	29	103	20	102	30
PERU	15	M	192	190	105	146	139	115	130	113	104	74	54	34	41	126	30	69	101	24	101	17	100	20	26	111	18	121	23	115	33
PERU	15	M	178	176	95	133	139	111	122	114	97	64	49	35	37	119	27	64	102	24	96	13	96	21	25	110	22	116	29	96	28
PERU	15	M	180	180	102	143	142	118	125	109	99	69	54	33	41	123	25	71	101	25	98	16	97	20	28	117	24	119	27	98	25
PERU	15	M	182	179	93	135	139	115	127	114	92	65	51	34	37	114	25	68	96	21	93	13	93	18	22	114	22	117	26	95	35
PERU	15	M	176	174	98	123	144	113	127	112	96	72	53	35	36	112	27	64	103	21	94	16	93	21	28	105	23	97	22	102	36
PERU	15	M	192	190	96	128	137	118	121	107	99	69	51	33	39	124	29	69	105	23	103	19	104	27	27	115	22	111	21	106	33
PERU	15	M	172	169	95	133	140	116	130	112	89	66	50	34	40	117	26	65	91	23	98	17	96	22	24	107	19	104	23	96	27
PERU	15	M	182	181	98	129	133	112	120	106	95	64	46	33	37	113	26	62	96	22	95	19	95	22	25	112	23	99	17	104	35
PERU	15	M	184	182	97	144	141	122	119	108	95	69	50	36	39	117	25	65	99	23	99	17	98	23	26	114	23	111	20	110	33
PERU	15	M	183	180	99	128	135	115	122	106	100	73	51	33	39	113	24	63	99	24	95	18	94	21	26	114	25	108	22	100	36
PERU	15	M	178	176	98	135	140	118	127	104	93	69	48	34	38	121	26	60	94	22	100	15	98	23	27	107	19	116	25	94	28
PERU	15	M	170	169	93	125	134	115	115	104	88	64	49	32	37	109	27	60	92	21	91	17	91	20	24	103	24	95	17	103	36
PERU	15	M	179	177	101	132	141	117	128	111	101	69	51	35	38	118	25	63	97	21	98	16	96	21	23	113	24	112	28	95	26
PERU	15	M	182	180	100	134	138	121	122	106	94	66	53	36	39	118	25	62	97	24	95	16	96	22	24	111	28	118	28	96	28
PERU	15	M	169	168	93	128	140	107	126	116	92	70	51	35	37	115	26	63	102	19	93	16	93	21	27	102	18	113	28	94	27
PERU	15	M	181	180	99	130	136	114	122	113	97	72	52	33	38	112	24	66	94	28	94	19	93	21	24	108	22	101	21	106	33
PERU	15	M	173	172	97	122	142	114	125	108	96	64	48	32	36	114	28	66	99	24	94	15	94	23	24	107	23	106	22	92	28
PERU	15	M	174	173	94	128	142	119	124	106	91	66	48	35	40	118	24	65	100	20	97	13	96	18	26	111	23	107	25	98	27
PERU	15	M	172	170	91	127	135	109	120	112	88	63	46	32	37	110	24	63	93	23	91	15	91	21	20	100	20	105	22	99	36
PERU	15	M	172	169	97	137	139	117	125	110	93	76	55	37	39	116	25	65	96	29	98	19	95	19	24	115	25	109	24	91	29
PERU	15	M	178	177	93	129	142	121	127	109	92	72	52	36	39	117	23	71	103	24	97	15	97	20	26	114	26	112	25	101	31
PERU	15	M	175	174	93	125	137	115	121	101	93	71	51	36	41	117	26	64	93	23	98	17	99	20	23	106	20	111	23	91	32
PERU	15	M	183	182	96	131	138	118	123	104	97	67	49	32	38	119	25	65	101	20	96	15	95	21	24	112	22	108	24	106	30
PERU	15	M	174	172	94	129	135	122	118	104	95	65	50	33	40	114	27	62	101	26	100	16	100	22	25	106	23	112	26	92	27
PERU	15	M	181	181	98	129	143	120	123	107	97	70	53	35	38	116	25	68	99	22	96	16	96	21	26	113	23	103	20	97	32
PERU	15	M	172	172	93	132	135	115	120	111	85	71	54	35	40	116	20	60	93	26	95	19	96	20	25	108	22	104	23	106	33
PERU	15	M	173	172	96	124	130	111	120	101	99	64	48	34	36	115	26	63	95	25	97	18	96	27	22	111	23	108	25	83	24
PERU	15	M	176	174	94	124	138	109	127	110	96	64	50	35	37	115	27	62	94	21	93	14	92	21	25	105	22	103	21	96	30
PERU	15	M	177	175	90	124	132	111	114	107	91	67	48	35	36	112	23	62	91	18	94	12	93	21	25	108	23	103	21	98	36
PERU	15	M	170	169	96	131	135	113	120	105	92	74	53	35	38	115	23	60	94	20	98	17	96	22	27	110	23	105	20	90	25
PERU	15	M	184	181	101	135	140	123	124	108	99	69	50	34	38	118	27	67	100	22	101	16	98	23	26	116	31	114	28	93	29
PERU	15	M	178	175	100	130	141	119	128	110	103	71	54	36	39	123	26	71	106	23	100	14	100	22	24	107	22	104	21	95	26
PERU	15	M	180	178	101	130	133	115	124	107	97	67	48	35	39	120	26	72	95	21	101	20	100	25	23	106	20	112	26	101	27
PERU	15	M	175	171	93	129	139	117	126	106	91	60	47	32	38	115	24	60	96	20	93	13	92	18	23	104	25	111	30	94	25
PERU	15	M	176	175	95	132	141	116	127	115	95	66	49	31	36	117	26	68	97	22	91	12	91	19	24	106	22	114	23	98	27
PERU	15	M	178	177	97	132	136	115	120	109	93	71	50	36	40	118	22	61	92	23	97	17	95	19	24	114	25	108	25	97	27
PERU	15	F	169	168	92	128	136	107	120	110	90	60	48	34	38	110	26	66	93	21	93	17	92	18	24	100	20	109	25	99	31
PERU	15	F	177	176	99	130	133	111	117	108	97	69	50	31	37	108	25	64	90	21	91	17	92	21	26	111	25	102	21	92	30
PERU	15	F	168	167	87	126	137	111	110	104	87	59	44	34	37	104	26	55	90	21	90	14	90	20	19	107	23	109	25	94	28
PERU	15	F	169	168	88	124	139	109	115	103	89	61	43	33	37	106	25	59	89	20	92	14	91	19	23	104	21	111	25	98	29
PERU	15	F	175	174	99	132	139	115	119	110	96	71	52	38	39	112	24	62	97	23	93	18	94	21	25	108	23	102	16	98	29
PERU	15	F	167	167	91	125	133	110	123	105	93	66	47	34	37	109	23	67	94	25	94	16	93	21	23	105	25	108	23	95	25
PERU	15	F	168	169	89	125	137	107	117	107	80	62	48	35	36	105	23	57	91	22	91	18	90	22	22	101	21	101	21	105	34
PERU	15	F	167	166	83	117	135	107	120	106	82	62	47	34	36	109	24	60	92	18	88	11	90	20	23	103	22	103	26	96	32
PERU	15	F	171	171	92	126	129	111	115	106	87	62	48	34	36	106	24	58	91	21	91	14	90	19	23	102	21	114	29	98	28
PERU	15	F	170	169	86	121	134	113	116	110	90	61	45	33	36	104	22	57	85	20	89	11	89	18	19	102	22	108	21	101	33
PERU	15	F	160	160	86	124	141	110	125	115	87	58	45	32	36	111	24	64	94	24	92	14	90	19	21	103	21	106	29	92	27
PERU	15	F	173	172	89	125	127	110	114	106	94	62	46	33	37	107	24	56	92	26	93	14	92	20	21	108	21	115	28	98	32
PERU	15	F	165	164	87	127	135	113	116	100	84	62	46	35	36	104	27	60	85	22	88	14	88	20	21	108	27	101	21	99	30
PERU	15	F	169	166	85	122	134	116	115	110	86	62	45	33	35	108	24	60	92	17	90	10	90	20	24	103	27	114	29	93	32
PERU	15	F	172	172	95	123	138	114	120	99	94	65	48	36	36	111	26	63	95	20	90	16	91	19	25	109	23	97	19	93	28
PERU	15	F	176	172	93	127	142	122	126	115	86	68	51	34	36	109	23	62	93	20	91	13	89	18	26	110	28	108	23	90	26
PERU	15	F	169	169	89	121	133	111	117	105	89	64	49	36	36	105	23	55	90	22	87	13	89	19	21	107	23	108	23	90	25
PERU	15	F	178	177	95	131	137	117	117	106	91	66	48	35	38	113	21	59	90	24	93	16	94	21	18	113	26	113	24	93	29
PERU	15	F	164	163	89	129	137	114	121	103	85	63	49	34	37	109	21	63	96	24	88	12	90	18	24	105	22	95	20	101	31
PERU	15	F	177	176	93	126	140	119	118	112	98	66	50	33	36	107	23	62	96	22	89	15	88	18	25	112	25	110	21	96	29
PERU	15	F	170	168	90	127	133	112	120	105	90	65	48	35	36	108	25	59	90	22	88	12	90	20	22	105	22	114	25	89	27
PERU	15	F	172	172	89	122	142	117	123	112	88	64	50	36	39	115	25	64	99	24	97	14	96	19	22	108	23	106	21	99	31
PERU	15	F	176	174	94	128	129	108	116	108	90	59	44	32	35	110	25	66	96	23	92	16	90	23	23	104	23	101	18	108	37
PERU	15	F	171	170	94	127	141	115	120	106	93	64	46	35	38	111	22	61	93	20	94	14	93	20	21	106	25	105	22	99	32
PERU	15	F	169	168	95	131	139	114	124	108	84	64	51	34	34	108	24	60	96	24	87	16	87	19	23	103	20	97	18	107	33
PERU	15	F	176	174	92	126	139	117	119	104	93	66	47	33	39	113	26	62	93	22	95	14	94	20	23	109	23	110	24	95	28
PERU	15	F	169	169	93	128	136	109	123	108	96	69	50	36	38	111	27	64	98	22	94	15	94	19	24	108	25	105	23	94	26
PERU	15	F	164	164	87	120	131	111	111	105	85	63	48	35	36	104	23	58	82	22	88	13	87	17	18	101	21	98	19	100	32
PERU	15	F	176	176	93	117	136	113	117	101	94	71	49	35	37	114	22	63	99	23	96	17	96	26	23	103	23	108	25	91	30
PERU	15	F	164	164	86	122	128	109	115	100	86	63	44	33	36	108	24	64	93	21	92	13	91	20	24	105	23	100	20	94	29
PERU	15	F	170	171	86	119	134	107	106	105	85	66	50	34	36	105	24	60	86	22	88	13	87	17	24	103	21	99	21	102	35
PERU	15	F	157	156	93	127	129	113	112	97	92	61	45	33	37	113	26	61	92	19	95	15	93	22	23	104	25	98	21	82	24
PERU	15	F	167	166	85	128	138	120	119	108	83	65	50	36	40	113	24	59	88	24	94	14	92	17	20	109	25	109	23	97	28
PERU	15	F	161	159	90	118	136	111	123	102	88	56	47	35	39	111	26	61	91	24	91	15	91	18	18	106	26	95	21	87	26
PERU	15	F	171	171	99	134	145	124	124	107	90	73	54	36	38	114	23	65	96	25	95	18	95	23	23	112	26	110	26	83	19
PERU	15	F	175	175	98	129	131	109	114	100	95	67	50	34	38	112	25	63	93	26	93	19	92	20	23	110	24	105	23	92	29
PERU	15	F	176	176	92	133	139	112	122	106	89	72	51	37	38	113	23	59	99	23	94	15	94	21	20	112	21	107	22	101	33
PERU	15	F	171	170	92	128	137	120	121	110	89	63	46	32	39	115	23	63	93	19	96	14	96	22	24	105	24	112	25	94	26
PERU	15	F	175	175	92	128	138	115	122	102	90	68	50	33	37	110	24	63	93	21	95	15	93	20	24	110	22	104	20	100	32
PERU	15	F	160	160	90	120	134	116	117	103	89	66	47	35	37	109	23	59	90	22	91	16	90	18	24	102	25	100	25	85	24
PERU	15	F	173	172	94	126	133	113	121	106	89	57	42	32	39	111	24	60	86	18	91	15	95	21	18	110	27	107	23	90	27
PERU	15	F	160	159	88	121	128	107	109	100	86	63	47	33	36	109	26	66	95	19	90	12	89	19	22	98	22	107	25	87	27
ANDAMAN	24	M	168	166	93	132	134	116	108	102	93	58	46	32	38	112	25	61	93	26	93	18	93	22	21	105	23	111	26	89	25
ANDAMAN	24	M	161	160	93	128	135	110	111	99	94	60	46	33	36	112	24	60	95	25	89	13	88	18	21	103	22	102	25	86	20
ANDAMAN	24	M	165	164	93	124	133	107	116	98	93	61	46	32	38	116	25	62	94	22	94	17	95	23	19	103	23	100	23	88	25
ANDAMAN	24	M	163	162	92	124	135	104	113	97	94	58	46	32	37	111	26	62	94	26	90	15	93	22	21	97	19	109	26	89	21
ANDAMAN	24	M	169	168	92	131	133	108	105	108	92	56	42	31	38	106	22	57	94	25	90	13	91	20	22	109	26	113	24	87	30
ANDAMAN	24	M	169	166	96	126	135	108	113	100	96	62	46	32	38	114	24	59	94	21	93	15	95	21	19	102	24	102	22	90	23
ANDAMAN	24	M	171	170	93	137	140	113	113	92	92	63	47	31	38	113	22	58	96	23	91	16	92	20	23	114	23	110	27	95	22
ANDAMAN	24	M	168	167	94	131	132	108	111	95	96	64	47	31	38	112	24	60	96	25	92	16	93	21	19	103	23	115	25	92	25
ANDAMAN	24	M	165	163	93	125	137	107	113	101	91	61	47	32	37	108	24	58	96	26	90	16	91	20	23	101	23	103	25	93	27
ANDAMAN	24	M	167	165	94	124	139	120	110	95	91	60	46	32	37	112	25	62	95	21	96	16	97	25	22	102	26	112	28	82	24
ANDAMAN	24	M	178	176	100	133	141	118	123	112	100	62	45	34	41	118	26	60	100	27	98	19	97	20	20	119	32	105	24	95	28
ANDAMAN	24	M	166	165	92	129	134	108	114	104	89	64	48	33	38	107	25	61	85	23	86	13	88	16	17	107	26	104	25	93	24
ANDAMAN	24	M	162	163	91	127	136	103	113	99	90	57	46	32	36	107	24	60	86	24	84	14	85	17	16	105	24	106	27	87	20
ANDAMAN	24	M	160	159	92	127	135	111	116	95	89	62	49	32	37	111	23	63	94	21	91	12	91	20	19	105	27	102	23	85	21
ANDAMAN	24	F	151	151	88	118	125	106	109	93	85	57	45	34	37	106	24	56	91	19	92	12	93	24	16	95	21	94	21	86	19
ANDAMAN	24	F	159	157	90	131	133	114	114	97	89	52	41	32	37	110	22	56	94	22	91	13	92	20	18	104	26	103	23	92	22
ANDAMAN	24	F	161	160	87	122	131	103	105	97	90	54	44	32	37	107	23	61	84	27	88	14	88	17	18	99	20	97	21	95	27
ANDAMAN	24	F	159	158	88	122	125	100	104	95	93	56	45	32	36	105	27	59	88	22	88	15	90	21	20	101	21	103	22	88	25
ANDAMAN	24	F	164	164	91	123	133	108	111	98	96	63	46	32	37	106	23	63	95	28	89	16	92	21	20	102	25	106	25	89	23
ANDAMAN	24	F	159	156	89	127	134	109	108	95	89	52	40	31	33	105	26	62	95	20	86	13	88	22	20	103	29	103	24	93	24
ANDAMAN	24	F	159	158	92	118	136	108	116	98	95	59	44	32	38	111	24	59	90	21	92	15	95	22	19	103	26	91	17	86	23
ANDAMAN	24	F	158	158	92	125	130	110	101	88	91	57	43	33	35	104	22	56	91	21	89	17	88	20	17	102	24	107	27	87	19
ANDAMAN	24	F	156	157	88	123	131	105	107	89	93	56	43	30	37	106	25	56	97	27	90	22	91	25	20	99	19	103	24	94	22
ANDAMAN	24	F	158	157	90	125	134	106	111	97	87	55	43	32	36	104	23	59	88	23	89	17	90	21	20	106	26	101	22	87	21
ANDAMAN	24	F	155	155	86	119	130	103	112	98	91	57	42	33	36	108	23	57	91	21	87	13	90	21	19	97	22	103	24	90	21
ANDAMAN	24	F	154	152	87	119	118	97	105	93	86	54	42	32	37	108	23	60	90	21	91	17	93	21	17	101	23	94	18	81	23
ANDAMAN	24	F	167	166	95	130	132	113	109	99	89	61	48	37	38	109	27	60	90	23	93	16	93	22	18	103	26	108	24	89	21
ANDAMAN	24	F	162	161	90	126	127	105	109	96	88	57	46	34	38	106	24	57	87	23	91	14	91	20	22	103	24	97	18	93	26
ANDAMAN	24	F	156	157	86	122	130	100	109	92	89	55	42	33	36	104	24	59	94	25	87	16	88	20	18	98	21	106	23	89	21
ANDAMAN	24	F	156	156	85	117	129	98	100	93	91	56	42	31	34	98	23	56	82	21	81	11	83	16	19	95	21	102	24	88	24
ANDAMAN	24	F	159	158	89	123	132	104	113	99	91	58	45	33	37	114	24	58	94	21	92	14	93	20	19	97	22	103	23	86	21
ANDAMAN	24	M	174	172	90	135	146	116	116	101	90	59	45	34	38	108	25	59	93	23	93	15	95	21	19	114	29	116	28	96	24
ANDAMAN	24	F	161	159	93	126	129	107	111	93	95	59	48	33	38	112	24	60	91	25	93	16	95	20	17	97	22	107	27	85	22
ANDAMAN	24	F	164	162	85	119	137	109	108	101	89	55	42	29	36	108	23	54	88	21	90	13	92	20	21	104	27	103	23	89	26
ANDAMAN	24	F	171	170	90	136	128	113	105	96	94	61	44	33	37	106	27	59	89	21	91	17	92	22	19	109	23	111	23	98	23
ANDAMAN	24	F	164	164	94	131	132	108	117	97	92	60	47	33	37	114	23	59	99	24	90	13	93	22	20	107	26	104	24	93	22
ANDAMAN	24	F	170	169	93	132	137	116	108	102	92	59	45	33	37	105	26	60	90	26	92	18	93	24	17	107	25	111	26	91	23
PERU	15	M	177	174	94	135	137	114	119	101	90	63	47	34	38	115	24	62	97	23	96	17	94	20	22	107	21	108	22	113	36
PERU	15	M	182	180	93	134	140	120	121	115	90	68	50	35	38	112	25	67	94	21	96	14	95	20	25	112	26	119	25	103	31
PERU	15	M	175	174	94	127	142	123	127	108	91	66	50	36	41	119	25	65	94	23	105	18	103	22	18	109	22	110	27	96	24
PERU	15	M	188	187	103	136	138	113	129	112	97	71	54	36	39	124	25	70	109	26	99	19	100	24	26	118	25	102	21	107	33
PERU	15	M	173	170	93	129	129	113	117	98	91	63	48	31	38	113	25	59	89	21	97	17	95	25	20	102	23	116	29	93	24
PERU	15	M	178	176	95	124	133	108	121	106	92	66	49	34	38	111	25	63	97	21	92	16	92	20	25	113	23	101	20	96	34
PERU	15	M	178	176	94	137	138	113	125	112	95	66	50	36	37	111	26	67	93	25	91	14	90	20	26	114	25	109	25	96	34
PERU	15	M	182	180	100	135	133	112	118	101	96	67	50	33	40	117	24	63	98	25	96	19	94	19	27	111	23	104	21	113	38
PERU	15	M	173	171	94	132	130	107	119	115	92	70	52	36	40	117	23	60	97	23	95	16	94	18	25	108	20	105	22	95	31
PERU	15	M	168	165	88	129	136	113	124	100	85	63	48	34	37	111	23	64	94	23	90	13	90	19	23	105	25	109	25	93	29
PERU	15	M	176	174	92	121	133	108	119	107	98	67	52	32	36	115	24	64	96	20	94	13	93	21	26	101	22	110	27	96	33
PERU	15	M	176	176	92	123	135	107	120	102	91	69	52	35	38	117	26	59	95	21	96	14	95	22	23	106	21	105	21	100	36
PERU	15	F	158	158	90	120	130	108	113	101	86	62	47	35	35	102	22	58	86	22	84	15	84	18	19	96	20	100	23	81	25
PERU	15	F	164	164	92	129	133	110	113	99	90	62	46	33	36	108	23	63	91	21	91	14	89	18	21	101	21	105	27	97	25
PERU	15	F	166	165	91	120	126	105	113	100	93	63	48	35	37	112	28	58	96	21	95	14	95	22	23	98	20	105	25	91	28
PERU	15	F	166	164	88	125	135	112	117	101	88	57	43	33	36	106	24	61	94	19	90	13	90	19	21	103	21	97	20	98	30
PERU	15	F	172	170	89	127	139	115	118	109	85	64	48	34	37	105	22	63	93	24	89	16	87	17	18	108	26	107	25	94	30
PERU	15	F	169	167	88	124	137	115	122	109	84	61	49	33	36	106	25	60	88	21	90	12	90	18	19	104	28	102	24	95	33
PERU	15	F	168	166	89	125	134	107	113	102	90	64	49	34	37	103	22	68	93	25	89	13	89	17	22	104	24	96	19	101	33
PERU	15	F	166	165	89	121	131	107	116	105	85	62	51	34	36	104	25	57	84	19	90	14	89	18	23	104	27	90	16	103	33
PERU	15	F	168	165	90	123	130	111	116	99	89	64	49	35	38	112	24	64	94	21	91	10	94	18	24	99	22	96	25	104	33
PERU	15	F	174	174	93	125	136	110	120	108	85	60	49	35	37	110	23	61	88	20	91	15	90	19	21	102	22	97	19	103	37
PERU	15	F	161	160	88	120	137	112	114	106	86	61	46	36	36	104	22	58	88	23	89	14	88	19	19	99	23	106	24	87	28
PERU	15	F	168	168	90	122	138	108	117	104	89	65	47	33	36	102	21	59	87	25	87	14	86	16	20	105	24	90	17	105	35
PERU	15	F	168	166	86	121	123	105	115	103	89	62	44	33	34	103	25	61	91	21	86	12	85	18	24	102	22	102	19	98	28
EASTER I	11	F	187	184	110	145	132	113	118	107	106	63	49	36	39	119	26	57	93	21	100	16	100	24	23	107	25	122	29	99	31
ARIKARA	13	M	178	177	101	131	140	112	126	116	101	71	52	34	38	112	24	65	92	23	92	18	92	18	23	108	20	103	21	95	29
ARIKARA	13	M	172	171	103	131	136	114	129	107	102	71	53	34	41	122	26	65	99	29	98	18	98	20	24	107	21	109	27	89	25
ARIKARA	13	M	188	186	103	130	137	113	128	112	96	69	54	33	41	124	25	64	98	19	101	18	102	22	25	111	20	104	19	99	38
ARIKARA	13	M	180	178	103	133	144	117	137	110	92	72	54	35	41	123	26	67	99	23	99	14	100	19	22	105	21	111	26	96	29
ARIKARA	13	M	182	181	104	134	135	115	128	106	98	75	55	34	40	124	29	67	104	30	102	20	102	26	26	109	23	110	23	94	27
ARIKARA	13	M	186	183	105	131	143	116	129	107	101	76	56	37	40	120	27	65	103	27	100	16	100	21	24	113	25	109	23	88	29
ARIKARA	13	M	176	175	100	127	141	121	129	103	97	70	55	34	40	125	29	66	102	24	100	18	99	22	23	106	23	107	25	95	23
ARIKARA	13	M	173	172	101	134	141	115	129	105	98	71	54	33	39	121	25	66	99	27	95	16	95	20	24	107	23	106	24	88	22
ARIKARA	13	M	185	184	110	141	147	120	134	112	106	80	61	37	42	126	31	68	107	30	99	19	100	21	25	115	21	112	23	103	26
ARIKARA	13	M	175	173	107	136	152	123	139	113	98	74	58	37	42	128	28	70	107	25	102	18	100	21	26	109	22	103	24	91	26
ARIKARA	13	M	175	172	102	138	153	128	143	120	98	79	56	36	41	126	26	69	106	24	103	16	102	22	27	113	24	106	25	93	22
ARIKARA	13	M	176	175	105	132	139	117	130	102	99	71	55	37	41	123	27	64	107	27	103	22	103	22	23	105	19	113	29	88	24
ARIKARA	13	M	177	175	105	132	142	113	134	109	105	71	55	32	40	126	26	65	104	30	100	16	100	23	24	106	18	102	22	102	33
ARIKARA	13	M	189	188	104	135	148	122	134	110	101	77	55	36	42	129	30	68	105	27	105	20	106	26	26	113	18	112	21	113	30
ARIKARA	13	M	181	177	106	136	146	118	140	109	106	72	56	36	40	127	29	70	105	27	97	16	97	20	24	111	23	111	24	94	29
ARIKARA	13	M	167	166	103	132	139	119	131	105	97	66	52	34	42	124	26	62	98	25	98	19	100	22	23	103	21	103	24	99	22
ARIKARA	13	M	182	181	105	134	133	113	131	105	102	73	56	34	40	124	28	63	103	26	100	18	100	22	28	114	23	112	26	92	24
ARIKARA	13	M	175	174	102	133	139	113	128	106	95	69	55	35	40	116	27	61	96	27	95	18	94	18	23	105	19	108	25	95	27
ARIKARA	13	M	177	175	102	132	147	121	135	109	99	72	55	36	39	122	27	70	99	26	100	17	99	23	23	109	22	108	25	89	22
ARIKARA	13	M	184	182	98	134	143	111	128	103	97	65	50	36	40	122	27	69	102	23	98	16	99	22	23	109	19	112	25	101	30
ARIKARA	13	M	178	177	103	136	141	117	133	118	92	70	56	36	40	117	29	72	99	26	95	16	97	22	27	107	17	109	27	98	27
ARIKARA	13	M	176	174	98	141	141	119	128	113	96	70	56	38	40	124	27	65	106	29	99	18	98	20	23	113	24	112	22	99	30
ARIKARA	13	M	174	171	104	135	131	113	122	105	96	66	51	33	40	118	27	65	94	27	95	20	97	22	20	106	22	111	28	90	23
ARIKARA	13	M	189	187	106	139	134	109	128	108	99	67	52	29	40	123	30	67	103	25	100	18	100	22	25	112	21	115	24	101	35
ARIKARA	13	M	177	175	104	137	144	113	131	106	96	73	55	36	40	115	27	66	95	26	97	16	95	18	23	111	23	108	26	92	26
ARIKARA	13	M	182	179	100	129	142	119	132	112	96	73	54	37	42	126	30	67	106	29	105	18	105	23	24	108	21	114	25	97	28
ARIKARA	13	M	186	184	109	138	147	125	136	117	105	79	58	35	41	125	27	67	106	28	102	18	100	22	25	113	23	113	25	93	29
ARIKARA	13	M	173	171	97	127	138	111	120	104	96	63	47	35	41	114	27	68	96	24	97	16	99	19	22	106	17	113	25	93	27
ARIKARA	13	M	175	175	101	131	137	113	126	108	101	76	55	36	40	115	28	63	97	25	98	15	98	21	24	107	20	104	22	93	27
ARIKARA	13	M	190	190	104	141	150	123	142	119	96	69	52	33	42	128	28	64	101	25	105	21	105	26	27	111	22	112	20	112	37
ARIKARA	13	M	175	174	101	131	142	117	132	111	99	67	52	35	39	122	26	63	102	24	98	17	96	22	24	112	23	112	24	90	23
ARIKARA	13	M	188	187	103	134	140	118	133	115	104	75	55	36	43	124	29	73	100	28	102	20	102	22	22	111	20	113	25	101	32
ARIKARA	13	M	175	174	98	132	148	120	135	108	89	76	58	36	43	126	27	74	104	23	102	17	102	21	28	116	24	107	25	90	27
ARIKARA	13	M	185	184	105	137	141	118	137	117	99	75	59	37	42	128	25	68	104	29	100	22	101	19	24	117	23	103	21	94	30
ARIKARA	13	M	178	174	97	127	138	114	127	105	92	71	53	37	41	119	25	66	99	19	97	14	98	20	24	108	24	110	26	87	30
ARIKARA	13	M	175	173	100	122	140	111	130	107	103	70	55	32	39	119	29	68	103	25	96	14	97	20	28	102	19	101	24	94	26
ARIKARA	13	M	173	171	101	129	128	103	124	95	93	71	55	36	40	112	24	65	89	25	93	20	93	19	20	100	19	106	24	89	25
ARIKARA	13	M	190	186	106	137	142	117	134	108	103	75	55	33	39	128	27	67	106	27	100	16	101	22	27	112	21	110	23	100	31
ARIKARA	13	M	187	184	104	138	145	117	133	106	98	74	55	32	41	125	24	70	104	24	100	17	102	21	27	112	24	116	25	92	27
ARIKARA	13	M	175	174	99	133	140	113	127	114	100	69	50	34	39	119	25	68	100	25	94	14	95	17	26	110	18	105	19	100	27
ARIKARA	13	M	178	176	102	133	144	120	132	105	100	67	53	37	41	119	27	69	100	27	98	17	96	18	25	116	29	109	24	93	27
ARIKARA	13	M	181	178	108	128	147	119	132	109	100	71	54	35	41	128	27	70	101	27	100	18	100	21	25	102	16	111	27	94	26
ARIKARA	13	F	173	172	94	118	135	112	123	101	89	62	48	32	40	114	27	58	95	19	96	17	99	23	24	100	22	96	18	98	35
ARIKARA	13	F	163	163	90	123	135	109	124	105	88	72	52	35	38	112	25	60	97	22	90	11	91	17	22	103	22	106	27	90	27
ARIKARA	13	F	162	162	98	133	134	115	119	103	100	65	49	36	39	114	26	59	95	23	95	15	95	20	20	104	22	105	25	86	21
ARIKARA	13	F	171	168	97	131	137	108	123	106	99	64	48	34	37	111	27	65	100	25	89	13	92	18	23	106	22	106	23	90	27
ARIKARA	13	F	172	171	95	128	142	117	120	106	87	65	52	35	39	108	25	61	95	23	90	16	91	18	25	108	26	103	22	99	27
ARIKARA	13	F	166	166	95	121	135	107	127	106	93	64	50	33	39	115	24	64	95	21	92	16	95	19	22	99	22	102	21	89	24
ARIKARA	13	F	169	168	94	129	136	113	123	107	96	68	51	33	39	116	26	63	94	28	93	16	95	19	20	97	19	104	23	102	34
ARIKARA	13	F	174	168	101	130	139	115	133	102	98	66	52	37	40	124	27	68	97	23	99	13	101	22	25	100	20	109	27	86	25
ARIKARA	13	F	173	173	95	125	135	115	128	107	90	65	51	36	37	113	27	65	94	20	95	15	95	24	22	107	23	101	20	101	32
ARIKARA	13	F	170	170	97	126	137	115	121	103	94	69	49	34	38	115	25	60	91	25	94	17	93	21	21	109	24	108	24	82	24
ARIKARA	13	F	172	172	95	133	140	116	124	111	97	68	53	34	38	114	26	64	96	24	95	16	95	20	26	115	29	107	20	96	29
ARIKARA	13	F	171	170	104	131	134	111	127	98	99	69	51	33	40	114	25	63	97	25	95	19	97	19	23	111	25	101	23	84	21
ARIKARA	13	F	178	177	103	127	139	113	124	108	94	66	51	34	39	114	24	61	93	24	93	19	95	21	23	109	28	99	17	101	32
ARIKARA	13	F	168	165	102	137	138	117	130	109	94	67	50	36	38	120	29	63	101	22	97	13	98	22	23	108	25	103	21	89	23
ARIKARA	13	F	181	182	101	123	142	118	119	100	104	76	55	36	41	113	26	63	97	30	97	22	97	20	22	117	26	107	23	88	28
ARIKARA	13	F	175	174	94	125	141	119	134	102	93	67	52	37	40	120	30	64	101	24	98	18	99	22	22	111	26	110	26	85	27
ARIKARA	13	F	176	175	98	128	142	115	128	114	96	72	51	35	40	116	24	60	96	26	95	16	97	20	22	106	26	104	18	94	32
ARIKARA	13	F	162	161	94	124	133	105	121	97	93	69	49	36	40	115	25	64	89	23	93	16	96	19	19	100	20	105	23	84	24
ARIKARA	13	F	186	186	97	125	136	112	118	113	93	72	51	37	42	117	26	61	93	25	100	18	101	24	21	107	22	98	20	93	24
ARIKARA	13	F	179	178	98	123	131	112	127	117	103	74	54	36	40	118	26	65	94	25	97	18	98	20	26	103	19	114	26	90	30
ARIKARA	13	F	178	177	95	125	147	115	127	118	93	65	48	38	41	115	24	55	95	20	98	15	98	18	20	108	24	100	22	100	31
ARIKARA	13	F	167	167	98	120	128	108	118	101	97	62	47	33	37	108	25	59	91	25	91	17	92	21	20	98	22	105	23	88	22
ARIKARA	13	F	170	170	104	133	132	109	119	95	95	70	51	32	40	116	27	61	98	20	96	16	99	20	24	103	23	107	24	92	26
ARIKARA	13	F	163	163	103	135	126	105	119	100	101	71	50	33	38	113	23	64	90	26	92	17	92	18	23	102	20	103	23	89	22
ARIKARA	13	F	165	164	100	124	128	110	119	105	91	60	46	33	39	117	24	59	88	21	96	18	97	20	21	104	22	100	22	85	22
ARIKARA	13	F	166	166	94	124	140	122	123	108	96	70	50	35	41	117	26	61	92	26	97	16	96	19	19	109	27	105	25	87	21
ARIKARA	13	F	170	168	97	123	143	113	127	104	96	68	53	32	39	116	28	66	96	23	96	17	97	20	23	108	25	102	24	90	27
BUSHMAN	23	M	186	184	96	116	140	117	119	116	100	56	43	29	39	113	30	64	97	20	99	16	100	24	20	106	28	115	22	83	32
BUSHMAN	23	M	171	169	85	118	131	109	103	98	81	52	40	30	34	103	23	55	86	20	87	11	86	18	22	105	28	116	28	80	24
BUSHMAN	23	M	180	179	97	125	138	119	115	102	92	63	45	34	39	112	24	61	90	17	94	13	95	21	19	112	31	110	21	94	30
BUSHMAN	23	M	181	179	102	127	137	111	114	104	96	58	48	31	39	114	30	67	98	23	98	18	98	22	23	112	23	110	22	90	28
BUSHMAN	23	F	171	170	93	118	132	115	113	107	98	61	46	32	43	116	29	62	91	18	105	18	104	23	19	103	27	103	17	86	27
BUSHMAN	23	F	168	168	93	119	130	106	112	103	92	54	45	35	39	110	29	58	86	20	93	16	95	23	18	102	25	95	16	96	27
BUSHMAN	23	F	169	168	92	118	123	98	106	95	84	55	45	28	35	105	26	57	86	22	91	19	91	24	22	109	28	99	19	85	26
BUSHMAN	23	F	169	167	89	119	131	110	108	102	84	55	41	29	37	103	21	55	81	20	91	14	91	17	18	108	31	106	23	85	28
TASMANIA	8	M	182	176	101	130	137	111	124	111	101	58	48	29	38	115	29	66	97	29	100	19	97	25	20	106	27	106	20	94	29
TASMANIA	8	M	187	181	98	133	139	113	122	106	97	60	50	34	41	115	29	63	89	27	100	13	100	22	19	114	30	114	24	94	28
TASMANIA	8	M	193	186	102	134	149	117	129	115	107	61	52	30	40	123	30	71	98	30	104	18	102	24	22	115	27	119	22	93	32
TASMANIA	8	M	182	179	97	131	144	116	118	107	99	59	49	32	40	115	33	71	95	27	103	20	101	24	20	120	28	110	22	91	26
TASMANIA	8	M	188	184	99	125	140	105	123	110	107	67	48	30	41	117	29	70	97	29	103	19	101	22	22	109	23	114	25	91	30
TASMANIA	8	M	181	177	96	127	141	110	118	105	98	55	46	31	38	113	28	66	94	29	96	16	96	22	20	111	26	115	25	90	25
TASMANIA	8	F	179	174	94	122	133	106	121	110	96	55	43	29	37	110	26	64	88	25	96	18	95	23	16	104	22	109	24	87	26
TASMANIA	8	M	182	177	107	133	130	111	122	102	104	68	56	30	44	120	31	70	97	27	109	21	105	25	21	106	22	112	26	87	26
TASMANIA	8	M	180	176	102	131	128	113	118	105	105	62	46	32	41	122	29	66	102	20	103	15	104	24	22	105	22	109	22	99	25
TASMANIA	8	M	181	174	95	132	132	107	115	107	94	62	50	32	39	112	30	61	92	26	97	18	95	21	20	111	28	112	22	87	28
TASMANIA	8	M	180	176	107	134	124	114	111	100	108	68	48	33	39	113	27	66	88	28	96	17	96	22	21	108	26	114	27	89	22
TASMANIA	8	M	190	185	100	135	141	114	127	111	101	58	47	29	38	118	31	67	98	27	99	19	97	24	20	113	25	121	25	94	31
TASMANIA	8	M	186	182	104	140	142	117	128	109	106	65	53	33	41	120	26	70	95	32	101	17	100	24	22	113	25	123	25	92	24
TASMANIA	8	M	175	171	96	126	126	104	116	103	102	65	48	30	40	114	30	63	87	26	100	16	99	20	19	105	24	109	22	87	25
TASMANIA	8	M	182	177	103	135	143	116	123	107	104	52	44	29	38	115	30	67	94	27	100	15	99	24	17	106	28	121	25	91	24
TASMANIA	8	F	184	179	94	123	132	102	117	104	96	56	46	33	38	109	29	62	82	26	96	18	97	22	20	110	29	113	23	95	29
TASMANIA	8	F	173	170	97	132	128	110	115	105	103	56	41	30	42	115	28	64	88	27	100	18	98	22	21	110	26	107	20	92	22
TASMANIA	8	F	166	162	94	125	131	105	114	100	94	57	46	31	38	106	29	65	87	27	94	16	93	19	17	98	23	103	19	88	24
TASMANIA	8	F	186	181	100	129	138	106	120	108	98	62	52	30	40	115	29	68	94	29	97	20	96	20	22	105	22	112	23	91	28
TASMANIA	8	F	179	175	99	131	133	108	114	105	103	56	43	33	39	111	27	69	92	23	98	14	98	20	21	104	26	114	23	94	24
TASMANIA	8	F	176	172	91	119	129	100	121	101	98	57	45	29	42	111	28	66	94	35	95	18	96	17	16	110	29	103	20	89	28
TASMANIA	8	F	171	166	89	124	134	108	115	102	94	50	41	27	38	109	28	63	91	25	95	15	95	22	17	102	24	113	24	87	25
ANDAMAN	24	M	175	174	98	138	145	117	126	106	96	60	46	30	39	124	26	62	100	23	96	16	97	22	22	114	27	117	29	91	23
ANDAMAN	24	M	170	169	91	137	130	103	105	98	88	62	46	34	36	103	23	60	85	25	84	15	87	18	19	111	27	114	27	96	26
ANDAMAN	24	M	170	169	88	131	139	114	114	99	89	68	49	34	37	112	25	59	93	20	91	13	91	19	20	112	27	114	28	93	23
ANDAMAN	24	M	166	165	91	123	128	102	111	102	93	55	45	33	37	111	25	60	89	24	90	16	92	20	19	100	23	108	24	90	23
ANDAMAN	24	M	164	163	91	126	135	110	113	98	84	59	49	34	37	112	23	60	97	21	91	17	91	20	22	104	23	106	28	84	22
ANDAMAN	24	M	166	164	90	127	136	110	114	107	94	60	48	33	37	111	24	59	86	24	96	16	94	21	18	107	25	106	25	93	25
ANDAMAN	24	M	178	175	101	131	132	110	122	107	97	66	50	34	42	116	25	62	93	25	99	19	98	21	23	106	21	110	26	96	25
ANDAMAN	24	M	172	170	94	127	136	120	114	94	90	61	46	32	38	118	25	65	101	24	99	18	99	27	21	105	26	110	27	92	25
ANDAMAN	24	M	162	161	93	125	133	109	113	100	95	57	45	34	35	111	27	62	96	19	94	14	94	25	21	101	25	101	23	90	24
ANDAMAN	24	M	167	166	93	125	132	112	114	96	91	64	48	34	37	111	25	59	92	23	94	15	92	22	22	105	26	102	24	91	25
ANDAMAN	24	F	159	159	89	127	137	108	111	96	92	56	44	32	35	104	26	55	88	20	86	14	89	22	18	108	23	100	23	95	24
ANDAMAN	24	M	182	181	93	119	138	115	115	109	92	62	47	34	39	110	24	58	88	18	96	14	97	20	19	102	22	115	23	99	28
ANDAMAN	24	F	165	164	93	121	131	106	114	100	90	57	44	30	37	110	26	60	97	20	97	18	94	25	20	97	20	101	22	94	23
ANDAMAN	24	F	158	158	88	125	131	111	106	96	87	54	42	32	37	103	24	56	87	19	89	13	91	22	17	99	27	105	27	86	20
ANDAMAN	24	F	159	159	92	123	141	105	108	102	82	51	41	33	37	104	21	57	87	20	90	16	88	18	19	99	21	106	21	99	23
ANDAMAN	24	F	160	160	89	120	130	103	111	95	91	54	43	31	37	105	22	54	85	22	89	15	89	20	18	103	25	100	21	86	24
ANDAMAN	24	F	158	158	89	124	133	106	112	96	92	59	44	33	35	103	26	60	88	23	88	16	89	22	20	103	23	97	20	88	25
TASMANIA	8	M	184	178	100	128	137	105	121	103	103	62	50	27	41	117	25	66	96	28	99	19	99	22	22	111	23	109	21	92	31
AINU	25	M	199	194	107	137	143	124	129	111	105	70	51	37	44	126	27	70	102	20	102	15	104	21	25	112	27	124	26	102	31
AINU	25	M	191	189	106	141	148	123	128	120	106	71	54	37	45	127	27	63	98	22	106	16	109	23	24	113	26	114	20	107	34
AINU	25	M	182	179	107	140	141	112	126	108	99	63	48	37	43	123	23	66	94	15	102	17	104	21	22	110	24	107	20	100	27
AINU	25	M	199	197	111	147	150	117	130	115	109	71	52	31	41	126	25	74	97	24	104	18	104	24	29	116	21	121	24	106	29
AINU	25	M	190	187	110	138	140	117	122	111	101	67	52	35	42	122	27	68	96	22	103	19	103	23	24	113	23	114	24	95	28
AINU	25	M	183	181	98	132	140	115	122	112	100	65	52	34	40	120	23	65	98	25	96	13	98	21	22	115	27	110	26	96	25
AINU	25	M	187	183	105	140	144	120	134	119	98	69	55	35	40	121	28	68	100	15	99	11	99	21	25	116	28	104	18	104	33
AINU	25	M	193	189	110	139	151	127	123	110	108	70	52	37	40	123	28	64	102	23	98	15	100	23	28	111	29	118	26	103	28
AINU	25	M	191	189	110	138	145	122	134	116	106	68	53	37	45	135	32	71	101	22	109	23	109	24	22	117	27	111	18	103	29
AINU	25	M	188	188	107	139	143	119	125	110	105	69	51	33	41	123	29	73	96	24	100	18	101	21	22	116	26	110	21	99	26
AINU	25	M	193	190	109	134	147	125	125	121	110	65	50	35	41	124	30	71	100	23	103	15	106	26	25	112	26	119	26	94	29
AINU	25	M	190	189	105	135	145	119	129	114	102	65	48	34	41	120	27	68	97	20	97	18	99	21	23	113	25	119	22	102	24
AINU	25	M	184	182	102	136	141	117	124	115	110	67	46	34	41	122	27	65	107	20	97	15	103	22	24	109	25	117	25	96	29
AINU	25	M	188	186	101	139	149	117	131	115	102	65	48	34	43	121	28	70	94	28	101	16	104	20	22	115	29	114	23	102	28
AINU	25	M	194	192	111	136	146	117	133	122	109	71	51	33	41	125	28	69	102	24	100	18	102	22	26	112	25	110	20	106	32
AINU	25	M	190	185	105	137	140	116	122	113	107	65	50	35	42	120	29	63	100	28	102	16	103	21	21	116	29	117	26	97	28
AINU	25	M	192	189	107	136	138	119	126	111	107	70	53	34	45	130	31	64	100	25	106	19	108	23	24	112	28	112	25	105	34
AINU	25	M	188	184	102	140	140	112	115	113	103	61	46	32	37	113	25	62	91	24	90	14	92	18	25	112	26	112	19	108	33
AINU	25	M	185	182	104	137	143	115	127	113	96	64	51	34	43	121	29	68	96	24	98	15	102	19	20	107	23	115	25	101	28
AINU	25	M	182	181	106	133	136	119	123	107	106	65	50	30	39	115	28	64	97	23	94	16	96	23	24	108	29	114	23	91	27
AINU	25	M	193	191	106	141	143	117	121	117	102	58	46	32	41	119	27	66	103	23	97	15	100	20	23	112	25	117	22	105	31
AINU	25	M	180	177	101	137	136	113	124	113	101	65	47	35	40	118	27	63	101	22	100	16	102	20	24	105	25	115	24	98	27
AINU	25	M	191	189	114	141	144	124	123	111	106	66	51	36	43	122	28	61	98	23	100	17	103	22	24	105	26	116	25	99	26
AINU	25	M	200	199	112	142	152	125	135	115	105	76	52	35	43	122	31	67	98	20	99	18	103	21	21	122	31	121	25	101	32
AINU	25	M	201	198	111	148	156	127	125	114	109	69	51	33	42	119	29	72	100	24	100	18	102	22	24	124	31	121	25	109	34
AINU	25	M	190	187	105	135	142	123	124	112	104	69	53	34	43	121	25	67	97	23	101	14	104	20	23	113	26	116	22	106	26
AINU	25	M	190	186	111	138	140	116	123	112	103	68	54	35	43	125	29	67	102	21	103	14	105	23	22	108	24	110	22	98	28
AINU	25	M	186	184	108	138	144	118	126	115	104	68	54	34	41	122	26	69	93	25	99	16	100	22	21	104	27	113	25	103	29
AINU	25	M	189	186	113	146	148	127	127	114	109	71	49	35	42	126	28	64	96	19	104	20	104	24	23	114	31	119	23	101	25
AINU	25	M	183	180	98	132	140	120	122	106	100	67	51	34	39	116	28	65	98	31	98	15	99	23	21	106	29	113	20	99	29
AINU	25	M	187	182	103	139	143	121	124	115	103	63	46	31	40	120	29	66	94	21	99	15	102	23	24	112	32	114	24	98	28
AINU	25	M	188	184	106	144	139	122	121	105	104	59	44	31	40	117	27	62	93	20	98	14	100	22	23	111	30	122	29	101	24
AINU	25	M	184	181	102	138	146	122	129	111	95	70	54	36	41	121	28	69	97	21	98	16	100	19	24	111	28	117	22	97	31
AINU	25	M	194	192	102	137	147	127	128	115	95	67	51	36	40	116	28	64	87	22	98	18	99	24	19	121	35	121	23	98	31
AINU	25	M	188	187	106	133	141	113	124	111	105	73	53	34	42	120	25	68	96	26	98	16	100	18	25	116	27	114	25	99	28
AINU	25	M	195	191	112	143	136	117	127	105	114	75	55	37	42	125	30	69	108	26	105	19	107	23	27	110	23	121	22	100	30
AINU	25	M	195	190	113	137	141	116	132	109	114	73	53	36	43	133	29	74	108	22	109	20	111	25	27	107	25	117	27	94	31
AINU	25	M	197	194	109	140	146	123	133	117	107	74	56	35	43	133	31	67	111	23	106	17	108	23	31	116	26	120	21	102	30
AINU	25	M	188	185	105	140	138	119	125	110	107	63	48	33	41	123	29	68	103	19	101	14	102	22	23	110	30	118	24	106	26
AINU	25	M	186	183	111	140	144	113	130	111	102	67	54	33	41	126	27	66	102	25	99	17	100	21	26	109	25	114	23	91	29
AINU	25	M	187	184	104	140	139	115	121	111	100	63	48	30	41	120	24	64	100	22	98	15	97	17	26	115	26	107	25	103	28
AINU	25	M	197	194	111	135	142	125	130	114	112	72	55	33	44	130	30	64	103	24	109	19	110	25	26	113	26	120	25	101	32
AINU	25	M	186	183	99	135	142	123	113	110	100	69	50	33	40	118	24	63	95	21	93	13	95	17	22	116	30	116	23	93	24
AINU	25	M	198	192	111	139	140	119	126	113	110	72	53	35	45	124	28	69	107	27	107	20	108	22	28	116	28	120	25	102	30
AINU	25	M	188	184	107	139	142	120	127	108	107	64	49	32	42	125	26	66	106	22	99	15	101	20	25	108	23	111	20	101	30
AINU	25	M	189	185	102	139	140	125	124	107	102	67	52	33	41	127	31	72	103	20	105	15	105	23	25	111	29	116	27	98	28
AINU	25	M	191	188	107	141	140	119	120	112	103	67	52	33	46	126	29	64	100	24	104	18	103	21	24	118	26	113	23	101	27
AINU	25	F	189	187	100	138	141	120	120	112	105	68	47	35	41	117	24	61	92	22	98	16	102	22	22	111	27	117	23	104	32
AINU	25	F	183	182	105	137	134	111	114	110	103	63	46	33	39	114	25	62	89	21	95	16	97	21	21	105	26	115	21	103	30
AINU	25	F	174	171	95	131	136	109	116	104	96	60	46	34	40	113	23	64	88	21	94	17	95	20	20	104	25	107	21	99	27
AINU	25	F	179	178	100	133	135	115	114	103	93	57	47	35	39	112	26	62	87	21	99	18	99	23	19	112	25	109	23	95	26
AINU	25	F	174	171	96	127	131	113	114	104	98	66	48	33	39	112	24	61	89	20	95	15	95	19	24	105	24	108	23	97	27
AINU	25	F	181	180	96	130	137	118	116	109	91	68	48	35	39	112	28	62	97	16	94	14	95	21	24	114	29	108	22	101	29
AINU	25	F	172	173	96	133	136	114	113	100	94	63	44	36	39	111	29	62	93	21	94	14	98	22	21	109	27	109	22	99	26
AINU	25	F	188	187	108	140	141	117	118	107	107	74	54	39	41	120	26	64	98	24	96	17	101	24	27	115	28	116	24	98	31
AINU	25	F	168	168	96	129	135	113	114	104	93	62	48	34	37	110	25	65	96	23	90	14	92	20	23	107	27	107	23	96	25
AINU	25	F	170	169	94	127	130	105	114	95	87	63	49	36	37	107	28	58	91	25	85	14	90	17	20	105	28	104	22	96	26
AINU	25	F	182	182	96	140	139	112	117	108	103	64	50	34	38	112	28	68	95	24	95	15	95	19	22	118	28	114	22	105	27
AINU	25	F	180	178	101	133	136	113	117	102	95	63	47	37	39	113	25	57	93	24	96	14	98	21	21	110	28	109	20	100	28
AINU	25	F	178	174	98	135	135	121	118	102	97	63	49	34	39	115	28	63	97	19	94	13	95	20	24	112	31	110	22	94	27
AINU	25	F	177	175	97	124	144	119	119	114	95	57	45	30	41	115	29	62	100	23	95	14	98	19	22	107	28	106	23	93	26
AINU	25	F	172	171	99	134	135	108	116	100	93	59	48	34	38	110	27	59	85	23	92	15	94	21	20	109	25	107	22	96	25
AINU	25	F	183	180	100	137	143	115	122	117	95	68	50	34	41	112	26	62	96	21	95	11	99	19	19	110	27	115	25	103	32
AINU	25	F	174	173	95	128	139	109	116	109	92	68	52	36	40	107	25	64	87	22	89	15	89	15	21	105	24	108	23	93	29
AINU	25	F	181	177	102	133	137	117	119	106	102	65	49	35	41	118	28	66	99	24	97	14	102	20	22	106	26	111	27	97	26
AINU	25	F	173	170	101	132	139	120	118	107	94	63	48	34	37	112	26	62	93	23	92	14	95	21	22	103	24	106	25	88	26
AINU	25	F	175	174	94	132	132	114	120	103	100	59	42	32	39	117	27	61	95	25	96	16	97	20	23	110	25	113	23	98	26
AINU	25	F	187	185	104	139	140	120	116	110	101	64	47	34	42	118	25	60	92	22	100	19	101	21	20	112	26	119	23	98	30
AINU	25	F	172	168	97	129	140	116	121	110	98	60	47	35	38	116	27	62	94	21	96	18	98	23	23	104	26	105	22	99	26
AINU	25	F	182	180	103	137	132	112	120	110	98	62	47	33	41	119	25	65	98	22	100	18	101	21	24	111	27	111	18	99	29
AINU	25	F	176	175	101	129	135	117	123	109	98	60	44	34	41	118	27	62	93	21	98	18	101	22	21	102	23	105	20	96	28
AINU	25	F	179	176	98	123	139	113	116	107	100	59	43	32	39	116	26	62	92	17	97	15	99	19	23	105	24	108	25	92	30
AINU	25	M	189	186	105	140	141	122	124	109	107	64	52	37	41	121	27	63	93	20	105	16	104	25	19	109	28	125	29	99	24
AINU	25	F	180	178	107	140	140	117	128	105	105	77	56	37	44	120	24	66	94	25	96	12	101	18	22	111	31	108	26	100	25
AINU	25	F	174	172	96	131	134	113	113	101	90	62	49	35	42	115	24	65	88	18	97	19	98	19	21	107	27	105	20	100	28
AINU	25	F	182	181	104	127	138	118	123	106	100	63	47	34	43	120	24	60	90	19	101	19	102	22	19	105	28	120	25	86	26
AINU	25	F	179	177	101	132	136	118	121	107	93	63	50	35	38	113	31	58	94	18	101	17	101	29	22	104	28	117	24	101	31
AINU	25	F	182	180	95	126	141	114	120	110	91	63	48	34	39	109	25	59	88	22	92	16	93	18	21	106	30	117	23	99	30
AINU	25	F	182	181	98	125	134	116	118	102	99	69	53	36	43	116	28	64	98	21	99	15	102	18	24	113	31	114	26	90	26
AINU	25	F	189	187	107	144	143	122	122	112	102	69	52	34	42	119	29	67	100	25	98	19	99	19	26	115	28	118	24	96	25
AINU	25	F	185	184	104	135	138	117	120	108	96	70	50	36	42	115	28	62	97	19	100	17	100	23	25	117	29	116	23	96	29
AINU	25	F	178	176	104	128	137	114	124	106	101	68	50	33	41	118	28	62	96	20	96	14	99	22	23	105	24	109	24	94	27
AINU	25	F	183	181	103	134	142	114	125	111	99	67	50	33	40	120	27	62	98	21	96	14	98	22	25	110	24	109	20	103	28
AINU	25	F	181	178	109	136	133	115	120	108	104	67	49	32	42	115	26	65	102	27	97	20	100	22	24	109	26	107	22	97	25
AINU	25	F	172	171	94	131	141	112	119	114	91	58	46	32	37	114	27	58	89	23	94	16	94	21	21	110	26	110	24	92	24
AINU	25	F	176	176	103	135	132	115	117	103	103	58	46	32	40	116	27	62	98	24	97	16	98	19	22	109	25	111	22	103	25
N JAPAN	16	M	184	181	105	139	139	117	123	103	97	69	54	33	39	119	25	70	96	25	96	15	97	20	28	109	24	114	24	97	29
N JAPAN	16	M	183	177	103	133	139	116	126	105	98	71	54	34	37	118	26	74	95	23	94	13	95	22	24	108	25	115	28	91	29
N JAPAN	16	M	193	191	107	137	140	118	132	109	102	72	53	36	42	123	26	66	99	21	101	14	103	22	22	116	29	121	26	98	29
N JAPAN	16	M	182	178	101	139	134	111	118	106	97	72	55	35	40	120	28	68	96	22	97	15	98	19	25	111	24	116	25	97	29
N JAPAN	16	M	178	175	103	146	141	114	123	112	100	69	53	34	40	118	24	66	99	25	97	16	96	17	25	120	26	115	25	97	24
N JAPAN	16	M	168	165	94	143	148	116	124	114	96	70	51	33	37	110	26	66	93	25	91	11	92	19	26	110	30	110	25	102	30
N JAPAN	16	M	182	178	101	133	141	109	122	110	94	72	54	32	39	113	25	69	97	25	96	16	95	21	23	106	25	109	21	106	33
N JAPAN	16	M	176	172	104	137	143	122	122	103	93	81	60	36	41	116	25	60	95	25	99	14	101	23	20	111	27	105	20	96	24
N JAPAN	16	M	190	187	103	131	139	122	124	106	101	71	54	35	39	118	26	71	104	27	98	14	98	23	24	109	28	114	22	94	29
N JAPAN	16	M	180	179	96	128	133	112	120	104	93	62	48	33	39	113	26	57	90	20	95	15	95	19	21	106	28	106	23	106	37
N JAPAN	16	M	178	176	103	134	144	119	123	114	105	74	52	35	38	116	26	67	98	29	97	13	95	20	24	109	26	110	22	94	26
N JAPAN	16	M	178	178	93	141	152	117	127	108	81	73	55	36	41	114	21	63	92	19	94	11	97	17	22	107	21	122	30	106	26
N JAPAN	16	M	178	175	99	137	143	113	127	103	98	74	56	36	40	122	26	66	98	23	98	17	99	22	25	111	23	115	29	94	25
N JAPAN	16	M	174	172	96	136	150	127	133	115	90	69	51	33	39	121	25	68	99	21	100	12	100	24	19	111	31	112	25	98	25
N JAPAN	16	M	180	179	100	126	139	109	123	109	98	70	52	36	42	120	27	68	97	21	100	16	101	20	25	102	17	107	23	97	26
N JAPAN	16	M	184	182	105	145	144	118	127	115	99	69	54	34	41	123	26	72	98	21	102	17	101	21	26	115	26	122	25	107	27
N JAPAN	16	M	185	182	105	144	147	117	130	115	98	69	50	35	40	120	26	71	102	25	101	18	100	24	25	114	26	112	19	104	29
N JAPAN	16	M	185	181	105	140	147	126	126	105	104	71	54	35	41	120	28	69	100	30	100	13	102	21	19	117	32	108	18	110	31
N JAPAN	16	M	180	177	102	138	142	115	131	117	101	73	55	39	40	123	26	64	95	23	99	14	100	20	23	113	25	106	21	99	26
N JAPAN	16	M	185	184	97	133	139	117	122	107	97	67	48	33	40	119	27	62	104	23	97	17	98	23	27	109	24	119	26	107	32
N JAPAN	16	M	188	186	104	138	133	111	116	103	102	74	52	35	40	115	27	71	99	20	100	17	100	23	23	114	25	118	22	104	29
N JAPAN	16	M	185	179	97	138	145	124	121	116	96	67	51	32	38	123	27	67	99	25	100	13	101	24	23	111	29	119	27	95	31
N JAPAN	16	M	190	188	105	141	151	117	131	119	103	74	54	35	43	132	32	72	112	19	105	16	106	23	29	116	23	119	28	105	31
N JAPAN	16	M	175	172	94	127	142	113	124	107	90	68	52	36	38	118	27	66	98	22	97	12	99	23	23	104	21	103	23	103	31
N JAPAN	16	M	179	175	97	131	141	123	124	104	88	68	51	37	40	112	23	63	93	20	96	13	97	18	22	104	25	115	22	95	25
N JAPAN	16	M	180	180	99	134	144	113	124	113	90	73	56	35	38	112	24	67	96	24	92	14	94	20	24	114	28	99	18	110	29
N JAPAN	16	M	192	188	105	144	143	121	125	107	102	68	49	35	40	123	29	68	101	23	103	16	102	24	26	117	27	113	21	113	35
N JAPAN	16	M	178	175	99	129	140	115	115	108	97	65	48	33	39	118	26	62	91	19	95	14	95	20	22	107	24	110	25	100	27
N JAPAN	16	M	189	186	106	139	144	114	131	116	96	78	57	36	41	122	27	69	104	26	98	14	101	21	27	116	25	114	21	106	29
N JAPAN	16	M	177	173	97	135	140	112	123	114	97	67	52	35	36	116	25	67	94	21	91	9	94	22	23	111	25	108	22	93	26
N JAPAN	16	M	191	188	105	135	136	109	126	108	109	72	49	35	40	118	28	65	103	23	101	16	102	24	21	110	24	113	25	101	32
N JAPAN	16	M	179	178	97	124	145	120	121	106	94	68	51	34	37	114	28	63	92	19	96	14	96	22	22	115	29	99	19	96	28
N JAPAN	16	M	190	186	109	140	140	119	126	112	105	74	55	34	41	119	27	75	105	23	101	13	102	24	22	113	27	115	25	103	29
N JAPAN	16	M	178	176	92	126	139	115	119	106	94	74	53	32	38	111	25	62	87	24	95	11	96	22	21	110	26	111	25	91	32
N JAPAN	16	M	191	189	101	142	147	123	125	113	98	68	48	33	40	117	25	70	93	25	99	19	101	26	20	118	30	123	26	106	30
N JAPAN	16	M	186	185	106	144	147	122	123	105	109	73	54	34	38	117	26	61	98	23	89	12	92	18	22	116	28	115	21	105	28
N JAPAN	16	M	187	182	104	134	141	116	124	110	103	73	52	33	39	118	25	68	92	23	97	15	99	22	21	116	25	112	22	96	30
N JAPAN	16	M	184	181	102	138	139	117	122	108	101	72	52	35	41	117	27	65	95	22	98	16	97	21	25	113	28	116	27	97	29
N JAPAN	16	M	195	192	108	144	139	118	130	116	108	78	57	36	40	126	27	70	104	20	102	15	102	24	30	120	26	122	25	102	27
N JAPAN	16	M	188	182	90	146	146	124	131	119	86	66	51	33	40	124	29	65	103	22	101	11	103	23	19	119	27	127	27	108	32
N JAPAN	16	M	187	183	104	148	140	122	124	111	103	69	51	35	38	120	25	68	97	27	96	14	96	21	24	111	27	110	20	117	36
N JAPAN	16	M	193	189	108	131	143	121	128	110	102	72	57	37	42	124	28	69	99	26	111	21	108	31	24	100	24	123	26	100	30
N JAPAN	16	M	180	176	98	137	140	116	126	110	96	68	49	35	40	122	24	69	96	20	97	14	98	21	22	115	29	115	22	98	31
N JAPAN	16	M	180	177	109	141	143	118	123	110	104	72	55	34	41	121	23	63	103	23	99	16	100	20	25	106	23	115	25	100	23
N JAPAN	16	M	190	189	102	127	144	113	129	119	102	74	55	35	41	122	28	73	103	23	102	16	103	25	22	113	23	107	19	103	34
N JAPAN	16	M	189	186	101	133	142	118	126	109	95	66	50	35	39	120	26	65	100	22	98	17	98	22	22	113	27	116	24	99	27
N JAPAN	16	M	186	184	108	144	145	113	126	116	108	80	58	36	42	128	27	78	108	29	103	16	104	22	29	116	24	113	23	98	28
N JAPAN	16	M	184	180	103	145	142	116	126	108	106	71	51	34	40	125	26	70	110	22	105	13	106	26	22	113	26	123	28	98	27
N JAPAN	16	M	172	169	102	132	130	110	120	101	97	69	52	33	38	116	25	66	98	25	94	13	96	21	22	102	22	99	21	96	28
N JAPAN	16	M	171	167	94	134	140	116	120	103	93	69	51	34	37	111	22	68	91	21	95	11	95	21	24	109	26	108	23	93	26
N JAPAN	16	M	180	178	102	129	140	111	124	111	101	81	60	35	40	115	23	71	96	25	97	16	98	21	26	102	20	111	25	95	25
N JAPAN	16	M	176	173	102	136	142	117	120	105	95	69	55	32	39	117	26	62	93	25	94	16	96	21	23	113	27	107	23	97	28
N JAPAN	16	M	187	182	108	145	133	111	126	102	110	67	51	35	40	123	27	68	108	20	96	8	99	20	25	113	28	116	24	94	25
N JAPAN	16	M	180	177	99	132	136	111	122	109	99	69	50	34	39	118	21	68	94	24	97	13	98	22	22	107	24	115	25	91	29
N JAPAN	16	M	190	186	103	143	143	121	122	110	94	69	52	36	42	117	26	66	97	25	98	16	101	19	21	116	27	127	29	97	27
N JAPAN	16	F	172	171	92	123	136	113	115	106	91	69	51	38	38	107	22	58	90	20	90	16	93	20	20	107	26	105	20	92	27
N JAPAN	16	F	165	164	94	121	129	104	116	109	93	66	54	35	39	109	27	66	94	24	87	13	90	14	22	101	24	97	17	94	26
N JAPAN	16	F	177	173	101	141	141	123	124	100	96	64	53	35	41	115	26	65	93	23	97	11	99	20	21	110	28	107	26	109	28
N JAPAN	16	F	185	182	99	132	133	107	118	108	97	61	49	35	42	117	26	64	95	25	100	19	103	25	22	109	25	115	21	101	29
N JAPAN	16	F	176	176	99	139	134	112	116	100	91	68	51	36	37	110	26	64	95	25	94	13	94	22	24	111	29	110	21	104	27
N JAPAN	16	F	163	161	98	130	124	103	111	101	95	64	48	33	36	109	26	60	94	24	90	13	91	19	25	100	24	97	17	91	25
N JAPAN	16	F	181	180	101	130	133	113	132	107	100	73	54	37	42	121	29	69	107	22	99	14	102	21	25	107	25	111	20	103	29
N JAPAN	16	F	180	179	102	136	135	115	117	107	96	70	53	36	39	112	25	63	90	25	94	15	95	19	24	110	25	114	22	102	24
N JAPAN	16	F	169	167	95	133	132	104	118	106	93	67	51	33	36	104	23	60	87	23	88	12	90	19	23	103	26	107	22	96	24
N JAPAN	16	F	172	169	95	123	132	108	115	108	96	64	48	34	40	110	25	63	91	20	96	12	96	20	22	103	24	99	18	98	26
N JAPAN	16	F	166	165	92	126	133	115	112	104	88	64	50	32	36	105	25	58	86	21	88	13	90	21	23	107	27	106	23	94	26
N JAPAN	16	F	170	170	94	129	140	109	123	107	88	68	49	38	39	111	23	68	87	22	93	13	96	18	22	103	22	112	24	92	27
N JAPAN	16	F	174	172	91	128	137	114	115	106	91	66	50	34	39	110	27	60	91	22	98	15	96	23	23	108	28	109	21	101	28
N JAPAN	16	F	170	169	99	127	134	111	119	111	94	71	51	34	41	115	24	69	91	22	100	18	102	23	20	101	21	106	20	96	26
N JAPAN	16	F	178	175	97	134	136	107	122	104	102	65	49	32	37	108	28	68	96	27	91	13	93	19	25	109	27	114	26	100	27
N JAPAN	16	F	178	175	97	135	139	115	123	110	92	66	50	35	37	111	25	63	94	21	93	15	95	20	24	109	27	110	24	106	33
N JAPAN	16	F	172	172	93	131	135	109	114	109	92	68	51	36	38	107	24	63	89	23	91	13	94	19	24	110	27	108	20	101	27
N JAPAN	16	F	178	175	91	123	133	113	117	102	89	63	49	33	37	107	27	63	90	24	91	14	94	21	20	107	28	106	19	96	35
N JAPAN	16	F	164	162	97	134	131	112	112	99	90	59	45	33	36	108	26	60	89	23	89	15	91	23	19	103	29	98	19	100	29
N JAPAN	16	F	157	156	97	128	133	106	114	98	100	69	49	33	38	112	26	67	96	23	90	13	93	18	20	99	21	95	18	88	24
N JAPAN	16	F	160	158	91	125	132	108	112	99	92	64	50	35	36	105	25	60	88	20	90	13	90	21	22	94	21	107	23	89	20
N JAPAN	16	F	174	172	104	137	135	112	123	108	90	73	54	36	37	111	26	62	93	25	92	16	93	21	21	101	24	109	21	95	29
N JAPAN	16	F	170	170	94	123	135	115	113	104	85	70	55	35	39	113	25	60	95	22	92	14	95	20	22	101	26	109	25	96	26
N JAPAN	16	F	177	177	93	129	146	123	117	101	90	69	52	35	39	109	27	59	91	19	92	11	94	19	21	112	28	108	19	104	29
N JAPAN	16	F	175	174	90	124	130	104	112	103	88	67	53	34	39	102	28	60	82	20	89	11	90	16	20	111	27	112	26	90	28
N JAPAN	16	F	164	162	89	122	132	113	109	96	91	61	44	30	35	106	26	59	91	21	90	12	90	22	18	101	26	107	22	82	26
N JAPAN	16	F	166	164	93	126	130	109	110	101	95	61	47	33	38	111	28	63	91	19	96	13	100	24	18	104	26	108	20	87	25
N JAPAN	16	F	171	170	95	134	130	105	114	104	90	66	47	32	39	107	27	58	90	23	91	16	93	21	28	107	27	115	26	94	26
N JAPAN	16	F	163	162	93	128	132	107	112	102	86	61	49	35	37	103	24	62	90	24	88	10	91	17	21	104	24	100	21	91	23
N JAPAN	16	F	171	169	101	135	125	102	116	100	97	65	49	32	39	115	25	70	94	25	94	18	96	21	23	103	18	109	23	100	26
N JAPAN	16	F	172	171	99	136	129	115	120	104	95	69	54	38	40	111	26	65	92	23	99	19	99	23	22	109	25	110	24	95	25
N JAPAN	16	F	165	163	94	123	135	113	121	107	92	66	50	34	37	110	25	63	95	23	92	14	95	22	24	100	24	99	20	93	28
S JAPAN	17	M	175	173	99	135	137	111	122	109	99	72	52	33	36	116	25	60	97	22	92	13	93	23	24	106	24	109	22	98	24
S JAPAN	17	M	182	180	103	137	131	112	118	106	101	63	49	31	38	116	26	68	102	21	93	14	95	22	22	116	28	110	20	105	25
S JAPAN	17	M	178	176	99	141	146	121	125	106	90	62	51	35	37	113	26	65	91	25	92	13	93	19	16	110	28	116	24	101	26
S JAPAN	17	M	165	164	103	142	147	118	127	116	100	73	56	35	40	123	26	69	104	23	101	16	102	23	27	109	25	105	24	96	26
S JAPAN	17	M	180	178	105	142	142	112	123	108	102	70	54	37	39	116	26	64	103	26	96	15	95	19	23	113	28	107	20	105	29
S JAPAN	17	M	190	187	109	141	137	116	120	110	110	73	55	33	39	119	28	75	103	26	101	19	102	26	26	115	25	120	28	97	26
S JAPAN	17	M	178	176	99	132	134	112	117	105	96	62	50	32	38	108	24	63	89	25	92	17	91	19	22	109	29	112	23	97	25
S JAPAN	17	M	178	176	102	137	137	112	125	104	103	70	50	33	39	116	27	68	93	24	92	16	94	19	25	107	21	117	27	96	25
S JAPAN	17	M	188	187	106	141	139	120	126	110	101	75	55	37	42	125	31	67	102	27	102	16	104	24	24	113	28	118	24	97	27
S JAPAN	17	M	189	185	110	146	135	116	130	113	102	68	50	34	39	120	24	66	96	21	95	13	96	21	26	112	29	121	26	100	31
S JAPAN	17	M	177	177	106	138	138	117	119	106	107	69	50	34	42	120	26	68	95	21	99	16	98	19	22	107	24	101	18	116	32
S JAPAN	17	M	187	186	109	140	135	115	123	111	108	74	55	35	40	119	27	71	100	25	99	15	99	21	25	111	25	117	23	106	28
S JAPAN	17	M	192	191	110	143	140	122	128	111	110	75	58	35	43	128	28	71	106	27	105	16	106	24	24	118	27	114	22	108	34
S JAPAN	17	M	179	177	96	133	136	111	116	102	91	64	49	33	36	110	26	60	87	19	88	14	90	20	21	112	30	117	27	96	28
S JAPAN	17	M	177	176	97	132	136	116	120	107	96	68	51	34	41	113	25	65	97	26	96	14	97	22	22	108	30	116	25	94	29
S JAPAN	17	M	175	174	100	133	135	115	117	107	100	63	46	33	39	113	24	66	99	26	98	15	98	24	19	103	24	113	27	102	27
S JAPAN	17	M	185	182	104	135	136	112	122	107	104	71	50	31	39	120	26	70	105	23	98	16	99	24	29	112	23	115	25	96	31
S JAPAN	17	M	179	176	105	133	131	106	122	107	106	70	52	32	36	113	22	64	90	23	89	15	89	18	23	109	24	109	24	96	27
S JAPAN	17	M	184	182	104	142	140	118	125	111	97	74	57	33	39	112	28	65	93	22	94	14	95	20	25	111	25	111	24	107	29
S JAPAN	17	M	187	184	99	135	142	113	124	105	103	69	50	34	37	123	26	65	105	23	99	14	99	26	28	108	28	119	25	97	34
S JAPAN	17	M	190	186	103	140	133	110	126	110	102	69	51	33	39	116	26	64	97	21	95	14	95	19	23	111	22	117	23	104	29
S JAPAN	17	M	182	180	100	137	138	110	119	102	97	68	51	32	40	112	26	61	96	23	95	13	96	20	23	116	27	109	23	107	30
S JAPAN	17	M	182	180	97	140	143	121	127	111	95	64	48	33	42	115	23	65	98	22	97	14	99	19	22	119	27	113	23	101	28
S JAPAN	17	M	182	179	99	140	133	117	123	104	100	69	51	33	39	121	25	71	100	24	97	13	98	21	22	116	28	115	26	101	32
S JAPAN	17	M	174	174	101	143	134	111	122	105	93	72	54	36	37	122	24	65	102	23	93	15	95	22	27	109	25	114	25	100	29
S JAPAN	17	M	174	172	98	137	145	117	124	112	93	71	54	31	40	115	26	62	93	25	99	17	100	24	21	109	25	110	25	98	26
S JAPAN	17	M	179	176	98	135	137	118	123	102	96	63	50	34	39	118	28	62	98	23	96	13	96	21	22	112	31	114	27	94	27
S JAPAN	17	M	186	185	106	141	141	117	123	114	100	73	53	37	42	122	28	66	98	19	99	19	101	22	24	113	29	118	24	101	30
S JAPAN	17	M	179	177	102	135	141	119	129	104	97	67	53	36	39	122	27	69	100	22	99	14	100	24	25	107	25	110	25	102	27
S JAPAN	17	M	174	173	100	145	141	116	124	104	93	69	53	36	40	114	26	65	92	26	97	16	98	21	20	105	24	119	28	103	27
S JAPAN	17	M	177	176	101	137	139	116	122	107	100	68	51	33	38	117	25	60	94	18	93	14	94	19	22	110	25	111	24	100	26
S JAPAN	17	M	179	176	101	136	138	115	127	111	98	75	55	37	39	118	28	67	104	26	95	16	95	20	24	113	30	118	25	87	24
S JAPAN	17	M	172	170	101	139	134	109	118	113	98	66	47	35	40	114	27	72	101	26	99	18	99	20	20	104	20	99	17	111	29
S JAPAN	17	M	187	184	105	144	146	115	124	110	105	70	50	34	40	114	27	71	100	26	99	18	99	23	22	121	28	110	24	106	29
S JAPAN	17	M	188	184	104	143	134	116	121	107	99	78	58	36	42	122	25	70	102	23	101	17	102	23	30	114	28	122	28	101	34
S JAPAN	17	M	179	178	106	138	135	110	121	106	103	64	52	34	39	115	25	66	102	25	98	14	97	19	21	108	24	112	26	97	23
S JAPAN	17	M	182	179	101	138	131	108	121	109	103	67	49	36	39	120	29	64	95	24	97	15	97	21	23	109	27	110	25	98	28
S JAPAN	17	M	187	185	103	145	137	120	124	109	102	68	53	33	38	115	26	68	93	29	97	15	97	21	24	115	28	129	31	99	23
S JAPAN	17	M	181	178	99	130	132	110	114	106	99	68	49	33	39	115	26	59	96	17	94	13	97	22	25	106	25	118	26	91	28
S JAPAN	17	M	189	186	109	143	144	114	126	112	103	70	54	33	40	125	27	67	103	23	100	16	100	22	28	116	28	120	29	101	27
S JAPAN	17	M	183	180	101	140	134	116	121	109	94	66	49	35	40	115	24	64	94	20	97	16	97	18	22	115	28	116	24	96	26
S JAPAN	17	M	188	186	101	140	140	119	120	101	101	70	49	32	40	116	28	64	96	23	97	16	97	22	26	111	22	120	26	105	28
S JAPAN	17	M	178	175	98	133	141	120	129	117	95	67	50	35	40	123	29	68	99	20	103	17	102	24	21	110	29	109	23	95	28
S JAPAN	17	M	179	178	100	135	144	121	126	112	95	68	52	36	39	121	25	63	95	24	100	17	99	22	23	104	24	113	24	102	29
S JAPAN	17	M	180	178	95	129	137	114	116	102	96	68	52	35	38	110	27	63	96	24	91	16	92	21	24	103	22	97	16	113	40
S JAPAN	17	M	175	173	102	137	135	111	118	105	98	69	56	34	40	115	25	66	96	23	97	20	98	21	21	109	26	113	21	95	24
S JAPAN	17	M	186	185	100	137	141	120	127	109	99	72	52	34	39	121	27	70	101	27	99	18	99	25	29	119	25	118	23	95	31
S JAPAN	17	M	188	184	100	141	152	118	136	115	98	71	51	33	42	126	25	72	106	22	104	12	106	22	26	111	25	119	27	106	33
S JAPAN	17	M	184	181	100	137	140	115	120	106	95	67	50	34	38	113	24	73	99	23	93	17	93	20	24	116	28	112	22	102	28
S JAPAN	17	M	176	174	101	144	141	118	123	110	93	69	51	35	39	121	26	69	95	25	101	17	100	24	19	109	23	120	28	98	25
S JAPAN	17	F	167	166	94	128	132	109	115	100	91	63	47	35	37	106	27	60	91	21	91	15	93	21	20	103	27	104	21	96	27
S JAPAN	17	F	176	175	96	131	134	109	121	97	95	68	49	34	41	115	26	70	91	23	93	16	98	19	19	109	29	111	22	97	29
S JAPAN	17	F	172	170	92	129	132	105	109	109	87	65	49	34	37	108	24	62	93	23	87	13	90	19	22	107	27	109	23	95	31
S JAPAN	17	F	174	172	100	133	136	110	123	112	99	68	52	35	37	112	26	61	95	24	92	15	93	20	27	114	26	100	22	97	30
S JAPAN	17	F	171	170	92	129	139	114	126	104	89	69	52	38	39	117	23	61	98	24	94	15	98	23	22	109	26	103	21	100	30
S JAPAN	17	F	178	177	102	137	129	108	116	101	100	68	52	34	40	115	28	65	93	26	97	17	98	23	20	114	27	102	18	105	32
S JAPAN	17	F	178	175	97	136	130	110	121	104	101	63	47	32	39	115	27	66	97	19	93	10	98	22	20	108	24	115	24	101	26
S JAPAN	17	F	170	170	95	123	139	114	122	100	99	66	51	33	37	115	26	62	97	18	93	10	96	24	25	100	26	112	28	91	27
S JAPAN	17	F	162	163	85	123	137	111	116	101	83	71	53	35	38	105	24	58	83	23	93	15	93	20	18	101	22	103	23	101	25
S JAPAN	17	F	179	177	93	126	132	113	116	100	92	68	51	33	37	107	25	59	90	21	93	14	93	21	22	108	28	118	28	91	26
S JAPAN	17	F	178	177	100	134	131	107	116	105	101	64	48	34	38	112	27	63	93	22	94	14	96	21	26	108	27	112	20	92	29
S JAPAN	17	F	171	171	98	136	133	115	117	112	100	72	53	34	39	114	26	64	93	22	95	16	97	21	24	106	20	111	24	99	28
S JAPAN	17	F	179	179	100	130	140	115	126	109	96	71	54	36	37	111	28	64	90	22	89	13	94	20	23	109	27	110	23	97	31
S JAPAN	17	F	169	167	93	135	131	105	113	100	94	61	47	32	36	108	27	62	93	22	87	13	91	20	20	104	27	114	26	95	24
S JAPAN	17	F	162	160	91	130	130	108	114	96	88	61	46	32	37	103	25	59	87	22	87	15	89	20	20	104	24	109	25	91	26
S JAPAN	17	F	165	162	92	126	125	102	110	106	89	62	48	34	36	99	24	59	80	22	87	15	88	18	20	99	23	106	22	89	26
S JAPAN	17	F	174	172	93	133	139	116	116	110	92	62	47	34	38	116	26	61	88	21	93	13	95	22	22	107	26	111	23	101	30
S JAPAN	17	F	173	170	93	130	135	113	117	99	89	65	48	33	38	111	25	63	94	19	94	14	94	20	22	105	26	111	24	96	31
S JAPAN	17	F	162	161	94	127	126	103	112	98	93	60	46	32	35	107	21	60	86	24	85	13	87	19	20	97	25	106	26	89	23
S JAPAN	17	F	178	176	91	128	131	107	113	101	95	64	47	34	37	109	24	59	90	23	87	11	90	18	17	106	27	115	22	103	32
S JAPAN	17	F	183	184	100	135	132	107	124	102	100	74	56	35	39	116	26	67	102	24	95	15	96	22	26	119	27	112	21	96	32
S JAPAN	17	F	172	171	98	129	129	106	118	100	101	67	50	35	39	111	26	63	91	25	93	16	95	20	21	105	23	107	26	89	28
S JAPAN	17	F	171	170	98	130	131	114	115	104	95	67	49	37	39	112	27	59	98	21	96	17	96	22	22	101	25	113	25	95	26
S JAPAN	17	F	177	176	99	135	136	115	114	112	95	64	48	36	40	111	27	62	89	17	93	14	95	18	17	112	27	110	22	102	29
S JAPAN	17	F	184	183	100	137	133	112	119	110	100	69	51	35	39	117	26	70	100	24	96	15	98	23	26	114	28	115	25	96	30
S JAPAN	17	F	165	164	97	138	137	113	120	110	95	66	50	32	37	111	27	65	93	22	89	10	91	19	23	106	24	111	27	94	22
S JAPAN	17	F	172	170	93	126	133	109	117	106	96	65	50	32	36	111	27	63	92	25	90	12	93	21	19	106	26	101	19	97	28
S JAPAN	17	F	176	172	96	140	130	105	113	97	91	63	46	34	38	107	26	63	91	22	91	16	93	22	23	108	26	114	24	102	28
S JAPAN	17	F	170	170	93	128	132	115	118	101	98	71	52	32	37	113	25	62	93	21	92	13	93	20	27	106	27	111	26	96	28
S JAPAN	17	F	176	175	98	131	132	110	117	99	94	68	51	33	38	112	26	65	93	19	91	13	94	19	24	112	27	113	25	91	26
S JAPAN	17	F	176	175	97	134	139	112	123	105	97	69	50	35	36	109	26	66	92	25	89	13	91	19	23	107	25	118	27	97	26
S JAPAN	17	F	172	172	97	134	130	107	116	101	97	70	51	35	38	113	27	68	96	23	93	15	97	20	24	103	23	114	23	96	25
S JAPAN	17	F	168	167	93	127	132	102	113	103	91	57	45	31	37	105	23	61	90	21	88	11	90	18	22	105	23	108	22	96	24
S JAPAN	17	F	179	178	93	128	135	113	117	106	93	62	46	32	36	105	24	60	90	21	90	16	89	21	24	109	27	112	22	102	30
S JAPAN	17	F	170	170	93	128	130	105	111	106	97	66	49	33	37	112	22	62	90	19	91	11	93	20	25	105	26	110	24	90	28
S JAPAN	17	F	168	166	100	131	134	114	115	98	96	65	50	34	36	111	25	61	93	22	93	15	93	21	22	103	25	103	20	89	24
S JAPAN	17	F	174	173	95	130	137	114	116	107	95	69	50	35	38	106	23	58	86	23	91	16	92	21	22	103	23	114	26	95	29
S JAPAN	17	F	170	169	99	135	142	115	125	108	96	66	48	35	38	116	23	65	94	18	92	12	95	23	19	111	27	104	19	94	24
S JAPAN	17	F	175	173	94	123	137	117	119	107	93	60	47	34	40	111	28	59	89	18	93	12	97	21	21	105	24	109	26	98	30
S JAPAN	17	F	173	171	99	133	142	115	120	102	96	68	49	33	39	113	25	61	96	20	96	18	96	24	25	108	26	107	25	94	28
S JAPAN	17	F	163	162	98	129	138	119	120	103	88	63	49	35	36	111	24	58	92	20	93	14	93	23	19	95	26	104	24	94	24
HAINAN	18	M	179	177	98	142	140	118	119	103	96	67	52	33	39	115	27	62	97	28	100	20	100	26	23	114	27	121	29	95	25
HAINAN	18	M	178	177	103	135	135	113	126	106	97	65	53	32	38	118	27	62	99	23	97	17	98	24	27	110	24	111	23	98	28
HAINAN	18	M	182	179	105	140	136	115	117	103	109	73	54	32	39	117	26	72	100	27	97	15	98	20	24	109	25	109	25	102	31
HAINAN	18	M	186	184	103	138	130	111	119	103	102	69	52	32	39	119	30	74	98	23	99	15	100	23	25	109	25	120	24	94	31
HAINAN	18	M	168	167	95	138	139	117	118	101	91	69	51	33	36	111	24	61	96	22	93	15	94	24	24	109	27	117	29	89	24
HAINAN	18	M	176	174	103	131	133	109	122	108	104	72	52	32	38	122	30	70	100	24	96	17	97	23	25	101	20	114	25	91	26
HAINAN	18	M	180	178	99	141	135	110	124	100	99	71	52	34	38	117	28	63	98	28	93	13	95	20	23	116	27	122	32	90	27
HAINAN	18	M	167	166	93	127	146	120	123	103	98	63	48	30	36	113	29	63	99	20	93	16	99	24	27	107	27	107	27	88	25
HAINAN	18	M	173	172	100	136	141	117	119	104	96	68	52	31	38	113	25	66	93	24	95	20	95	25	28	109	26	112	27	92	25
HAINAN	18	M	180	177	100	139	140	115	120	104	92	75	58	34	40	116	25	65	98	24	96	17	96	21	24	113	28	110	23	101	28
HAINAN	18	M	184	182	106	139	143	122	135	119	99	74	56	36	42	127	29	69	97	23	102	16	104	21	25	112	25	110	23	99	31
HAINAN	18	M	176	174	98	144	138	117	126	110	86	78	52	36	40	118	25	70	100	23	98	18	98	20	27	110	25	116	26	104	27
HAINAN	18	M	175	172	105	138	137	109	124	107	104	70	52	32	40	120	28	65	101	27	95	16	97	21	24	110	22	104	20	94	22
HAINAN	18	M	176	174	101	140	143	118	128	110	90	73	53	34	39	122	26	65	97	23	99	18	98	22	23	111	22	110	27	98	17
HAINAN	18	M	176	175	99	136	138	115	122	110	92	68	50	32	37	114	29	64	94	21	95	12	94	22	25	108	27	112	27	101	25
HAINAN	18	M	178	174	98	139	145	118	128	109	93	66	50	35	41	126	28	69	105	24	102	14	103	23	24	109	26	114	27	100	28
HAINAN	18	M	172	170	102	137	138	118	122	110	101	69	53	32	38	118	30	66	96	22	96	14	96	20	26	106	23	106	21	93	24
HAINAN	18	M	175	173	94	137	130	102	116	101	95	72	51	34	36	107	26	64	92	24	89	13	90	19	24	108	24	116	27	95	27
HAINAN	18	M	174	174	101	137	130	109	121	102	98	73	56	33	40	121	30	66	98	20	96	15	99	23	23	108	19	105	22	94	25
HAINAN	18	M	189	185	100	146	141	121	129	108	99	69	52	33	39	126	29	68	101	23	103	14	101	22	29	123	29	121	27	103	29
HAINAN	18	M	174	174	98	133	137	116	129	106	88	71	55	34	36	120	29	66	102	14	95	14	94	21	28	112	22	113	29	92	25
HAINAN	18	M	181	178	100	138	139	113	122	110	97	65	49	34	38	118	28	67	101	25	93	17	95	21	23	116	29	111	23	98	25
HAINAN	18	M	174	171	90	133	143	112	123	113	87	67	50	36	38	119	27	65	102	18	97	12	98	21	25	104	24	110	23	98	33
HAINAN	18	M	170	170	98	131	137	105	128	102	100	71	51	34	40	121	28	66	100	21	98	14	99	21	26	99	19	106	22	101	29
HAINAN	18	M	175	171	96	136	138	111	119	106	99	70	50	32	39	121	28	64	96	17	99	12	101	23	27	112	26	113	26	89	27
HAINAN	18	M	175	173	98	141	142	121	124	106	91	71	54	35	40	122	27	66	104	22	100	12	103	23	27	109	23	109	22	101	23
HAINAN	18	M	170	168	97	128	142	114	122	104	99	72	54	36	39	120	27	65	104	26	98	15	97	21	27	108	25	117	28	91	24
HAINAN	18	M	167	164	97	136	129	111	119	99	100	68	51	31	40	121	31	64	101	25	97	15	99	23	24	104	22	110	26	89	24
HAINAN	18	M	164	162	92	131	137	114	126	102	87	62	48	32	36	122	25	60	101	16	101	15	99	26	26	105	27	112	28	85	24
HAINAN	18	M	189	188	104	145	149	127	130	109	96	77	58	35	40	125	29	65	93	22	102	18	101	24	26	120	30	120	25	104	28
HAINAN	18	M	166	165	94	126	135	113	123	101	86	68	55	35	40	116	25	61	91	19	95	13	98	22	23	105	24	100	21	96	25
HAINAN	18	M	184	182	105	135	137	109	127	109	103	71	52	32	38	122	28	64	99	21	98	18	98	24	27	113	23	111	21	98	29
HAINAN	18	M	180	178	102	138	138	119	125	102	103	70	51	29	38	121	28	67	100	21	97	13	98	24	26	108	24	115	26	102	25
HAINAN	18	M	165	163	99	133	140	109	121	104	87	62	51	35	37	112	23	56	89	19	93	14	92	20	23	106	23	103	27	86	23
HAINAN	18	M	176	174	99	138	140	116	120	107	99	66	49	33	36	116	26	60	99	22	96	16	95	22	22	106	20	107	24	103	34
HAINAN	18	M	180	177	100	134	133	107	124	103	97	65	50	32	41	121	25	65	97	23	98	16	99	20	19	108	26	116	24	91	26
HAINAN	18	M	187	184	103	141	138	119	124	106	93	68	55	35	39	120	27	62	103	24	96	14	98	21	27	112	26	109	23	113	30
HAINAN	18	M	181	180	103	136	140	114	124	108	99	72	55	36	38	118	29	64	98	19	95	15	97	22	26	110	24	112	26	99	27
HAINAN	18	M	180	176	107	141	140	121	123	106	106	78	56	37	43	124	30	66	108	26	101	20	104	23	25	111	23	114	25	93	21
HAINAN	18	M	170	170	94	134	145	117	126	110	102	69	50	32	38	116	25	64	93	23	96	16	98	22	25	108	22	116	29	96	23
HAINAN	18	M	179	176	104	141	141	121	124	107	104	70	53	32	38	114	26	66	89	23	96	15	95	21	23	113	29	108	25	91	25
HAINAN	18	M	171	169	100	141	139	113	125	104	94	68	51	35	38	115	26	61	99	20	96	15	96	22	26	109	22	115	27	91	24
HAINAN	18	M	180	178	103	133	138	116	129	112	101	72	53	41	41	125	26	66	94	23	102	16	101	21	23	110	23	107	19	95	27
HAINAN	18	M	178	176	96	132	139	117	124	107	93	73	57	36	38	121	27	61	98	25	98	18	98	22	24	107	22	111	27	98	28
HAINAN	18	M	177	175	94	137	136	114	124	104	93	66	49	33	38	120	28	61	99	21	100	17	100	24	23	108	25	117	25	100	31
HAINAN	18	F	168	167	98	136	148	125	130	103	88	67	55	34	38	120	25	61	100	21	98	14	98	23	23	112	28	104	23	84	19
HAINAN	18	F	172	172	103	139	137	113	119	105	97	64	50	33	38	118	23	64	104	25	94	17	94	22	27	108	23	108	27	96	21
HAINAN	18	F	176	173	93	135	135	116	122	100	95	66	47	33	37	112	25	64	99	19	91	10	93	19	26	119	31	112	24	94	25
HAINAN	18	F	176	174	97	130	143	119	121	97	101	68	49	30	36	116	24	65	98	22	95	13	97	26	26	110	29	110	27	97	28
HAINAN	18	F	170	168	100	129	136	111	124	105	99	67	51	37	38	113	26	65	94	23	92	11	92	17	26	102	23	111	24	97	26
HAINAN	18	F	176	173	97	143	138	109	118	105	95	62	46	31	37	113	25	62	92	18	90	11	91	18	25	111	26	119	29	98	27
HAINAN	18	F	170	170	99	131	133	108	120	101	97	65	48	33	39	117	28	64	96	22	97	19	97	24	24	108	22	111	22	88	24
HAINAN	18	F	173	172	93	135	137	119	115	102	87	57	45	32	35	107	27	59	92	14	84	11	88	20	24	110	29	117	29	94	21
HAINAN	18	F	166	165	91	130	140	114	118	100	96	68	49	34	38	114	26	62	95	23	91	14	95	20	22	110	27	97	18	99	26
HAINAN	18	F	186	182	96	137	138	108	112	106	98	65	50	30	37	111	25	58	91	25	88	11	89	17	28	114	28	119	23	100	36
HAINAN	18	F	164	163	91	127	133	115	111	103	90	66	49	34	37	112	29	60	97	25	93	16	92	22	24	107	28	102	24	91	20
HAINAN	18	F	168	166	99	135	129	113	113	99	97	65	49	31	38	110	26	63	93	20	94	15	95	21	23	108	25	116	30	88	23
HAINAN	18	F	160	160	87	132	136	113	111	93	84	54	42	29	36	105	24	59	89	22	90	13	92	20	23	103	25	113	27	94	23
HAINAN	18	F	172	169	98	133	130	109	116	103	98	66	51	32	38	113	27	63	100	17	94	13	93	19	27	103	22	105	22	95	26
HAINAN	18	F	170	168	92	132	128	111	114	97	92	65	47	33	38	113	30	65	99	22	96	17	97	25	24	110	29	112	28	87	25
HAINAN	18	F	164	163	98	137	131	108	116	104	89	66	53	32	36	106	24	66	93	25	91	14	92	20	23	107	24	100	20	98	23
HAINAN	18	F	166	165	93	127	130	109	113	101	93	63	46	34	38	106	26	61	88	23	92	15	93	21	17	100	23	109	25	97	27
HAINAN	18	F	164	161	92	127	140	115	125	107	91	66	49	35	40	117	24	64	97	20	97	15	98	20	22	105	24	99	22	93	25
HAINAN	18	F	167	167	95	130	131	114	114	106	91	67	50	34	37	115	29	61	98	21	91	14	94	23	24	106	27	107	22	90	24
HAINAN	18	F	163	162	93	128	132	106	114	103	91	65	50	34	36	109	24	59	88	17	90	13	89	18	24	106	25	107	26	90	24
HAINAN	18	F	170	169	97	132	134	108	116	101	92	64	49	32	40	111	29	62	99	24	94	16	96	21	24	110	24	101	22	100	26
HAINAN	18	F	181	179	95	137	132	107	118	107	94	63	50	31	37	110	26	67	96	20	93	15	95	22	25	110	25	115	22	103	30
HAINAN	18	F	181	180	99	135	142	122	121	105	95	76	56	36	40	120	25	66	95	20	101	15	101	23	26	116	26	108	20	100	22
HAINAN	18	F	166	166	94	130	145	116	122	105	88	58	48	32	39	120	26	63	95	13	97	16	97	21	24	105	23	100	20	104	27
HAINAN	18	F	173	172	94	131	137	114	119	98	93	66	50	32	40	111	23	63	95	26	93	17	95	20	27	113	27	110	25	93	21
HAINAN	18	F	174	174	91	136	133	110	116	102	94	69	52	33	38	111	27	62	95	15	93	12	94	21	26	115	27	115	28	93	26
HAINAN	18	F	178	176	97	129	129	109	116	101	98	64	46	33	38	118	27	62	98	27	95	16	96	23	26	112	25	122	26	92	25
HAINAN	18	F	165	164	93	129	139	113	116	105	94	63	50	31	35	108	28	62	89	19	89	13	91	21	23	108	24	108	25	89	23
HAINAN	18	F	170	170	90	129	137	107	117	96	97	68	49	33	36	111	29	63	100	25	91	15	94	21	25	111	24	111	25	96	28
HAINAN	18	F	169	169	92	135	135	110	116	103	92	67	50	33	37	111	27	60	99	22	93	10	95	21	24	109	25	116	25	98	25
HAINAN	18	F	172	172	99	132	133	111	115	100	101	70	49	35	41	112	26	62	95	18	97	15	99	19	24	104	21	107	24	94	24
HAINAN	18	F	166	166	95	129	138	114	126	102	93	67	51	33	36	114	28	62	100	21	91	14	93	22	28	106	26	108	25	95	27
HAINAN	18	F	164	164	89	128	125	105	110	97	90	60	45	32	37	104	27	63	93	22	91	17	93	22	25	102	22	106	26	94	23
HAINAN	18	F	172	171	94	131	133	102	115	94	86	65	51	32	36	106	25	61	92	23	86	14	87	18	25	109	26	106	23	95	27
HAINAN	18	F	168	167	92	132	134	120	117	103	85	72	55	35	38	112	23	60	89	20	92	16	93	19	26	107	24	105	22	91	24
HAINAN	18	F	173	172	96	133	132	113	121	102	101	68	50	37	40	120	29	63	98	24	99	16	100	23	24	104	22	100	20	107	32
HAINAN	18	F	178	175	92	129	134	113	119	101	87	68	49	32	38	114	21	60	96	24	93	16	95	22	26	107	25	117	26	95	27
HAINAN	18	F	173	171	96	131	132	101	117	100	101	65	48	31	36	113	26	63	96	24	92	14	92	22	23	107	26	109	25	90	29
ANYANG	28	M	180	178	94	137	151	123	135	112	100	76	53	34	40	124	27	69	102	21	96	11	98	20	29	122	32	108	20	103	27
ANYANG	28	M	188	186	107	143	135	111	124	111	104	69	52	34	41	122	30	69	100	21	102	19	105	26	30	112	24	114	26	97	30
ANYANG	28	M	178	175	98	140	145	113	132	110	94	74	56	31	38	124	26	70	103	27	96	14	98	21	28	113	23	113	24	96	28
ANYANG	28	M	175	172	95	141	131	109	113	100	92	69	48	34	37	109	23	61	89	19	91	11	92	20	24	112	28	111	24	100	27
ANYANG	28	M	184	183	102	141	138	119	123	110	100	68	53	30	37	120	33	71	99	26	95	15	97	23	28	123	31	112	22	103	28
ANYANG	28	M	179	178	106	139	149	115	135	115	99	69	53	33	38	122	25	64	97	20	98	16	98	23	27	115	25	113	28	95	22
ANYANG	28	M	180	179	95	139	141	109	128	110	93	70	52	35	39	117	28	65	102	22	96	13	97	20	27	113	25	116	29	104	29
ANYANG	28	M	183	181	98	138	132	114	121	111	94	71	53	34	40	118	32	65	97	22	96	15	97	20	25	111	27	119	24	102	30
ANYANG	28	M	184	182	104	141	142	110	126	113	105	68	49	30	37	121	29	64	103	26	97	13	98	23	27	109	23	121	28	102	28
ANYANG	28	M	174	173	106	142	133	105	123	109	97	71	53	33	38	121	29	67	106	26	98	20	98	26	25	110	24	110	26	96	22
ANYANG	28	M	187	186	104	142	141	115	135	108	103	74	55	32	40	128	31	77	108	25	102	15	103	25	28	122	28	103	18	106	33
ANYANG	28	M	184	183	98	133	143	115	124	108	96	69	53	34	41	121	28	65	99	22	101	17	103	23	25	115	23	119	24	92	28
ANYANG	28	M	190	188	104	136	131	109	126	107	91	65	54	31	38	124	27	63	106	23	95	12	98	21	28	111	24	116	22	103	35
ANYANG	28	M	181	180	102	135	137	116	120	111	105	71	53	32	40	126	31	72	107	23	103	15	103	25	27	113	27	114	23	98	31
ANYANG	28	M	183	181	105	149	144	118	129	109	101	73	52	35	41	121	29	68	94	20	100	15	102	22	26	123	29	115	28	105	26
ANYANG	28	M	185	184	100	140	139	115	125	112	102	67	51	30	37	118	29	63	103	24	94	16	96	23	27	111	27	117	25	106	30
ANYANG	28	M	182	179	106	135	143	119	130	117	107	71	54	32	40	124	28	70	99	20	98	14	99	22	28	112	24	113	24	87	23
ANYANG	28	M	182	179	106	147	144	127	128	107	96	67	52	32	38	126	28	64	102	22	101	13	101	26	27	117	31	115	27	97	27
ANYANG	28	M	178	177	104	141	139	115	115	96	94	71	51	30	39	113	24	65	95	18	93	12	95	21	27	111	25	102	19	105	32
ANYANG	28	M	181	177	103	140	144	120	128	110	97	71	58	34	40	123	29	69	102	25	96	15	99	22	25	109	24	116	25	98	30
ANYANG	28	M	177	174	102	144	147	120	133	107	96	67	49	35	39	127	30	62	96	17	99	13	100	24	25	112	24	115	29	96	26
ANYANG	28	M	181	178	100	137	136	107	126	107	99	67	50	34	39	122	28	63	109	21	98	15	101	24	28	112	26	113	24	98	26
ANYANG	28	M	176	172	98	140	145	122	133	110	95	67	50	32	38	127	27	67	105	22	98	9	99	22	26	112	30	116	26	96	23
ANYANG	28	M	182	178	102	144	136	116	122	110	98	66	51	33	39	120	28	64	95	24	96	12	99	22	21	110	26	122	29	97	26
ANYANG	28	M	178	176	106	147	133	118	128	105	100	69	51	32	39	127	27	68	104	22	100	16	101	25	27	112	25	118	24	100	24
ANYANG	28	M	181	177	103	139	131	118	121	103	104	73	54	31	40	119	30	65	95	25	100	14	101	23	24	106	27	115	26	100	29
ANYANG	28	M	177	175	94	131	138	115	123	104	94	63	52	31	37	120	29	64	101	21	92	12	95	22	27	110	27	110	26	96	28
ANYANG	28	M	179	177	100	136	142	117	126	106	99	65	51	33	39	124	27	64	104	21	97	12	98	22	24	114	28	114	25	96	27
ANYANG	28	M	179	176	95	127	139	117	127	110	91	71	55	35	43	122	27	61	102	22	100	16	102	21	24	112	23	110	23	92	28
ANYANG	28	M	179	177	103	132	128	107	122	110	99	72	56	36	40	118	29	66	97	22	97	17	99	20	25	106	20	107	26	89	24
ANYANG	28	M	172	169	95	134	134	117	125	100	93	72	54	35	39	125	30	68	103	21	96	10	99	22	26	109	29	107	26	90	27
ANYANG	28	M	181	178	98	145	138	109	126	110	91	70	55	34	38	121	28	65	96	21	93	12	94	19	26	117	28	109	20	109	31
ANYANG	28	M	188	186	103	145	142	113	129	110	92	70	53	33	40	123	24	73	98	24	96	14	100	21	27	121	27	120	24	107	29
ANYANG	28	M	184	182	97	139	141	117	122	115	95	65	51	32	38	120	28	69	100	23	96	13	97	24	24	110	26	113	21	107	34
ANYANG	28	M	179	175	97	142	140	119	124	108	94	66	50	31	40	121	30	63	95	19	99	12	99	21	21	118	32	115	23	96	27
ANYANG	28	M	171	170	100	138	141	115	123	102	100	70	51	33	39	117	30	73	104	21	95	14	95	20	29	114	26	119	27	101	20
ANYANG	28	M	182	181	107	144	139	111	131	111	102	69	54	34	41	126	30	70	108	28	104	17	106	24	30	112	20	118	25	99	29
ANYANG	28	M	186	185	101	153	134	111	126	111	95	74	57	32	39	119	27	67	99	24	94	15	94	21	29	124	28	119	24	103	25
ANYANG	28	M	183	181	107	148	141	120	124	106	101	73	53	33	40	119	27	65	108	24	102	18	101	24	29	119	28	117	24	105	28
ANYANG	28	M	177	175	98	134	127	104	122	100	95	71	52	34	38	118	30	66	103	21	97	14	97	24	28	106	23	111	22	93	25
ANYANG	28	M	187	185	104	146	138	113	122	111	94	62	48	31	38	117	30	71	101	23	96	16	98	23	25	112	21	111	17	117	34
ANYANG	28	M	185	184	107	147	137	119	124	104	98	70	52	33	38	117	26	66	99	22	97	18	97	23	28	116	25	117	26	94	24
ATAYAL	19	M	170	167	97	135	136	110	120	108	95	54	45	30	37	109	26	58	85	22	91	12	92	20	19	108	27	106	24	89	26
ATAYAL	19	M	184	181	97	131	137	113	125	110	96	69	53	35	39	123	31	65	100	20	98	14	101	23	22	112	28	121	25	94	28
ATAYAL	19	M	168	166	98	134	137	111	117	97	99	65	47	34	37	111	25	62	90	19	93	12	95	22	18	105	25	110	24	92	20
ATAYAL	19	M	178	174	97	137	137	118	128	110	90	66	52	33	36	114	30	67	100	24	95	13	96	24	24	111	29	115	28	91	26
ATAYAL	19	M	180	178	102	139	132	110	123	112	97	70	52	34	40	115	29	66	104	27	98	18	98	22	27	106	24	124	29	92	26
ATAYAL	19	M	162	160	91	122	130	105	114	102	86	58	48	32	37	112	25	57	85	19	91	12	94	19	16	96	22	104	22	89	23
ATAYAL	19	M	174	170	97	133	139	117	129	110	100	65	49	32	40	122	29	70	96	22	94	11	97	22	22	106	26	103	20	93	25
ATAYAL	19	M	173	171	96	133	132	115	125	105	90	58	46	32	38	116	27	62	101	18	98	12	98	24	19	105	26	120	27	94	21
ATAYAL	19	M	183	179	105	137	134	115	124	106	92	68	56	35	39	123	25	64	98	22	97	14	98	22	22	106	24	119	27	92	25
ATAYAL	19	M	174	172	97	129	137	110	122	106	93	71	53	35	39	117	25	65	97	23	97	13	97	23	23	107	26	106	20	96	29
ATAYAL	19	M	179	176	100	135	135	110	121	106	96	62	50	33	39	118	28	65	98	20	100	15	100	23	20	109	26	119	25	93	27
ATAYAL	19	M	172	170	97	127	130	107	117	105	97	65	50	34	37	112	27	64	94	23	94	15	95	23	19	104	23	105	23	91	27
ATAYAL	19	M	181	179	98	133	132	112	121	111	98	68	50	33	40	122	23	69	96	21	97	17	97	20	21	114	26	106	20	102	29
ATAYAL	19	M	176	175	96	136	132	110	112	104	100	61	47	31	37	111	27	64	91	21	94	15	93	22	23	113	30	112	23	98	30
ATAYAL	19	M	176	172	98	135	140	115	123	109	86	61	51	36	37	114	25	58	94	23	92	14	95	21	18	108	28	109	23	93	28
ATAYAL	19	M	179	176	98	135	138	115	131	111	96	70	53	36	41	120	27	66	98	21	98	15	100	22	22	109	23	113	23	102	29
ATAYAL	19	M	170	166	98	133	136	114	128	107	92	65	51	33	39	120	26	66	103	20	98	12	99	22	25	108	26	104	25	90	25
ATAYAL	19	M	180	176	99	134	131	115	117	101	98	67	51	32	37	113	25	64	92	24	91	13	93	22	22	111	28	111	25	90	27
ATAYAL	19	M	175	173	93	134	132	111	118	111	95	61	46	33	37	120	27	63	99	15	98	13	99	26	22	110	28	113	25	101	33
ATAYAL	19	M	175	173	93	135	141	112	127	112	82	67	51	34	37	116	28	61	93	17	95	15	96	23	20	113	27	114	23	94	26
ATAYAL	19	M	181	178	97	129	140	112	133	117	99	69	52	36	40	126	25	72	96	21	101	15	101	24	20	108	25	115	26	90	26
ATAYAL	19	M	190	187	108	142	141	119	131	115	104	66	52	33	41	126	30	68	103	22	103	16	104	26	23	117	27	121	25	95	29
ATAYAL	19	M	187	186	105	133	131	113	117	107	107	67	49	33	37	112	25	65	100	22	94	14	97	22	23	112	28	109	19	98	30
ATAYAL	19	M	177	172	92	135	138	118	122	109	88	62	48	33	38	111	23	61	91	20	93	12	94	20	19	117	31	114	24	90	26
ATAYAL	19	M	180	178	103	133	137	111	126	113	94	67	53	33	39	119	30	64	97	20	100	19	100	25	22	110	25	112	25	93	25
ATAYAL	19	M	172	170	93	125	133	110	123	106	93	65	50	35	39	118	26	59	96	21	97	15	97	23	21	105	26	111	29	87	24
ATAYAL	19	M	177	175	99	140	141	122	128	110	90	66	51	34	39	116	26	64	96	21	98	13	99	22	22	115	32	110	25	89	20
ATAYAL	19	M	181	180	100	138	141	118	123	114	94	68	50	33	37	113	28	62	95	22	92	16	93	23	22	112	26	115	24	97	29
ATAYAL	19	M	180	177	96	130	137	117	121	110	89	68	52	34	37	116	23	58	88	20	92	13	93	20	22	112	29	116	28	91	30
ATAYAL	19	F	165	162	91	130	134	106	113	102	95	56	42	31	37	108	25	56	87	18	88	14	89	18	19	108	27	107	24	88	26
ATAYAL	19	F	161	160	91	129	131	111	119	107	81	58	46	35	38	108	24	58	87	18	95	16	94	22	18	108	28	100	20	91	25
ATAYAL	19	F	165	164	93	126	133	108	117	103	88	59	47	32	36	106	23	58	88	22	89	14	90	19	20	103	24	105	24	88	24
ATAYAL	19	F	172	170	97	135	127	109	115	104	94	66	49	32	39	112	26	59	93	23	96	16	96	21	21	109	29	115	22	92	27
ATAYAL	19	F	168	164	89	131	127	108	113	102	90	54	42	33	38	108	27	58	89	22	98	14	99	24	20	109	27	113	24	89	27
ATAYAL	19	F	162	160	94	126	127	101	115	100	91	59	47	32	36	111	27	60	90	20	88	13	90	19	17	102	26	103	23	92	25
ATAYAL	19	F	168	165	93	124	126	106	116	103	92	62	47	33	37	107	25	65	89	18	90	13	90	18	23	103	26	109	25	80	22
ATAYAL	19	F	166	166	94	128	131	111	113	107	92	65	49	35	35	105	26	59	91	20	85	11	88	19	23	106	24	109	26	91	25
ATAYAL	19	F	163	162	90	121	136	108	114	107	84	60	51	33	37	107	26	62	84	22	89	17	89	18	18	104	24	99	21	91	26
ATAYAL	19	F	168	166	95	128	128	110	115	103	98	61	46	33	33	103	27	59	81	22	88	12	89	25	19	97	26	110	25	93	25
ATAYAL	19	F	170	168	96	127	126	103	109	107	94	63	48	32	37	103	26	60	91	20	86	13	88	17	18	101	23	105	22	98	29
ATAYAL	19	F	167	165	90	125	127	103	113	103	86	56	44	32	36	108	23	59	84	18	88	12	89	19	17	99	24	108	25	97	26
ATAYAL	19	F	170	168	95	141	136	117	120	108	93	59	46	31	40	113	26	63	88	24	96	18	97	21	19	114	29	113	27	93	22
ATAYAL	19	F	173	170	96	135	129	111	117	108	93	56	43	30	37	105	27	57	88	19	93	15	95	22	20	108	29	118	28	87	26
ATAYAL	19	F	166	165	93	128	133	109	115	100	94	64	50	34	37	113	25	60	95	24	91	14	93	21	21	104	26	107	23	95	23
ATAYAL	19	F	170	168	96	126	142	112	124	113	92	60	47	34	36	109	28	65	90	19	90	14	92	21	19	98	21	111	27	95	25
ATAYAL	19	F	172	169	97	129	140	114	124	111	91	64	50	36	39	112	26	59	86	18	97	16	97	23	20	98	25	112	23	90	28
ATAYAL	19	F	180	178	100	139	141	116	127	109	95	64	51	33	38	116	29	68	98	21	97	14	98	23	23	111	26	115	25	96	29
PHILLIPI	20	M	183	181	98	130	137	111	120	110	103	71	50	33	39	125	27	68	101	19	99	14	102	25	24	106	21	112	22	101	29
PHILLIPI	20	M	170	168	97	135	141	112	123	106	96	62	47	37	40	117	30	68	98	24	98	16	99	21	20	115	27	108	26	96	25
PHILLIPI	20	M	189	185	101	146	148	125	132	111	103	64	48	30	40	127	30	68	101	21	105	18	105	27	26	119	27	135	36	95	29
PHILLIPI	20	M	184	181	106	140	141	118	127	111	102	66	53	34	40	123	29	66	106	23	104	18	103	24	26	110	26	119	25	99	25
PHILLIPI	20	M	182	180	100	133	137	115	128	110	97	67	53	33	41	121	30	68	96	20	101	17	102	24	20	113	25	115	28	96	25
PHILLIPI	20	M	170	169	102	134	130	110	118	105	98	64	51	33	40	122	28	67	101	22	101	19	101	24	25	106	22	109	25	91	24
PHILLIPI	20	M	173	170	97	131	146	119	125	108	96	67	51	32	38	118	27	61	95	25	97	18	99	24	23	111	25	107	24	94	26
PHILLIPI	20	M	174	172	97	128	142	116	122	111	96	66	52	34	37	113	29	65	99	25	95	15	94	21	23	109	25	107	25	92	24
PHILLIPI	20	M	187	185	103	141	145	115	134	112	100	67	53	36	42	126	28	70	100	22	104	19	104	22	24	119	23	110	25	107	26
PHILLIPI	20	M	168	167	98	135	138	115	126	108	95	68	52	33	37	118	27	60	99	22	97	17	95	24	27	111	24	110	23	87	20
PHILLIPI	20	M	182	179	102	137	143	114	122	106	99	72	53	35	41	116	26	64	96	25	97	20	98	21	20	108	26	115	24	96	28
PHILLIPI	20	M	176	175	100	138	139	114	126	102	98	67	54	32	39	122	29	70	110	25	101	18	100	23	28	109	19	113	23	108	31
PHILLIPI	20	M	169	167	90	136	143	120	124	103	83	65	52	34	37	120	27	63	98	19	96	11	97	24	22	111	26	107	24	99	26
PHILLIPI	20	M	180	174	100	134	131	108	124	109	104	71	53	32	39	117	29	64	98	24	98	17	97	21	23	105	20	117	28	94	28
PHILLIPI	20	M	183	180	99	143	139	119	123	100	96	68	54	31	37	120	28	65	98	26	95	12	96	22	26	116	26	121	29	96	28
PHILLIPI	20	M	166	164	96	125	136	110	120	107	96	67	50	33	39	113	25	59	90	20	93	14	94	22	21	102	21	98	21	91	25
PHILLIPI	20	M	172	171	99	136	137	117	116	100	96	72	52	33	41	120	27	62	105	25	98	14	99	22	25	116	26	106	27	94	24
PHILLIPI	20	M	175	174	104	144	148	121	130	113	101	66	54	33	38	117	30	67	105	25	96	14	98	23	26	121	27	106	21	94	24
PHILLIPI	20	M	174	172	94	133	139	114	119	104	101	70	52	33	39	113	26	58	95	26	97	17	97	22	22	117	26	105	19	99	24
PHILLIPI	20	M	177	174	97	133	140	113	130	102	97	63	49	33	39	122	25	64	96	20	97	18	99	22	24	108	23	112	24	92	25
PHILLIPI	20	M	185	183	104	145	142	125	127	109	108	72	52	33	40	123	28	68	104	24	101	16	101	24	22	116	30	124	29	97	22
PHILLIPI	20	M	170	167	94	134	140	113	122	102	93	69	51	36	40	113	27	65	93	19	96	15	95	17	20	107	24	103	20	106	31
PHILLIPI	20	M	181	178	97	135	146	118	125	112	97	66	52	32	39	120	28	66	96	23	97	13	99	23	22	114	28	113	25	101	29
PHILLIPI	20	M	172	170	93	130	136	112	117	99	96	65	50	33	37	115	27	64	95	24	93	14	93	22	22	104	24	112	25	93	25
PHILLIPI	20	M	184	183	105	139	145	115	130	108	107	71	53	33	41	124	27	70	97	23	102	17	102	22	23	117	26	118	26	97	27
PHILLIPI	20	M	192	189	97	129	148	118	130	117	98	67	53	32	40	120	32	71	102	23	97	16	98	22	24	117	24	118	23	106	31
PHILLIPI	20	M	191	189	107	129	128	109	115	106	109	69	53	33	38	118	29	65	99	22	98	19	96	23	24	105	24	106	19	103	36
PHILLIPI	20	M	181	178	101	143	145	115	130	110	95	60	49	32	40	119	28	63	96	25	100	15	100	23	18	114	25	122	31	97	22
PHILLIPI	20	M	171	170	98	133	146	117	123	110	103	62	46	33	39	122	31	66	100	19	102	14	102	25	24	112	25	110	25	92	22
PHILLIPI	20	M	170	168	94	132	133	113	114	107	96	68	52	32	38	107	28	62	91	24	97	17	96	22	23	109	25	113	27	90	19
PHILLIPI	20	M	179	178	95	135	144	118	125	115	94	69	53	35	38	122	32	65	96	22	99	16	97	23	25	113	26	115	25	95	28
PHILLIPI	20	M	173	171	95	137	142	110	125	120	98	69	55	36	39	119	28	67	103	17	98	13	97	20	28	114	24	112	27	95	21
PHILLIPI	20	M	184	181	103	130	141	117	123	108	101	72	56	34	40	116	29	63	94	24	101	17	100	22	23	114	26	107	23	97	26
PHILLIPI	20	M	170	167	97	134	143	122	122	103	97	67	52	35	39	116	29	66	99	25	99	14	100	23	22	110	26	105	23	95	24
PHILLIPI	20	M	170	169	95	137	142	119	122	112	93	62	48	33	38	118	29	64	96	17	93	12	96	21	20	110	28	112	24	95	24
PHILLIPI	20	M	172	167	99	137	135	107	122	108	99	64	49	30	39	118	28	68	105	26	99	14	100	23	24	104	22	112	26	93	24
PHILLIPI	20	M	186	183	101	136	132	110	114	108	103	67	49	33	38	112	29	61	92	20	95	15	95	21	21	112	24	115	25	99	29
PHILLIPI	20	M	177	176	97	130	143	116	122	106	94	66	52	32	37	111	27	61	90	23	93	14	93	22	22	108	24	105	22	101	26
PHILLIPI	20	M	168	167	93	131	137	117	124	108	90	72	53	36	39	117	30	60	98	26	99	15	99	25	21	108	27	108	27	95	26
PHILLIPI	20	M	175	174	93	136	142	121	125	106	90	72	55	33	37	121	28	67	100	18	93	11	94	20	26	110	27	108	23	107	27
PHILLIPI	20	M	182	179	101	134	134	110	125	107	97	63	49	34	39	122	31	68	102	22	103	15	103	26	20	106	26	121	27	96	22
PHILLIPI	20	M	179	176	98	138	134	114	118	103	98	65	51	33	41	121	28	64	101	24	100	16	100	22	23	111	29	119	27	95	29
PHILLIPI	20	M	171	169	97	128	140	115	121	102	94	67	52	33	39	119	28	65	96	17	99	14	98	24	23	110	24	107	25	89	20
PHILLIPI	20	M	172	172	102	145	144	121	128	111	96	65	52	35	42	123	29	65	100	21	104	18	106	23	21	113	26	113	24	99	23
PHILLIPI	20	M	182	181	103	138	152	122	123	112	100	65	53	31	38	118	27	66	96	24	96	17	95	23	26	113	27	111	21	110	27
PHILLIPI	20	M	178	177	99	126	143	116	113	105	106	70	50	32	39	110	25	64	91	22	94	16	94	21	21	110	26	100	20	102	29
PHILLIPI	20	M	172	169	94	128	131	104	111	102	95	59	47	31	37	108	27	60	93	23	93	15	93	20	21	104	22	110	26	88	27
PHILLIPI	20	M	162	160	92	129	134	110	119	103	95	65	51	33	38	109	28	64	96	25	97	18	96	24	22	102	23	103	23	95	22
PHILLIPI	20	M	181	180	97	132	126	108	114	102	96	63	50	34	38	116	30	61	100	23	96	14	97	22	22	111	26	113	21	94	27
PHILLIPI	20	M	182	182	103	138	142	120	130	107	99	65	52	35	42	121	29	67	102	22	103	16	104	24	22	115	26	115	28	103	18
GUAM	21	M	188	186	104	148	143	124	129	111	106	71	54	36	41	127	29	67	111	25	103	17	105	26	27	126	33	117	24	99	30
GUAM	21	M	180	178	105	146	140	115	133	104	96	68	55	35	44	130	25	70	105	23	105	16	106	23	26	114	27	115	26	99	29
GUAM	21	M	178	174	96	134	138	113	127	114	93	66	52	33	39	112	25	63	91	25	95	17	93	17	22	109	25	117	29	92	28
GUAM	21	M	180	177	100	145	141	116	129	111	97	73	57	35	39	119	27	69	101	26	100	17	98	22	26	118	25	115	29	95	28
GUAM	21	M	192	190	104	142	134	113	128	109	102	69	55	35	42	127	27	67	103	23	101	18	101	21	23	119	29	125	29	96	27
GUAM	21	M	192	189	111	144	139	117	130	108	113	69	53	34	42	126	31	69	103	21	104	18	104	23	26	116	26	122	28	97	26
GUAM	21	M	187	185	104	146	147	122	137	110	96	74	56	37	41	126	27	66	101	21	99	15	100	21	28	119	31	109	19	105	34
GUAM	21	M	168	167	101	147	143	116	133	107	97	68	51	36	42	124	27	64	103	20	99	17	97	20	24	112	26	113	26	93	29
GUAM	21	M	191	186	108	150	137	116	132	115	98	67	52	33	39	120	29	69	104	24	97	17	96	23	26	118	29	114	24	106	32
GUAM	21	M	183	181	108	144	138	113	131	109	107	77	59	36	43	127	28	73	107	22	105	17	104	23	30	115	28	108	25	99	27
GUAM	21	M	190	187	112	152	144	121	141	117	105	71	55	36	43	135	31	71	110	22	109	20	108	25	25	117	26	111	23	118	34
GUAM	21	M	180	177	107	149	138	113	126	108	100	67	50	34	39	119	27	67	103	23	95	15	97	22	25	117	25	110	23	103	28
GUAM	21	M	193	189	103	138	135	111	127	106	101	67	52	35	41	124	30	65	101	22	102	16	101	25	25	114	27	114	25	105	36
GUAM	21	M	194	192	112	146	139	114	129	117	106	67	52	37	41	124	29	67	108	23	102	21	102	23	23	114	25	121	27	106	27
GUAM	21	M	183	180	98	138	139	113	122	100	102	67	50	33	41	123	27	68	101	21	101	16	102	23	24	116	29	116	24	100	27
GUAM	21	M	187	185	97	140	138	111	125	104	95	67	52	34	38	121	27	67	99	19	95	15	96	21	27	118	29	126	30	101	27
GUAM	21	M	184	181	99	140	137	110	123	109	92	66	52	35	41	126	28	67	100	23	100	17	101	20	22	113	26	114	22	102	29
GUAM	21	M	192	189	109	144	145	118	132	109	108	69	54	36	41	125	28	67	100	22	102	21	101	20	26	120	24	117	26	109	29
GUAM	21	M	188	186	107	142	142	119	131	111	99	76	59	41	41	119	28	66	98	26	100	19	98	22	25	120	29	117	27	98	27
GUAM	21	M	185	183	108	141	143	114	129	110	105	68	55	37	43	123	27	64	101	25	101	16	102	19	25	115	27	112	24	101	28
GUAM	21	M	185	182	105	144	145	117	133	114	100	70	54	34	40	121	27	65	98	21	97	17	98	20	23	116	27	120	29	99	24
GUAM	21	M	189	186	103	144	141	115	127	110	103	72	54	35	42	120	27	68	104	25	101	19	100	19	24	117	25	109	20	108	31
GUAM	21	M	187	182	104	146	143	115	132	108	98	73	56	36	42	120	25	64	94	22	98	14	96	16	27	118	29	115	26	100	28
GUAM	21	M	196	192	110	147	139	115	129	109	104	70	57	35	41	126	28	68	105	26	103	18	101	24	29	122	30	124	26	96	28
GUAM	21	M	176	173	102	140	144	114	135	118	101	71	57	34	43	131	28	70	111	23	103	17	104	24	29	113	25	113	25	89	23
GUAM	21	M	181	179	102	139	138	114	126	109	102	65	52	35	42	126	28	65	98	21	103	18	104	22	25	111	26	112	25	95	28
GUAM	21	M	182	178	104	140	142	115	134	104	98	70	53	37	43	128	26	64	106	21	103	18	103	21	27	117	28	109	28	92	28
GUAM	21	M	180	176	110	148	151	119	137	118	115	67	54	36	43	130	32	67	105	23	106	15	106	23	24	114	28	108	25	103	24
GUAM	21	M	193	189	112	145	139	111	132	106	106	77	58	38	43	130	29	73	103	25	104	17	105	24	26	115	24	113	23	99	28
GUAM	21	M	184	180	104	143	142	115	131	117	100	76	60	37	43	130	26	73	105	24	104	18	106	23	27	119	29	109	20	101	32
GUAM	21	F	174	173	97	138	143	117	129	110	99	69	50	34	38	121	30	69	104	21	97	14	98	24	27	108	24	121	30	92	24
GUAM	21	F	182	180	102	142	146	122	129	110	104	65	49	34	39	120	29	66	102	23	98	16	99	23	27	121	31	116	25	96	28
GUAM	21	F	178	175	97	140	137	108	126	102	97	66	49	34	38	118	27	62	98	23	97	13	97	20	27	105	25	109	24	105	31
GUAM	21	F	174	173	98	136	129	110	119	104	94	64	50	33	40	120	29	64	95	18	98	17	100	21	24	113	28	117	25	92	27
GUAM	21	F	176	174	103	140	136	112	121	106	97	64	50	35	40	114	25	61	93	20	93	14	94	18	24	111	27	106	22	108	29
GUAM	21	F	181	178	100	136	131	110	116	101	92	67	52	36	38	111	24	61	94	22	92	17	94	21	25	114	28	102	20	103	31
GUAM	21	F	170	169	101	140	139	116	125	107	92	66	54	36	42	120	28	63	99	21	101	15	101	22	24	107	25	102	20	104	29
GUAM	21	F	167	166	100	137	129	108	118	103	95	60	48	33	40	115	24	60	87	21	96	18	96	20	22	107	26	109	24	86	22
GUAM	21	F	174	172	96	130	135	112	122	107	91	69	53	35	41	114	24	61	94	21	96	14	96	18	23	103	26	116	30	92	28
GUAM	21	F	177	177	101	134	137	107	119	108	94	63	47	34	40	117	27	64	95	20	99	17	98	21	23	108	27	106	22	102	33
GUAM	21	F	174	173	95	131	135	108	119	104	97	67	51	34	40	117	26	61	93	20	97	14	98	20	25	107	27	109	25	99	28
GUAM	21	F	188	186	105	149	138	114	130	111	101	66	51	35	40	124	27	68	97	19	98	14	100	22	27	125	32	110	22	107	32
GUAM	21	F	173	171	99	137	138	113	123	101	94	65	50	36	39	116	27	63	102	22	96	15	98	21	22	109	27	112	26	90	25
GUAM	21	F	176	174	100	132	134	110	120	106	95	65	49	33	39	113	25	61	90	21	94	17	95	21	22	106	26	103	21	106	31
GUAM	21	F	178	177	97	135	137	117	118	106	92	68	54	35	40	121	28	64	98	19	101	16	103	25	25	119	31	110	22	98	26
GUAM	21	F	171	170	100	133	134	110	119	104	98	73	57	36	39	111	23	61	94	25	94	14	96	21	25	104	24	107	22	94	24
GUAM	21	F	174	173	100	130	136	107	122	104	96	65	50	34	40	116	27	63	100	22	97	17	98	22	26	106	25	108	24	90	26
GUAM	21	F	179	177	103	137	141	116	128	108	97	65	52	34	41	118	26	65	93	24	95	17	95	17	26	117	29	108	25	98	25
GUAM	21	F	180	179	106	141	138	115	128	104	104	70	56	38	40	126	30	69	106	22	101	17	101	24	29	115	27	110	23	93	24
GUAM	21	F	175	173	96	135	135	107	120	107	92	70	51	35	41	117	26	65	98	21	99	16	102	22	22	110	27	114	26	97	29
GUAM	21	F	170	169	102	138	135	115	120	105	99	68	51	36	39	117	26	63	93	18	92	15	94	20	23	109	28	111	25	90	22
GUAM	21	F	174	173	102	138	140	117	122	103	97	69	52	35	42	122	27	65	99	19	101	17	101	21	23	109	31	110	23	92	26
GUAM	21	F	173	172	99	141	142	117	127	104	95	68	50	36	40	118	26	67	96	19	96	14	99	21	25	114	28	108	22	98	27
GUAM	21	F	172	172	104	135	135	112	119	101	98	70	53	34	40	114	27	63	93	23	96	18	95	20	24	111	26	105	23	92	24
GUAM	21	F	177	174	103	141	132	107	123	105	96	69	54	36	40	117	27	63	97	21	98	14	100	20	22	106	25	111	27	103	25
GUAM	21	F	177	175	98	137	134	111	125	106	102	63	47	34	40	124	25	67	101	20	102	16	100	23	27	111	26	118	26	97	24
GUAM	21	F	168	165	97	133	136	107	124	107	96	64	48	33	37	114	26	63	99	22	93	13	93	20	25	111	28	99	19	93	22
EASTER I	11	M	197	192	117	155	135	115	126	106	111	74	57	37	44	125	31	68	106	29	105	18	105	23	30	121	27	119	26	105	29
EASTER I	11	M	194	191	114	141	129	108	124	109	106	74	55	36	41	120	28	65	93	21	100	19	99	21	25	113	24	115	25	101	31
EASTER I	11	M	201	198	116	150	141	118	125	112	116	74	55	36	42	125	31	68	105	30	106	22	104	24	30	123	25	127	26	105	28
EASTER I	11	M	188	182	107	142	130	105	121	107	104	67	50	33	39	124	28	64	95	23	96	17	97	22	25	112	26	115	27	90	32
EASTER I	11	M	190	188	109	139	131	113	119	103	104	64	50	32	40	118	27	64	91	21	99	17	99	24	22	113	30	115	26	90	32
EASTER I	11	M	194	190	113	145	145	113	130	113	106	72	57	36	41	127	30	67	106	23	104	16	104	25	27	121	29	121	27	94	30
EASTER I	11	M	181	178	110	140	136	115	123	108	102	63	51	32	38	116	27	59	89	26	93	19	95	22	23	111	25	111	24	94	24
EASTER I	11	M	189	185	110	142	130	111	120	106	104	72	56	35	40	117	27	61	95	26	99	18	97	23	27	116	29	116	26	102	28
EASTER I	11	M	187	183	107	142	136	114	118	105	103	68	53	34	38	114	27	61	97	21	96	16	96	21	23	116	28	115	26	98	30
EASTER I	11	M	191	185	110	141	143	110	126	110	106	64	51	35	40	118	29	67	96	23	101	20	102	26	26	115	26	116	28	98	32
EASTER I	11	M	199	194	110	141	141	109	128	116	105	64	51	34	42	119	27	64	106	21	100	17	104	22	26	114	23	116	22	105	35
EASTER I	11	M	191	188	114	141	135	110	120	109	112	69	52	36	39	114	29	63	90	26	101	20	99	24	26	114	24	114	23	95	30
EASTER I	11	M	180	178	102	142	140	114	131	105	105	68	53	31	40	118	27	64	102	25	101	16	102	24	24	112	25	115	24	99	25
EASTER I	11	M	201	197	117	150	139	115	120	110	107	75	57	37	40	115	31	61	95	27	100	19	100	25	27	120	27	111	20	112	35
EASTER I	11	M	183	179	108	141	138	116	125	103	102	65	54	33	39	120	30	67	98	27	98	18	99	24	25	116	28	108	28	91	25
EASTER I	11	M	196	189	115	146	137	115	130	109	111	66	54	35	41	121	30	68	100	27	100	17	102	22	24	114	24	119	29	103	30
EASTER I	11	M	191	186	110	144	132	110	120	109	103	65	52	33	39	114	26	62	88	24	97	19	97	22	26	115	24	115	24	101	29
EASTER I	11	M	202	197	116	144	140	118	132	111	104	74	56	36	40	120	26	61	92	21	100	18	102	25	27	117	29	114	22	106	34
EASTER I	11	M	203	198	114	145	130	108	119	105	112	68	52	32	38	118	28	65	98	27	98	16	100	25	26	118	29	122	26	102	32
EASTER I	11	M	195	191	113	150	138	115	125	112	103	68	53	33	39	115	27	60	100	26	96	19	96	23	24	118	28	125	29	100	31
EASTER I	11	M	188	184	109	143	136	109	120	113	101	65	53	32	41	117	30	63	96	24	98	16	99	22	24	114	24	114	24	100	30
EASTER I	11	F	172	167	99	133	126	106	113	97	102	59	47	31	37	108	25	59	88	22	93	15	93	23	24	107	25	93	16	106	30
EASTER I	11	M	190	186	120	154	139	117	131	110	112	64	53	32	41	128	28	68	106	29	105	23	105	24	26	116	26	118	24	101	28
EASTER I	11	M	203	197	111	146	138	113	127	113	113	65	52	35	40	125	32	68	104	25	103	17	102	25	24	118	30	128	30	99	34
EASTER I	11	M	189	185	111	140	134	112	125	118	106	68	53	36	39	118	28	63	94	24	98	16	99	23	26	120	32	114	23	100	30
EASTER I	11	M	187	183	112	143	127	107	119	100	107	66	53	34	41	119	28	64	95	26	100	18	99	22	23	116	27	110	24	95	28
EASTER I	11	M	190	187	113	150	142	115	128	116	107	69	53	36	41	122	28	67	105	29	101	19	101	24	28	117	24	121	24	107	27
EASTER I	11	M	184	181	110	144	132	112	128	108	107	69	52	33	40	123	28	64	100	25	100	21	101	26	26	113	24	102	20	112	32
EASTER I	11	M	191	188	109	141	129	109	120	107	101	65	49	37	40	116	26	58	91	25	98	21	98	22	23	113	25	116	23	96	34
EASTER I	11	M	192	187	110	147	139	119	121	111	103	71	55	35	41	123	29	69	102	30	100	13	102	23	28	116	24	115	23	102	30
EASTER I	11	M	192	187	111	150	137	114	127	107	103	69	53	34	40	115	30	66	95	29	99	17	98	23	25	115	25	120	26	102	31
EASTER I	11	M	190	186	111	136	129	111	123	107	108	72	51	33	40	116	25	65	96	25	98	18	99	24	26	117	30	111	21	94	25
EASTER I	11	M	187	181	107	148	133	108	124	105	106	71	56	35	41	124	29	62	101	29	100	15	101	22	25	115	27	120	27	98	29
EASTER I	11	M	189	185	112	145	136	117	120	108	105	61	51	35	38	120	27	64	96	24	98	18	99	26	22	116	28	114	25	95	28
EASTER I	11	M	194	189	111	141	135	109	129	110	101	72	57	34	40	124	28	70	107	30	100	21	99	24	30	115	23	119	27	95	32
EASTER I	11	M	192	188	115	147	142	120	127	107	110	79	59	36	42	127	30	71	114	30	100	19	102	23	31	120	26	115	23	100	29
EASTER I	11	M	187	184	110	145	133	111	120	107	103	64	51	33	38	115	26	66	90	22	94	17	96	21	24	108	20	124	32	94	28
EASTER I	11	M	196	191	109	144	137	111	126	111	109	70	55	34	39	122	28	70	103	31	100	17	100	25	26	118	26	118	21	102	29
EASTER I	11	M	191	187	109	143	134	112	118	109	107	70	55	34	37	115	30	65	100	30	96	19	96	23	25	120	28	112	18	104	27
EASTER I	11	M	183	180	101	138	139	115	120	106	95	74	58	33	38	123	31	62	98	23	102	19	100	27	28	122	26	111	24	93	25
EASTER I	11	M	190	186	108	148	129	110	123	106	102	64	53	36	39	114	27	63	92	26	98	17	98	23	25	113	25	121	27	100	28
EASTER I	11	M	189	186	108	144	136	112	125	110	114	69	52	33	41	121	29	72	98	24	101	15	102	22	22	114	24	105	19	111	34
EASTER I	11	M	199	191	111	144	129	109	117	106	111	66	51	31	37	117	31	72	97	30	97	14	95	24	22	113	30	126	29	103	30
EASTER I	11	M	198	192	114	145	131	115	124	111	113	71	54	31	40	123	30	66	100	27	103	19	102	25	26	112	24	121	23	101	33
EASTER I	11	M	201	195	116	153	135	109	130	108	114	69	55	35	41	124	29	72	106	32	106	19	104	25	29	122	25	116	23	109	35
EASTER I	11	M	189	183	112	145	126	110	121	105	110	68	52	36	39	120	27	62	95	25	96	15	96	20	24	113	30	109	24	103	30
EASTER I	11	M	193	188	112	145	130	112	122	111	109	72	60	37	41	123	30	62	101	26	105	20	104	25	26	116	27	116	22	99	28
EASTER I	11	M	195	191	116	147	139	113	124	111	102	71	58	34	39	117	27	60	96	26	97	20	97	22	24	125	29	111	22	98	29
EASTER I	11	M	193	188	112	154	128	107	124	102	106	65	52	33	40	117	28	63	99	31	97	15	98	21	24	122	27	121	23	107	30
EASTER I	11	F	186	182	110	145	122	100	118	98	105	63	50	34	41	119	28	61	96	23	102	18	102	24	24	112	23	110	22	99	30
EASTER I	11	F	180	177	110	139	131	115	116	108	103	61	50	32	40	116	27	60	94	19	97	16	99	22	23	109	26	109	23	95	25
EASTER I	11	F	183	180	104	137	133	104	120	104	104	62	50	33	39	113	27	60	91	26	92	17	94	21	23	110	26	119	26	97	30
EASTER I	11	F	180	178	104	140	129	105	121	98	102	64	50	32	40	118	27	62	99	26	100	18	99	22	24	106	23	116	26	96	29
EASTER I	11	F	175	171	102	131	129	106	110	96	100	61	47	33	38	108	26	58	86	21	92	14	95	22	20	107	25	102	25	89	25
EASTER I	11	F	185	181	108	140	135	113	121	103	100	59	49	33	39	115	30	65	93	24	99	19	101	26	24	115	27	110	24	101	28
EASTER I	11	F	185	178	106	140	126	107	116	105	105	62	50	35	39	114	28	61	92	23	96	13	99	22	23	112	26	116	28	92	27
EASTER I	11	F	188	183	105	135	127	104	116	105	104	59	46	33	38	110	27	61	92	24	94	17	95	22	24	112	26	98	18	102	36
EASTER I	11	F	176	171	102	137	129	104	114	98	99	61	48	35	38	110	30	55	93	31	96	18	95	23	21	104	24	107	20	95	27
EASTER I	11	F	180	177	107	140	130	105	116	105	100	60	48	34	36	104	23	56	85	22	89	15	90	20	22	110	28	100	22	102	31
EASTER I	11	F	183	179	100	137	130	110	116	107	100	53	42	30	36	108	26	56	88	20	91	13	93	23	21	113	28	115	24	98	32
EASTER I	11	F	172	169	98	132	129	103	119	100	94	64	50	36	38	113	27	57	91	24	96	14	98	23	20	108	29	104	20	96	25
EASTER I	11	F	187	183	110	138	130	105	121	105	106	60	49	35	39	117	26	62	94	25	96	16	98	21	21	110	25	110	20	100	31
EASTER I	11	F	177	174	106	137	128	108	118	104	101	62	51	31	37	114	30	61	92	20	94	15	96	24	25	109	28	111	23	94	30
EASTER I	11	F	184	182	107	142	129	109	116	102	103	62	48	33	37	109	27	58	91	21	94	17	96	24	26	112	27	114	25	104	29
EASTER I	11	F	183	179	100	137	127	112	117	96	102	63	48	35	38	118	27	64	101	23	98	16	100	25	24	115	27	108	23	101	31
EASTER I	11	F	169	166	97	123	131	97	112	97	91	59	47	34	36	106	26	58	88	23	89	15	89	22	24	103	25	106	24	94	27
EASTER I	11	F	186	182	104	138	133	108	108	94	100	66	50	33	35	105	24	55	82	26	90	17	88	21	21	113	28	119	29	94	30
EASTER I	11	F	180	177	103	137	132	107	116	105	100	61	47	33	38	109	30	58	87	22	93	16	95	21	21	113	28	115	26	94	27
EASTER I	11	F	180	174	103	135	132	107	114	100	102	59	46	34	38	112	27	60	90	21	96	15	97	22	24	111	27	103	22	97	28
EASTER I	11	F	184	180	104	137	128	108	114	106	100	62	48	34	40	120	29	60	90	24	98	19	99	22	22	113	28	115	24	92	30
EASTER I	11	F	192	188	111	138	135	112	116	103	110	68	55	37	38	112	25	61	88	30	97	19	96	21	23	113	27	105	22	103	33
EASTER I	11	F	181	177	101	134	123	102	110	99	98	63	50	35	37	113	27	63	91	22	93	14	96	23	24	106	26	114	25	90	29
EASTER I	11	F	172	168	102	131	122	98	117	105	101	68	55	34	38	114	27	61	89	26	93	15	95	21	22	107	27	101	23	91	25
EASTER I	11	F	183	178	108	142	128	108	118	101	106	65	51	35	39	109	27	58	86	23	92	13	94	18	21	113	28	105	20	99	29
EASTER I	11	F	183	180	104	134	132	111	120	102	97	63	49	32	37	109	24	57	91	23	92	18	93	22	22	110	28	113	26	93	26
EASTER I	11	F	180	179	113	145	126	109	120	104	108	66	53	31	38	113	27	64	90	26	95	16	96	24	24	108	25	102	19	109	32
EASTER I	11	F	180	176	102	136	127	103	106	97	96	62	48	32	38	108	24	56	88	24	93	16	93	21	22	108	28	111	21	93	29
EASTER I	11	F	176	175	105	141	126	106	114	97	99	58	50	35	37	110	26	57	90	21	94	17	93	22	21	110	27	103	18	100	28
EASTER I	11	F	179	176	105	136	129	104	117	104	102	67	51	32	39	111	26	61	94	25	94	18	95	23	23	111	28	109	24	89	28
EASTER I	11	F	180	176	105	140	122	102	115	95	103	67	54	34	37	114	28	66	98	27	95	16	96	23	27	113	28	112	23	89	29
EASTER I	11	F	187	183	106	137	130	110	121	104	104	65	49	34	37	116	25	64	97	23	95	15	95	22	24	107	26	123	27	96	29
EASTER I	11	F	174	171	98	132	126	111	110	99	92	53	44	33	37	102	26	52	84	23	88	15	89	19	15	101	26	112	22	93	29
EASTER I	11	F	183	180	106	137	124	104	117	106	100	64	48	34	39	110	25	56	89	21	95	12	95	20	20	103	23	112	24	99	29
EASTER I	11	F	176	173	100	134	127	100	117	101	99	60	49	33	38	112	28	60	93	19	93	15	95	22	24	114	29	113	26	88	28
MORIORI	12	M	188	186	97	125	136	111	122	112	96	72	54	37	41	119	25	62	96	27	97	18	99	19	24	108	19	109	23	101	31
MORIORI	12	M	188	186	99	132	147	111	128	109	98	78	61	39	42	121	27	63	101	30	101	17	98	17	24	118	23	112	23	99	26
MORIORI	12	M	198	196	109	135	149	120	129	115	105	75	59	39	42	124	26	66	100	26	103	18	104	25	26	119	25	121	26	101	30
MORIORI	12	M	186	185	105	127	139	112	124	107	99	73	57	36	42	121	25	62	97	26	100	23	97	19	24	109	21	107	21	102	28
MORIORI	12	M	183	181	105	139	150	117	132	106	106	75	53	36	40	118	26	70	102	32	96	17	97	20	27	109	21	110	23	108	25
MORIORI	12	M	184	182	105	132	142	118	128	107	108	76	56	36	43	124	28	65	97	29	102	18	102	22	24	115	23	109	23	98	25
MORIORI	12	M	183	181	103	130	137	111	124	106	105	71	55	36	42	121	29	66	99	29	101	18	102	20	25	112	21	112	21	95	21
MORIORI	12	M	194	193	104	139	148	112	132	108	99	76	58	37	42	123	29	63	97	26	98	16	98	16	23	119	23	115	23	103	34
MORIORI	12	M	190	188	104	135	148	117	133	118	104	75	54	35	43	125	28	70	108	28	103	20	105	24	31	114	20	113	21	104	30
MORIORI	12	M	182	180	103	133	133	109	120	105	101	69	52	34	40	119	28	62	96	28	98	20	97	21	26	107	20	103	21	104	34
MORIORI	12	M	181	180	107	133	139	108	133	108	103	72	53	35	44	126	26	68	105	28	101	19	104	19	25	107	19	105	25	106	24
MORIORI	12	M	187	187	104	129	141	114	131	108	104	76	59	36	43	123	27	64	102	30	101	21	99	21	24	112	21	111	19	102	30
MORIORI	12	M	185	183	103	134	148	114	135	105	102	80	59	39	45	124	27	66	100	29	103	14	105	19	25	111	20	115	23	100	28
MORIORI	12	M	181	178	100	134	140	111	121	105	97	74	56	36	37	116	26	58	98	27	94	15	94	20	30	112	23	106	22	101	27
MORIORI	12	M	187	182	106	137	137	109	128	104	101	76	55	35	41	122	26	62	97	26	99	17	97	17	27	113	22	107	21	100	29
MORIORI	12	M	182	180	97	130	143	110	127	109	93	71	57	38	40	120	26	60	97	26	95	16	96	18	22	111	20	108	22	104	29
MORIORI	12	M	187	184	110	139	140	111	129	109	108	76	58	37	41	122	26	65	96	31	99	21	98	21	25	112	22	114	26	102	30
MORIORI	12	M	190	188	111	141	140	109	132	113	106	75	59	37	42	122	30	66	102	32	102	19	101	22	28	113	20	110	22	108	27
MORIORI	12	M	190	187	106	141	139	115	130	111	100	74	57	36	42	125	29	67	103	30	101	20	99	22	26	116	22	111	26	99	30
MORIORI	12	M	191	191	105	137	146	116	132	116	101	78	60	37	42	118	25	62	98	27	98	18	99	20	26	115	25	114	24	107	33
MORIORI	12	M	183	179	102	135	142	110	128	107	104	74	52	38	41	120	24	71	106	33	101	18	100	22	28	111	20	99	19	106	27
MORIORI	12	M	196	193	108	135	140	111	128	113	108	73	53	37	44	121	27	65	101	33	102	18	103	20	25	111	18	116	19	103	33
MORIORI	12	M	193	189	110	142	150	124	129	104	103	80	58	38	43	123	24	69	98	27	100	16	100	20	27	117	27	113	20	105	31
MORIORI	12	M	184	179	110	133	136	107	128	108	113	70	52	37	43	128	30	65	95	25	101	18	102	19	21	104	16	102	20	103	30
MORIORI	12	M	183	181	104	138	137	108	129	111	97	78	56	39	43	123	27	68	99	26	99	18	102	21	25	111	21	109	21	108	28
MORIORI	12	M	188	186	107	139	139	112	120	111	108	74	56	36	42	117	27	64	101	29	98	17	100	20	24	114	22	114	22	103	27
MORIORI	12	M	187	183	105	138	138	109	123	110	104	75	56	38	42	120	26	66	99	31	101	19	100	20	23	119	25	112	27	99	20
MORIORI	12	M	194	192	104	133	145	115	123	109	105	70	51	35	41	117	26	66	96	28	98	18	98	20	23	115	22	118	25	108	26
MORIORI	12	M	195	193	107	139	150	110	128	112	105	73	51	36	41	123	26	65	95	27	95	17	98	20	25	117	22	112	24	109	38
MORIORI	12	M	197	195	105	132	148	118	134	116	104	81	60	35	43	129	28	67	103	30	107	20	105	22	31	120	23	114	23	102	33
MORIORI	12	M	197	193	108	145	141	110	130	111	102	74	54	35	41	122	28	70	94	26	100	20	100	20	25	116	25	120	26	106	33
MORIORI	12	M	197	192	111	142	141	115	128	109	108	73	59	39	45	129	29	65	97	30	109	22	110	22	26	122	23	115	24	101	29
MORIORI	12	M	190	186	104	128	138	106	132	106	104	76	58	36	43	121	29	68	102	30	99	20	100	20	27	116	20	102	21	92	34
MORIORI	12	M	183	181	106	134	140	111	128	113	101	71	53	37	42	127	28	65	97	29	100	20	102	21	23	112	20	110	25	97	28
MORIORI	12	M	181	177	101	136	145	121	126	90	102	77	54	35	41	122	23	66	102	28	100	14	100	23	25	111	25	109	25	104	25
MORIORI	12	M	198	195	104	132	150	117	135	107	102	79	57	38	42	126	30	67	93	29	98	17	99	19	22	120	24	121	26	101	32
MORIORI	12	M	190	190	106	138	145	115	130	114	106	73	60	37	43	124	28	70	98	31	99	18	100	17	22	122	25	114	24	99	27
MORIORI	12	M	186	185	103	133	139	112	126	106	105	75	53	35	37	117	25	67	98	31	93	17	95	22	29	114	19	120	23	101	29
MORIORI	12	M	183	182	101	136	144	112	131	109	104	66	49	35	40	120	26	65	91	29	95	15	96	19	20	115	22	108	23	106	24
MORIORI	12	M	186	184	108	137	146	117	138	117	102	74	55	36	44	128	26	66	99	26	104	18	104	22	23	110	20	109	23	101	29
MORIORI	12	M	188	186	105	131	140	117	131	111	107	78	55	35	40	126	28	72	102	32	104	20	102	25	29	114	20	112	19	104	32
MORIORI	12	M	191	187	104	146	146	116	127	116	100	72	56	36	40	123	26	68	96	22	97	16	98	21	23	124	27	116	25	106	30
MORIORI	12	M	192	189	114	137	142	109	124	105	109	73	55	38	43	123	29	63	92	31	105	20	104	23	21	114	21	104	19	105	33
MORIORI	12	M	182	182	100	132	146	116	131	112	102	74	58	38	42	122	28	69	101	25	98	15	100	20	25	112	20	108	25	101	20
MORIORI	12	M	185	182	106	140	144	115	129	112	100	74	54	36	43	124	28	64	98	28	103	19	103	23	26	114	18	109	20	104	28
MORIORI	12	M	199	196	118	139	141	115	135	113	107	72	58	40	45	134	29	70	102	24	108	21	110	23	26	114	22	114	22	106	29
MORIORI	12	M	187	185	105	134	141	113	132	108	102	72	55	36	43	127	27	65	101	29	99	19	102	20	24	121	27	108	21	100	26
MORIORI	12	M	191	188	111	143	145	115	135	115	107	77	56	36	42	122	27	70	103	30	99	20	101	22	29	119	21	105	18	106	30
MORIORI	12	M	184	180	103	138	139	108	123	114	101	66	54	36	40	121	27	61	96	28	93	14	96	21	21	113	28	108	25	104	30
MORIORI	12	M	182	179	99	135	143	113	121	105	98	63	46	33	39	119	28	65	93	21	94	13	95	19	24	114	23	108	24	101	28
MORIORI	12	M	199	196	114	140	145	113	128	118	108	82	59	39	43	126	30	73	103	28	104	17	106	24	27	113	21	115	23	98	29
MORIORI	12	M	192	189	103	138	151	113	140	112	98	79	65	38	42	132	27	71	109	27	103	15	106	22	29	126	21	104	26	101	28
MORIORI	12	M	182	182	101	138	143	117	127	104	97	76	58	39	40	118	27	68	94	27	96	15	97	20	24	115	23	109	24	96	23
MORIORI	12	M	186	182	107	142	148	116	137	119	102	73	56	36	43	125	26	60	99	24	101	15	101	19	25	117	22	108	24	103	28
MORIORI	12	M	185	183	111	140	141	119	128	113	103	72	57	37	42	126	28	68	99	25	104	19	104	23	25	113	22	106	23	100	25
MORIORI	12	M	193	189	108	138	147	116	126	113	104	70	56	36	42	124	25	69	95	31	104	20	102	20	24	108	19	115	26	108	30
MORIORI	12	F	174	170	99	127	133	103	120	110	104	65	49	34	41	114	24	63	96	28	94	16	96	20	23	100	23	110	23	92	26
MORIORI	12	F	185	184	105	142	143	113	123	109	104	70	53	36	39	114	25	62	92	29	97	18	95	21	25	113	24	117	25	103	27
MORIORI	12	F	175	174	100	131	135	107	124	107	93	65	54	37	39	113	25	58	91	24	92	16	94	20	22	105	23	109	25	97	24
MORIORI	12	F	184	184	107	135	150	120	127	109	103	80	59	38	41	118	28	65	94	28	98	17	100	21	24	121	26	105	19	98	24
MORIORI	12	F	177	176	102	130	135	103	125	101	100	65	50	37	42	119	28	62	101	27	96	18	97	18	22	107	20	104	21	97	26
MORIORI	12	F	184	182	106	132	138	112	121	106	107	68	53	34	41	120	30	65	97	29	101	20	101	21	23	110	22	105	21	99	28
MORIORI	12	F	185	183	105	139	146	116	135	106	100	73	53	37	41	124	25	65	95	22	100	18	100	22	23	114	24	110	22	103	33
MORIORI	12	F	179	177	99	129	132	107	117	105	98	67	51	35	40	113	29	62	91	26	95	16	96	20	21	108	22	107	23	95	26
MORIORI	12	F	184	183	101	136	143	113	127	116	102	67	51	33	40	117	27	66	93	28	96	17	96	20	27	112	20	112	22	99	28
MORIORI	12	F	178	178	100	129	137	107	127	96	98	71	54	38	41	117	26	61	93	29	94	18	97	17	19	109	20	108	22	96	23
MORIORI	12	F	169	168	100	130	133	109	114	103	96	68	52	37	40	113	23	59	93	26	97	18	97	22	21	103	21	104	22	95	25
MORIORI	12	F	179	177	100	129	139	109	120	108	99	64	49	33	38	111	27	57	88	24	91	16	93	18	23	108	25	107	23	103	28
MORIORI	12	F	173	172	96	125	132	106	117	102	98	68	53	35	40	116	25	59	89	32	94	17	94	17	21	104	21	98	20	99	28
MORIORI	12	F	176	174	105	135	135	109	126	110	101	66	53	33	42	120	26	64	98	25	98	16	100	20	25	109	23	100	20	101	27
MORIORI	12	F	184	183	108	135	137	113	121	108	104	71	55	37	42	116	26	66	95	30	98	20	99	21	24	110	19	110	23	99	24
MORIORI	12	F	171	171	99	130	136	112	120	104	100	69	54	37	38	112	23	59	94	28	92	14	91	17	22	107	21	105	21	97	23
MORIORI	12	F	173	172	103	139	143	117	133	106	97	72	55	36	40	119	24	64	91	24	94	16	97	21	22	116	23	100	19	99	24
MORIORI	12	F	178	175	102	132	146	119	130	102	98	72	54	37	42	120	26	70	97	23	100	13	102	21	25	114	28	107	25	92	27
MORIORI	12	F	172	171	101	131	138	107	124	105	101	69	51	35	41	122	26	62	90	22	99	15	99	20	21	105	20	106	25	97	22
MORIORI	12	F	177	176	101	131	133	109	126	99	93	71	58	35	40	115	26	62	92	28	95	21	96	21	20	115	24	102	23	92	24
MORIORI	12	F	178	176	100	133	133	111	125	102	95	66	52	36	39	112	26	61	93	28	93	15	96	21	24	99	20	108	24	94	25
MORIORI	12	F	182	178	100	133	146	116	121	109	96	62	52	37	39	116	23	61	84	22	95	14	96	20	20	112	28	109	20	101	29
MORIORI	12	F	178	177	105	131	138	108	120	107	101	68	51	34	40	114	25	65	95	26	94	17	95	20	24	106	22	110	20	99	27
MORIORI	12	F	181	180	101	128	139	106	123	101	96	75	55	37	41	118	27	63	101	30	101	19	101	22	29	109	21	99	23	97	30
MORIORI	12	F	178	176	100	137	135	110	125	104	100	71	51	36	40	116	27	64	100	28	94	14	97	21	25	106	23	115	24	98	24
MORIORI	12	F	176	176	100	124	137	107	118	102	95	66	53	38	41	111	24	57	89	22	92	13	93	19	21	107	24	102	20	97	26
MORIORI	12	F	177	175	101	134	138	104	126	104	98	72	54	37	40	117	27	64	100	27	97	16	97	19	24	103	21	105	21	102	28
MORIORI	12	F	177	176	100	128	139	110	123	109	100	66	51	33	38	116	25	61	93	24	91	17	93	19	23	106	23	104	22	97	31
MORIORI	12	F	171	170	98	123	131	104	118	100	92	65	54	37	42	114	26	63	89	21	97	18	97	20	20	101	20	104	25	90	23
MORIORI	12	F	176	175	100	133	136	112	116	105	98	62	49	36	40	114	27	59	85	25	95	14	97	20	21	110	22	107	22	98	24
MORIORI	12	F	186	185	102	132	136	112	125	106	102	72	54	36	42	117	24	64	94	29	97	19	98	20	24	114	22	111	22	101	27
MORIORI	12	F	178	177	97	125	129	108	118	105	96	62	47	33	40	113	26	62	93	26	94	18	93	19	23	107	25	102	24	99	29
MORIORI	12	F	180	178	99	132	139	112	126	108	97	72	55	36	42	117	26	68	96	24	93	13	97	18	24	106	21	108	24	103	27
MORIORI	12	F	186	180	99	137	135	112	121	104	97	63	49	33	38	115	30	66	87	22	95	15	95	24	20	110	28	113	22	104	34
MORIORI	12	M	193	191	116	134	140	110	132	109	107	78	62	40	43	124	27	65	99	31	102	25	102	22	24	118	24	106	24	102	24
MORIORI	12	F	175	174	106	135	133	108	120	102	97	75	54	36	40	112	22	58	92	22	91	15	94	20	25	108	19	95	19	106	32
MORIORI	12	F	171	168	94	122	127	101	117	99	95	63	47	37	38	110	24	60	88	28	95	15	96	20	20	103	22	106	24	96	23
MORIORI	12	F	177	175	102	130	133	110	115	104	100	64	52	35	41	114	23	64	90	24	99	16	98	20	21	104	19	109	27	96	24
MORIORI	12	F	184	183	104	139	150	116	123	98	101	69	55	36	38	118	31	64	98	29	98	19	98	25	24	111	25	115	26	102	24
MORIORI	12	F	168	167	98	129	138	112	121	103	98	71	54	35	41	122	23	61	94	24	97	14	97	17	25	107	23	101	23	94	19
MORIORI	12	F	171	171	101	128	134	112	122	103	102	71	51	35	40	118	27	63	98	22	97	15	97	21	25	109	22	101	23	96	23
MORIORI	12	F	173	172	104	131	139	110	124	105	99	70	52	37	41	118	27	63	97	25	99	16	102	23	24	108	20	100	23	99	23
MORIORI	12	F	188	185	106	140	150	118	132	110	104	66	55	37	42	122	29	67	88	27	97	16	99	20	22	116	28	105	20	107	31
MORIORI	12	F	177	175	99	129	139	112	127	107	93	69	53	36	40	117	24	65	94	27	98	17	98	20	26	107	21	108	28	95	25
MORIORI	12	F	183	180	93	133	139	108	115	112	98	66	51	36	40	110	23	62	90	29	97	20	97	19	24	106	21	115	23	101	23
MORIORI	12	F	180	177	103	134	137	107	122	94	98	64	51	36	40	116	24	64	93	27	94	19	96	19	21	104	21	113	26	96	25
MORIORI	12	F	179	178	100	134	136	107	122	100	97	73	55	39	42	120	26	62	95	26	99	16	99	19	22	110	22	107	24	100	28
MORIORI	12	F	182	181	107	129	136	107	121	108	102	73	54	34	40	118	24	61	90	26	93	16	96	20	26	108	22	103	23	98	27
MORIORI	12	F	187	186	107	133	140	114	126	112	103	72	54	37	40	113	25	62	88	29	98	19	97	21	27	111	23	110	22	100	26
MORIORI	12	F	175	172	99	131	130	100	116	102	94	66	50	36	39	109	23	56	88	24	93	15	93	18	23	104	23	103	22	100	24
MORIORI	12	F	178	176	101	130	144	116	127	110	97	74	56	35	41	119	24	64	93	24	98	16	102	23	25	107	21	109	23	101	26
MORIORI	12	F	176	175	101	129	141	108	121	102	97	63	51	35	40	114	25	58	93	29	95	19	95	19	22	103	24	106	20	97	27
S MAORI	29	M	196	189	107	150	143	119	130	110	102	71	52	34	42	131	28	67	98	25	101	17	102	22	26	126	29	120	24	103	29
S MAORI	29	M	188	185	109	146	145	119	131	110	106	77	54	35	44	121	23	68	100	29	102	22	100	17	29	122	24	103	18	108	35
S MAORI	29	M	191	184	100	145	146	118	135	113	96	70	52	36	41	128	26	70	98	26	102	16	102	24	25	106	24	120	23	108	32
S MAORI	29	M	190	184	105	148	147	115	141	119	97	72	55	35	42	127	28	72	106	26	99	14	101	21	27	126	31	110	20	108	29
S MAORI	29	M	178	175	104	133	135	108	120	104	98	64	51	33	39	115	24	60	94	26	94	18	94	19	21	112	24	104	22	96	25
S MAORI	29	M	189	187	112	137	142	114	135	121	109	72	58	38	41	128	26	69	101	30	101	18	100	19	27	115	26	106	22	104	27
S MAORI	29	M	190	185	106	140	144	116	125	109	95	70	55	39	43	124	28	63	104	23	101	17	102	19	23	117	24	111	23	106	31
S MAORI	29	M	186	182	104	133	143	111	129	110	100	72	59	36	42	124	25	63	100	28	99	16	100	19	26	113	24	107	22	104	27
S MAORI	29	M	181	179	103	129	141	114	129	103	107	68	53	38	40	125	26	62	95	27	95	13	99	20	22	113	25	102	20	93	30
N MAORI	30	M	189	184	108	146	139	114	126	110	100	67	50	34	40	120	28	64	95	27	102	18	99	22	22	118	28	113	27	101	23
N MAORI	30	M	179	177	100	139	134	107	126	102	97	66	54	34	38	117	27	64	99	30	92	16	95	20	26	112	24	110	19	99	29
N MAORI	30	M	192	188	106	137	139	115	126	109	103	71	53	36	43	120	26	65	99	26	101	18	100	20	23	115	28	111	22	100	33
N MAORI	30	M	189	184	102	135	136	108	124	107	100	63	49	34	40	116	25	62	91	25	96	16	97	19	20	117	27	107	22	102	30
N MAORI	30	M	187	185	106	141	134	109	126	109	100	72	57	38	41	119	27	66	100	25	100	19	101	21	25	118	25	106	22	105	35
N MAORI	30	M	181	178	99	135	142	110	126	118	92	69	52	38	40	122	25	62	94	25	99	19	98	19	23	110	21	103	20	108	31
N MAORI	30	M	187	183	103	133	131	105	123	112	103	75	57	34	38	118	27	68	103	29	95	14	96	19	29	108	25	110	21	102	35
N MAORI	30	M	185	183	107	129	138	115	130	111	106	63	51	36	43	129	30	66	104	25	105	16	105	22	22	114	24	105	21	93	28
N MAORI	30	M	190	186	112	139	137	113	124	109	107	65	52	35	42	124	28	67	99	27	101	15	102	20	22	110	23	115	26	99	31
EASTER I	11	M	200	196	111	145	136	118	126	106	105	66	51	34	39	121	29	64	94	26	100	20	101	25	24	120	31	132	32	95	31
S MAORI	29	M	182	180	106	133	140	109	127	105	95	65	52	38	41	123	30	63	95	22	101	17	102	22	23	112	23	107	22	92	24
N MAORI	30	M	187	182	107	140	139	115	129	113	104	62	52	36	42	123	27	62	95	30	101	18	101	20	20	113	30	114	24	97	28
SANTA CR	14	M	179	178	100	124	138	113	125	110	100	78	54	37	42	119	26	68	99	22	103	17	101	21	24	104	21	99	16	102	32
SANTA CR	14	M	176	173	92	122	140	111	124	110	90	63	47	35	41	116	22	66	101	24	102	18	100	20	21	102	18	103	23	92	29
SANTA CR	14	M	171	169	98	128	130	110	122	114	99	68	50	36	39	119	26	72	102	25	98	17	97	23	24	104	20	102	21	93	32
SANTA CR	14	M	182	178	94	137	142	113	124	114	96	73	51	33	38	113	22	70	101	31	94	17	96	22	23	120	27	108	24	103	32
SANTA CR	14	M	176	173	96	127	134	111	121	109	104	68	48	35	39	111	23	60	93	27	96	16	97	22	21	108	25	106	21	94	31
SANTA CR	14	M	174	173	91	122	136	104	122	104	94	64	47	35	38	113	23	65	97	27	94	20	94	20	22	109	24	107	21	90	26
SANTA CR	14	M	183	179	105	129	131	109	127	110	101	68	52	37	42	124	27	68	106	24	101	19	102	23	25	104	21	103	20	93	34
SANTA CR	14	M	181	177	97	129	141	113	131	113	92	72	52	34	39	120	25	69	102	25	98	19	99	24	25	108	22	103	18	99	34
SANTA CR	14	M	182	180	96	129	146	116	127	113	93	74	55	38	40	119	25	69	104	24	98	18	98	22	29	115	27	90	13	103	37
SANTA CR	14	M	183	181	98	131	143	118	128	109	104	72	52	33	43	121	26	74	105	30	104	18	103	20	26	115	22	104	20	104	34
SANTA CR	14	M	177	173	98	130	135	115	126	109	93	70	55	39	42	116	24	66	96	27	98	15	100	19	22	109	24	97	17	93	32
SANTA CR	14	M	181	177	101	127	136	109	121	113	105	65	49	36	40	118	24	66	101	27	97	21	97	21	21	105	24	107	21	97	28
SANTA CR	14	M	177	174	97	133	150	122	134	117	96	64	49	33	37	117	26	66	100	20	92	11	92	22	27	110	24	108	21	98	29
SANTA CR	14	M	183	181	97	127	133	115	124	107	101	68	52	37	40	122	23	64	102	23	101	16	99	21	23	108	22	106	23	99	32
SANTA CR	14	M	186	181	99	129	140	120	127	107	95	67	51	36	40	118	26	62	94	24	103	16	102	26	23	111	28	98	21	100	37
SANTA CR	14	M	189	187	104	129	142	112	127	115	106	72	55	36	41	126	28	71	110	29	105	19	102	24	25	115	26	110	23	94	32
SANTA CR	14	M	181	180	96	122	137	106	123	111	103	67	49	32	39	119	23	74	100	26	97	17	98	23	24	105	19	104	17	98	33
SANTA CR	14	M	180	177	95	125	142	119	127	107	100	70	53	37	40	121	26	69	107	26	99	16	98	23	26	108	23	109	25	93	29
SANTA CR	14	M	183	181	92	117	136	107	118	113	102	66	46	34	39	115	27	66	97	22	98	17	98	21	23	104	21	99	19	107	41
SANTA CR	14	M	181	177	98	129	144	114	130	113	97	71	52	35	42	118	24	73	95	23	99	15	100	21	27	114	25	108	24	90	30
SANTA CR	14	M	182	179	98	123	132	109	118	108	99	65	50	36	40	115	26	64	98	24	98	19	99	23	24	111	22	103	20	92	28
SANTA CR	14	M	176	172	95	131	140	112	124	112	96	68	51	34	40	117	24	67	95	26	96	17	96	19	23	110	25	104	23	97	28
SANTA CR	14	M	176	175	94	127	132	107	118	103	99	60	48	36	40	107	24	65	95	27	97	18	95	20	17	106	23	103	21	103	33
SANTA CR	14	M	182	180	100	125	139	114	122	117	98	69	49	34	41	117	26	66	98	21	102	18	101	24	22	106	23	98	17	101	36
SANTA CR	14	M	180	175	94	131	144	118	125	108	100	61	49	34	38	116	26	65	96	26	98	17	98	23	21	119	26	103	23	94	28
SANTA CR	14	M	184	179	99	141	145	125	134	117	95	69	52	36	42	124	25	70	103	25	101	15	102	20	24	113	23	114	27	100	31
SANTA CR	14	M	175	173	94	123	133	109	119	107	98	64	45	33	39	112	24	63	92	26	97	14	96	21	19	105	25	91	16	105	36
SANTA CR	14	M	179	177	95	130	144	117	130	114	98	71	52	34	39	123	25	71	103	25	101	15	101	24	23	111	21	103	20	98	29
SANTA CR	14	M	182	178	96	134	151	119	132	116	100	71	50	36	44	124	28	70	103	26	104	18	106	22	21	117	25	111	24	99	30
SANTA CR	14	M	177	173	100	134	138	113	123	111	105	71	52	35	40	121	25	67	101	23	102	17	101	23	23	108	24	106	22	100	27
SANTA CR	14	M	175	172	97	123	137	112	122	105	106	65	48	30	39	118	27	74	98	29	101	18	101	26	23	108	27	103	20	92	29
SANTA CR	14	M	183	178	96	133	140	113	129	104	95	72	53	36	40	122	26	63	104	26	101	15	100	22	25	111	24	111	26	97	30
SANTA CR	14	M	180	177	97	128	142	114	128	111	99	63	47	33	39	119	25	62	99	22	99	16	98	22	22	108	23	112	25	93	30
SANTA CR	14	M	174	173	94	130	133	110	119	105	96	64	47	32	40	113	24	63	97	24	97	17	98	23	20	107	22	108	22	99	28
SANTA CR	14	M	192	188	99	127	139	109	127	114	105	73	51	35	42	119	23	64	99	27	102	20	101	22	27	112	21	110	21	98	34
SANTA CR	14	M	176	174	100	139	143	116	130	114	105	68	48	34	40	120	22	62	99	25	101	15	102	22	22	108	21	101	18	109	29
SANTA CR	14	M	178	176	101	138	145	121	137	116	96	72	51	36	41	126	22	71	105	23	104	17	104	22	26	116	24	111	24	93	26
SANTA CR	14	M	179	176	95	125	150	122	129	113	94	68	50	36	40	118	22	63	93	20	98	17	98	19	22	110	26	107	21	92	28
SANTA CR	14	M	181	180	100	135	138	112	128	115	98	73	54	36	40	115	23	64	99	26	97	16	97	20	24	113	19	105	23	103	30
SANTA CR	14	M	182	179	102	135	151	120	135	116	106	72	53	37	42	127	27	71	105	27	105	17	105	25	24	116	24	98	18	103	31
SANTA CR	14	M	178	177	98	129	138	112	126	116	96	72	52	34	42	119	24	70	101	26	100	20	100	20	25	109	21	106	18	103	29
SANTA CR	14	M	176	174	99	133	140	115	127	111	101	72	52	38	42	121	22	70	100	27	105	20	104	22	23	113	23	107	22	87	30
SANTA CR	14	M	191	187	102	130	138	117	130	115	103	66	50	37	41	121	26	69	103	24	102	17	100	23	24	118	26	114	22	95	29
SANTA CR	14	M	170	167	98	127	134	107	123	110	96	64	48	33	39	115	24	64	99	23	97	19	96	22	24	103	18	103	24	89	23
SANTA CR	14	M	181	178	99	125	139	111	124	113	102	69	49	32	41	119	26	65	97	26	100	20	100	24	24	114	26	106	21	94	28
SANTA CR	14	M	176	174	94	127	140	113	122	115	97	74	55	36	38	116	24	68	101	26	96	16	96	21	25	110	24	107	21	95	30
SANTA CR	14	M	185	182	95	133	143	123	131	115	93	73	53	36	41	126	25	69	96	20	103	13	104	23	24	110	22	122	29	98	28
SANTA CR	14	M	175	174	92	128	143	113	126	115	95	68	49	38	40	120	24	67	104	23	101	15	99	21	22	104	20	102	21	106	35
SANTA CR	14	M	185	181	102	133	144	114	130	117	109	72	54	35	40	123	28	74	111	26	101	14	101	24	29	108	22	110	23	100	29
SANTA CR	14	M	179	177	99	131	143	120	129	111	101	77	54	38	41	120	26	70	98	23	100	15	98	21	24	109	21	101	20	102	30
SANTA CR	14	M	177	175	95	126	141	111	132	115	91	69	51	36	41	123	26	70	108	24	100	18	101	21	24	108	22	105	23	96	31
SANTA CR	14	F	170	168	91	120	137	107	117	107	95	63	47	32	36	106	23	60	89	25	90	14	91	20	20	103	23	100	20	92	32
SANTA CR	14	F	176	175	105	134	139	107	123	110	99	68	51	35	42	114	22	61	95	23	98	20	99	22	22	106	21	101	19	101	30
SANTA CR	14	F	160	159	89	122	132	104	115	103	94	63	44	33	40	111	22	67	93	26	95	14	95	19	22	103	23	95	20	87	25
SANTA CR	14	F	169	167	91	123	132	105	118	109	92	66	46	33	39	109	21	60	90	23	94	17	94	19	24	101	22	101	24	98	28
SANTA CR	14	F	167	165	94	125	132	109	119	108	94	70	48	36	39	110	24	64	95	22	96	15	97	22	23	103	21	100	23	93	28
SANTA CR	14	F	178	177	93	129	142	109	124	112	91	65	47	35	38	113	24	63	96	23	96	17	96	24	21	109	24	108	20	97	32
SANTA CR	14	F	177	173	90	124	135	113	120	106	91	59	41	31	37	111	25	59	93	21	93	15	95	23	23	107	28	100	20	96	34
SANTA CR	14	F	171	171	90	122	141	110	122	109	92	68	49	36	40	113	22	64	91	24	100	14	100	21	22	102	22	95	16	104	32
SANTA CR	14	F	170	169	90	121	130	111	114	103	92	64	45	34	37	109	23	65	89	19	94	12	94	22	21	99	26	96	19	92	32
SANTA CR	14	F	163	159	84	116	130	108	112	95	91	57	43	34	38	105	22	59	90	22	93	13	95	21	17	96	24	105	28	85	26
SANTA CR	14	F	168	165	87	117	124	99	112	103	93	63	46	34	38	104	22	59	83	24	89	13	89	18	17	97	20	89	16	100	35
SANTA CR	14	F	174	173	97	121	135	106	121	110	97	61	46	35	38	108	22	63	90	21	95	17	94	20	21	104	22	100	21	98	27
SANTA CR	14	F	180	179	94	120	139	105	121	108	99	64	45	35	38	111	24	61	93	25	92	15	94	20	21	105	24	100	18	96	37
SANTA CR	14	F	184	180	96	126	132	104	120	106	96	69	50	34	36	107	22	66	91	21	88	13	90	20	23	109	24	106	22	98	34
SANTA CR	14	F	180	177	92	128	144	114	118	107	93	66	48	36	39	110	22	64	89	23	93	16	92	19	19	113	26	116	25	98	31
SANTA CR	14	F	168	168	88	121	132	107	112	104	93	60	44	32	36	106	24	58	85	27	90	16	89	20	20	105	21	103	22	101	32
SANTA CR	14	F	181	181	96	129	136	109	115	110	99	67	48	35	37	107	25	63	94	26	93	15	92	21	21	105	25	109	18	104	34
SANTA CR	14	F	172	170	96	123	133	112	126	107	97	66	48	33	39	115	23	63	98	25	97	19	95	21	22	104	23	100	20	91	30
SANTA CR	14	F	175	175	97	125	132	111	119	106	95	65	47	33	39	110	23	61	89	23	94	20	96	21	20	109	27	100	22	90	30
SANTA CR	14	F	175	174	97	124	134	109	122	101	97	66	48	35	40	113	22	60	92	27	95	18	96	19	20	105	23	90	18	99	36
SANTA CR	14	F	172	171	90	123	136	110	119	106	97	69	47	33	38	111	24	67	95	24	93	16	94	22	23	106	26	102	21	98	34
SANTA CR	14	F	166	165	90	123	129	105	116	104	93	62	42	34	37	110	24	65	95	24	95	15	94	22	20	103	21	104	24	86	28
SANTA CR	14	F	174	174	95	126	138	110	121	106	98	70	48	36	42	118	24	61	101	23	100	18	101	20	19	105	21	103	20	97	30
SANTA CR	14	F	171	171	94	125	140	109	125	110	97	67	48	35	38	112	21	61	94	24	95	15	95	20	24	106	23	102	21	96	27
SANTA CR	14	F	176	174	93	125	137	115	120	109	99	62	45	34	37	114	26	64	95	22	96	15	96	24	21	107	26	110	24	90	29
SANTA CR	14	F	173	173	95	123	139	110	125	106	99	65	48	37	39	112	24	65	96	23	95	16	97	20	20	108	22	96	17	96	30
SANTA CR	14	F	173	173	93	118	141	111	121	109	89	63	49	35	39	107	24	58	85	21	94	17	93	19	19	101	20	98	20	97	31
SANTA CR	14	F	167	164	89	124	139	111	121	108	87	63	46	36	37	110	22	62	93	21	93	12	94	21	22	104	25	101	21	98	28
SANTA CR	14	F	172	171	95	125	130	107	117	103	95	66	48	35	40	111	24	65	95	21	95	17	97	20	21	104	23	98	19	95	28
SANTA CR	14	F	166	165	94	127	132	109	120	108	96	65	48	34	39	111	24	64	98	27	96	17	95	21	22	102	22	106	26	90	25
SANTA CR	14	F	178	175	93	125	135	109	120	111	103	62	44	35	37	112	25	65	92	25	95	17	94	21	20	109	26	105	22	88	32
SANTA CR	14	F	178	176	90	122	138	108	114	107	86	58	43	30	36	104	22	58	92	22	89	17	89	22	20	106	24	99	16	103	37
SANTA CR	14	F	168	168	92	124	133	115	118	107	97	66	50	34	37	112	23	60	93	23	92	17	94	21	22	108	25	101	23	91	27
SANTA CR	14	F	173	171	97	130	131	112	120	104	96	61	46	33	37	109	20	58	90	25	92	17	93	21	20	108	24	105	23	94	28
SANTA CR	14	F	173	172	95	124	138	115	124	113	97	64	47	36	41	115	24	68	93	22	95	18	97	21	23	105	19	100	20	97	30
SANTA CR	14	F	174	173	91	124	146	113	128	112	95	66	47	35	37	115	24	59	92	22	94	15	96	22	22	108	26	105	22	92	32
SANTA CR	14	F	169	169	95	125	133	106	119	109	96	69	48	33	39	106	24	60	90	27	92	18	93	19	22	104	20	100	24	95	28
SANTA CR	14	F	165	164	91	126	133	109	117	102	93	67	48	33	38	110	25	65	91	24	93	17	93	20	23	104	20	101	24	88	27
SANTA CR	14	F	177	175	95	122	135	115	122	108	97	69	49	34	38	113	25	64	97	27	96	16	95	20	24	105	21	106	26	94	29
SANTA CR	14	F	173	170	96	126	131	103	121	108	101	64	48	37	39	115	24	64	97	25	96	15	96	19	22	99	19	102	21	97	33
SANTA CR	14	F	171	170	92	123	131	102	117	96	95	61	47	32	39	111	25	61	89	23	94	18	95	21	20	105	23	105	21	93	27
SANTA CR	14	F	178	178	92	124	139	108	127	109	93	65	48	35	38	118	28	68	96	24	97	16	98	23	23	109	22	102	18	104	32
SANTA CR	14	F	172	171	95	129	135	109	122	110	99	64	46	36	40	115	28	63	94	21	100	19	100	22	22	109	24	106	24	96	25
SANTA CR	14	F	171	168	93	122	131	104	118	104	100	67	48	37	39	114	24	66	95	25	97	16	97	22	20	101	20	100	19	99	34
SANTA CR	14	F	171	170	93	124	133	107	119	101	96	59	44	33	38	109	24	63	94	26	93	16	93	20	20	101	25	106	24	96	32
SANTA CR	14	F	176	175	89	122	136	107	117	105	91	65	47	31	39	109	25	62	93	24	96	19	96	20	19	106	22	106	21	100	34
SANTA CR	14	F	164	162	90	121	135	113	119	107	90	62	46	35	35	109	23	59	87	20	93	14	94	25	19	98	23	101	22	87	27
SANTA CR	14	F	168	166	90	127	135	104	114	104	96	66	45	33	37	107	25	65	94	27	91	15	92	20	22	105	22	105	23	94	30
SANTA CR	14	F	179	179	97	125	134	112	122	111	100	70	47	36	39	111	24	68	97	28	94	18	94	20	22	111	24	105	24	99	32
SANTA CR	14	F	165	163	89	119	135	106	116	107	95	67	47	35	38	111	26	64	95	20	94	16	94	20	22	103	22	91	18	99	31
SANTA CR	14	F	170	168	92	128	137	112	117	101	98	63	47	35	39	108	23	62	92	26	94	17	93	20	22	113	27	107	26	88	25
ANDAMAN	24	M	174	172	102	134	136	109	113	94	94	60	50	33	37	112	28	63	96	29	93	17	93	24	19	113	29	103	23	95	26
ANDAMAN	24	M	180	177	99	132	135	109	117	103	92	58	48	33	39	115	29	66	94	25	96	19	98	24	21	108	25	112	24	92	29
ANDAMAN	24	M	167	166	90	137	143	116	113	99	86	50	40	33	37	109	27	60	92	24	90	15	92	21	18	113	27	108	24	99	25
ANDAMAN	24	M	167	165	92	127	134	107	108	99	95	60	44	32	38	112	23	63	90	25	94	18	94	22	18	105	24	100	20	93	26
ANDAMAN	24	M	170	169	99	138	134	110	114	100	96	65	51	35	37	114	24	61	94	27	91	14	94	22	21	107	24	104	22	100	24
ANDAMAN	24	M	173	172	95	135	136	112	116	100	99	62	46	32	38	110	23	59	91	28	94	17	94	22	20	113	25	112	26	92	25
ANDAMAN	24	M	168	167	95	125	135	110	108	94	97	68	51	32	36	112	24	62	94	28	92	19	93	23	21	105	26	107	24	92	23
ANDAMAN	24	M	170	169	96	133	135	113	109	104	96	58	48	31	36	112	24	61	90	26	92	15	92	22	22	105	23	110	24	91	24
ANDAMAN	24	M	163	164	96	126	131	104	113	102	95	62	51	35	38	112	27	65	96	25	92	16	95	24	21	108	24	95	20	93	20
ANDAMAN	24	F	159	159	88	123	129	100	110	95	89	60	46	33	35	105	25	60	91	25	87	14	88	21	18	101	22	99	23	89	20
ANDAMAN	24	F	163	161	89	123	135	110	105	93	100	58	42	32	36	106	26	61	90	22	90	12	90	20	18	100	28	112	27	89	24
ANDAMAN	24	F	159	158	89	125	128	101	106	91	92	58	45	32	38	106	24	55	87	25	89	16	91	20	16	104	24	101	23	89	20
ANDAMAN	24	F	156	156	87	123	124	101	102	92	90	54	43	31	36	105	24	57	89	26	84	14	89	20	16	104	23	101	25	88	19
ANDAMAN	24	F	160	160	89	121	129	106	112	99	95	55	42	32	35	105	24	60	88	23	88	14	90	21	20	105	27	101	24	90	20
ANDAMAN	24	F	172	170	92	118	137	110	106	95	93	60	46	33	37	105	26	57	86	20	88	13	91	19	17	103	26	104	21	89	30
ANDAMAN	24	F	153	153	88	116	130	105	103	95	92	53	41	29	35	104	21	56	89	22	86	14	87	18	19	97	22	98	22	85	18